date,pacitan,nawangan,kebonagung,bandar,tegalombo,tulakan,p_das,pe,q_runoff,q_baseflow,q_total
2014-01-01,20.0,37.0,38.0,2.0,16.0,20.0,22.1839,0.505319,0.747802,1.02111226,1.768914
2014-01-02,18.0,5.0,49.0,0.0,4.0,10.0,13.7081,0.0,0.0,1.02111226,1.021112
2014-01-03,3.0,2.0,6.0,2.0,3.0,3.0,3.1765,0.0,0.0,1.02111226,1.021112
2014-01-04,0.0,0.0,0.0,18.0,6.0,1.0,4.202,0.0,0.0,1.02111226,1.021112
2014-01-05,5.0,16.0,14.0,4.0,25.0,4.0,11.8871,0.0,0.0,1.02111226,1.021112
2014-01-06,5.0,57.0,9.0,2.0,2.0,57.0,24.2975,0.862945,1.277039,1.02111226,2.298151
2014-01-07,27.0,23.0,23.0,5.0,27.0,53.0,27.8286,1.643615,2.432322,1.02111226,3.453434
2014-01-08,2.0,6.0,3.0,16.0,28.0,4.0,10.5753,0.0,0.0,1.02111226,1.021112
2014-01-09,3.0,26.0,8.0,7.0,1.0,14.0,10.1944,0.0,0.0,1.02111226,1.021112
2014-01-10,7.0,27.0,17.0,11.0,0.0,0.0,9.682,0.0,0.0,1.02111226,1.021112
2014-01-11,0.0,6.0,0.0,14.0,0.0,0.0,3.1649,0.0,0.0,1.02111226,1.021112
2014-01-12,4.0,5.0,3.0,3.0,9.0,3.0,4.6186,0.0,0.0,1.02111226,1.021112
2014-01-13,14.0,32.0,17.0,5.0,13.0,63.0,26.3591,1.292174,1.912238,1.02111226,2.93335
2014-01-14,44.0,0.0,58.0,0.0,53.0,58.0,37.0159,4.588775,6.79075,1.02111226,7.811862
2014-01-15,46.0,32.0,56.0,40.0,49.0,41.0,43.9414,7.520751,11.129668,1.02111226,12.15078
2014-01-16,40.0,37.0,104.0,61.0,36.0,54.0,55.5759,13.500411,19.978734,1.02111226,20.999846
2014-01-17,0.0,0.0,0.0,3.0,0.0,0.0,0.4667,0.0,0.0,1.02111226,1.021112
2014-01-18,2.0,0.0,1.0,0.0,0.0,0.0,0.37,0.0,0.0,1.02111226,1.021112
2014-01-19,3.0,18.0,8.0,0.0,12.0,0.0,6.9664,0.0,0.0,1.02111226,1.021112
2014-01-20,19.0,24.0,30.0,6.0,27.0,44.0,26.561,1.338283,1.980473,1.02111226,3.001585
2014-01-21,20.0,10.0,20.0,0.0,20.0,30.0,17.3865,0.038156,0.056465,1.02111226,1.077577
2014-01-22,5.0,3.0,24.0,6.0,0.0,5.0,6.9822,0.0,0.0,1.02111226,1.021112
2014-01-23,31.0,11.0,48.0,0.0,0.0,58.0,25.3524,1.073026,1.58793,1.02111226,2.609042
2014-01-24,2.0,5.0,5.0,9.0,1.0,2.0,3.8812,0.0,0.0,1.02111226,1.021112
2014-01-25,18.0,14.0,15.0,12.0,13.0,9.0,12.994,0.0,0.0,1.02111226,1.021112
2014-01-26,25.0,29.0,24.0,7.0,66.0,26.0,31.02,2.527748,3.740715,1.02111226,4.761828
2014-01-27,3.0,0.0,14.0,0.0,1.0,2.0,3.2506,0.0,0.0,1.02111226,1.021112
2014-01-28,0.0,0.0,0.0,0.0,0.0,0.0,0.0,0.0,0.0,1.02111226,1.021112
2014-01-29,1.0,12.0,0.0,8.0,16.0,2.0,6.9155,0.0,0.0,1.02111226,1.021112
2014-01-30,0.0,0.0,1.0,13.0,0.0,5.0,3.2594,0.0,0.0,1.02111226,1.021112
2014-01-31,0.0,4.0,1.0,5.0,1.0,2.0,2.2278,0.0,0.0,1.02111226,1.021112
2014-02-01,17.0,9.0,10.0,2.0,5.0,10.0,8.3171,0.0,0.0,1.02111226,1.021112
2014-02-02,3.0,5.0,9.0,0.0,1.0,6.0,4.1025,0.0,0.0,1.02111226,1.021112
2014-02-03,0.0,4.0,7.0,0.0,12.0,1.0,4.4057,0.0,0.0,1.02111226,1.021112
2014-02-04,12.0,5.0,14.0,7.0,0.0,3.0,6.0985,0.0,0.0,1.02111226,1.021112
2014-02-05,0.0,1.0,0.0,3.0,0.0,1.0,0.8455,0.0,0.0,1.02111226,1.021112
2014-02-06,4.0,0.0,3.0,0.0,8.0,33.0,9.56,0.0,0.0,1.02111226,1.021112
2014-02-07,14.0,0.0,7.0,13.0,2.0,26.0,10.5796,0.0,0.0,1.02111226,1.021112
2014-02-08,2.0,11.0,9.0,5.0,6.0,2.0,5.8974,0.0,0.0,1.02111226,1.021112
2014-02-09,3.0,16.0,3.0,0.0,8.0,11.0,7.3753,0.0,0.0,1.02111226,1.021112
2014-02-10,0.0,0.0,0.0,0.0,0.0,0.0,0.0,0.0,0.0,1.02111226,1.021112
2014-02-11,0.0,0.0,0.0,0.0,0.0,0.0,0.0,0.0,0.0,1.02111226,1.021112
2014-02-12,6.0,0.0,5.0,0.0,0.0,0.0,1.4411,0.0,0.0,1.02111226,1.021112
2014-02-13,0.0,0.0,0.0,0.0,0.0,6.0,1.2857,0.0,0.0,1.02111226,1.021112
2014-02-14,0.0,16.0,0.0,0.0,0.0,0.0,2.6317,0.0,0.0,1.02111226,1.021112
2014-02-15,0.0,0.0,2.0,18.0,10.0,6.0,6.396,0.0,0.0,1.02111226,1.021112
2014-02-16,4.0,0.0,0.0,0.0,0.0,0.0,0.4089,0.0,0.0,1.02111226,1.021112
2014-02-17,1.0,14.0,4.0,11.0,15.0,3.0,8.3897,0.0,0.0,1.02111226,1.021112
2014-02-18,0.0,0.0,0.0,0.0,0.0,1.0,0.2143,0.0,0.0,1.02111226,1.021112
2014-02-19,11.0,5.0,15.0,0.0,2.0,1.0,5.04,0.0,0.0,1.02111226,1.021112
2014-02-20,2.0,8.0,4.0,12.0,0.0,4.0,4.9065,0.0,0.0,1.02111226,1.021112
2014-02-21,0.0,0.0,0.0,0.0,3.0,0.0,0.5937,0.0,0.0,1.02111226,1.021112
2014-02-22,10.0,9.0,19.0,4.0,2.0,19.0,10.7372,0.0,0.0,1.02111226,1.021112
2014-02-23,10.0,18.0,10.0,0.0,2.0,12.0,8.6055,0.0,0.0,1.02111226,1.021112
2014-02-24,0.0,0.0,11.0,0.0,3.0,26.0,7.9859,0.0,0.0,1.02111226,1.021112
2014-02-25,5.0,45.0,4.0,0.0,28.0,22.0,18.8303,0.125055,0.185064,1.02111226,1.206176
2014-02-26,1.0,32.0,0.0,18.0,32.0,22.0,19.2129,0.15611,0.231022,1.02111226,1.252134
2014-02-27,0.0,40.0,2.0,5.0,8.0,2.0,9.7,0.0,0.0,1.02111226,1.021112
2014-02-28,1.0,0.0,0.0,14.0,7.0,0.0,3.6655,0.0,0.0,1.02111226,1.021112
2014-03-01,0.0,0.0,0.0,0.0,2.0,0.0,0.3958,0.0,0.0,1.02111226,1.021112
2014-03-02,0.0,0.0,0.0,3.0,1.0,0.0,0.6646,0.0,0.0,1.02111226,1.021112
2014-03-03,0.0,2.0,0.0,0.0,0.0,0.0,0.329,0.0,0.0,1.02111226,1.021112
2014-03-04,0.0,10.0,0.0,2.0,13.0,33.0,11.5999,0.0,0.0,1.02111226,1.021112
2014-03-05,0.0,40.0,0.0,0.0,3.0,0.0,7.173,0.0,0.0,1.02111226,1.021112
2014-03-06,0.0,0.0,0.0,2.0,0.0,0.0,0.3111,0.0,0.0,1.02111226,1.021112
2014-03-07,0.0,0.0,0.0,0.0,0.0,0.0,0.0,0.0,0.0,1.02111226,1.021112
2014-03-08,0.0,0.0,0.0,0.0,0.0,0.0,0.0,0.0,0.0,1.02111226,1.021112
2014-03-09,0.0,2.0,0.0,0.0,0.0,0.0,0.329,0.0,0.0,1.02111226,1.021112
2014-03-10,0.0,0.0,0.0,0.0,0.0,0.0,0.0,0.0,0.0,1.02111226,1.021112
2014-03-11,0.0,0.0,0.0,0.0,0.0,0.0,0.0,0.0,0.0,1.02111226,1.021112
2014-03-12,0.0,0.0,0.0,0.0,0.0,0.0,0.0,0.0,0.0,1.02111226,1.021112
2014-03-13,33.0,6.0,19.0,4.0,11.0,8.0,12.0191,0.0,0.0,1.02111226,1.021112
2014-03-14,3.0,28.0,4.0,3.0,4.0,17.0,10.4755,0.0,0.0,1.02111226,1.021112
2014-03-15,0.0,15.0,1.0,6.0,0.0,2.0,3.9948,0.0,0.0,1.02111226,1.021112
2014-03-16,0.0,13.0,0.0,9.0,11.0,0.0,5.7153,0.0,0.0,1.02111226,1.021112
2014-03-17,0.0,7.0,12.0,22.0,40.0,9.0,16.4047,0.007406,0.01096,1.02111226,1.032072
2014-03-18,0.0,11.0,0.0,5.0,4.0,0.0,3.3788,0.0,0.0,1.02111226,1.021112
2014-03-19,2.0,28.0,14.0,7.0,1.0,13.0,11.2,0.0,0.0,1.02111226,1.021112
2014-03-20,10.0,6.0,14.0,0.0,0.0,7.0,5.8267,0.0,0.0,1.02111226,1.021112
2014-03-21,10.0,0.0,18.0,0.0,0.0,13.0,6.7876,0.0,0.0,1.02111226,1.021112
2014-03-22,0.0,0.0,0.0,8.0,0.0,6.0,2.5303,0.0,0.0,1.02111226,1.021112
2014-03-23,0.0,0.0,0.0,0.0,0.0,0.0,0.0,0.0,0.0,1.02111226,1.021112
2014-03-24,0.0,0.0,0.0,0.0,0.0,0.0,0.0,0.0,0.0,1.02111226,1.021112
2014-03-25,23.0,2.0,4.0,0.0,3.0,9.0,5.8647,0.0,0.0,1.02111226,1.021112
2014-03-26,0.0,0.0,0.0,4.0,0.0,1.0,0.8366,0.0,0.0,1.02111226,1.021112
2014-03-27,5.0,13.0,0.0,0.0,0.0,0.0,2.6495,0.0,0.0,1.02111226,1.021112
2014-03-28,1.0,1.0,0.0,0.0,14.0,0.0,3.0372,0.0,0.0,1.02111226,1.021112
2014-03-29,0.0,2.0,0.0,3.0,3.0,24.0,6.5321,0.0,0.0,1.02111226,1.021112
2014-03-30,0.0,0.0,0.0,0.0,0.0,0.0,0.0,0.0,0.0,1.02111226,1.021112
2014-03-31,0.0,4.0,32.0,0.0,4.0,0.0,6.7465,0.0,0.0,1.02111226,1.021112
2014-04-01,0.0,0.0,7.0,0.0,0.0,0.0,1.1587,0.0,0.0,1.02111226,1.021112
2014-04-02,0.0,13.0,1.0,0.0,75.0,6.0,18.4316,0.096223,0.142396,1.02111226,1.163508
2014-04-03,0.0,0.0,0.0,17.0,16.0,0.0,5.8111,0.0,0.0,1.02111226,1.021112
2014-04-04,0.0,0.0,0.0,5.0,0.0,1.0,0.9922,0.0,0.0,1.02111226,1.021112
2014-04-05,0.0,0.0,0.0,0.0,0.0,0.0,0.0,0.0,0.0,1.02111226,1.021112
2014-04-06,0.0,0.0,0.0,3.0,38.0,0.0,7.9867,0.0,0.0,1.02111226,1.021112
2014-04-07,0.0,3.0,0.0,6.0,43.0,1.0,10.1506,0.0,0.0,1.02111226,1.021112
2014-04-08,4.0,0.0,2.0,6.0,0.0,5.0,2.7449,0.0,0.0,1.02111226,1.021112
2014-04-09,13.0,0.0,4.0,0.0,2.0,1.0,2.6013,0.0,0.0,1.02111226,1.021112
2014-04-10,1.0,0.0,0.0,0.0,11.0,0.0,2.2791,0.0,0.0,1.02111226,1.021112
2014-04-11,9.0,0.0,10.0,12.0,11.0,4.0,7.4763,0.0,0.0,1.02111226,1.021112
2014-04-12,10.0,0.0,4.0,0.0,0.0,0.0,1.6845,0.0,0.0,1.02111226,1.021112
2014-04-13,5.0,10.0,24.0,4.0,6.0,26.0,13.5097,0.0,0.0,1.02111226,1.021112
2014-04-14,0.0,0.0,0.0,2.0,0.0,0.0,0.3111,0.0,0.0,1.02111226,1.021112
2014-04-15,19.0,5.0,17.0,0.0,0.0,0.0,5.5789,0.0,0.0,1.02111226,1.021112
2014-04-16,4.0,0.0,2.0,0.0,0.0,17.0,4.3828,0.0,0.0,1.02111226,1.021112
2014-04-17,0.0,0.0,1.0,7.0,14.0,2.0,4.4536,0.0,0.0,1.02111226,1.021112
2014-04-18,0.0,0.0,0.0,0.0,0.0,0.0,0.0,0.0,0.0,1.02111226,1.021112
2014-04-19,0.0,0.0,0.0,0.0,0.0,0.0,0.0,0.0,0.0,1.02111226,1.021112
2014-04-20,0.0,9.0,20.0,0.0,2.0,1.0,5.401,0.0,0.0,1.02111226,1.021112
2014-04-21,0.0,11.0,1.0,0.0,0.0,10.0,4.1177,0.0,0.0,1.02111226,1.021112
2014-04-22,36.0,8.0,47.0,0.0,3.0,8.0,15.0842,0.0,0.0,1.02111226,1.021112
2014-04-23,2.0,38.0,2.0,16.0,12.0,0.0,11.6498,0.0,0.0,1.02111226,1.021112
2014-04-24,0.0,0.0,0.0,0.0,0.0,0.0,0.0,0.0,0.0,1.02111226,1.021112
2014-04-25,0.0,0.0,0.0,0.0,0.0,0.0,0.0,0.0,0.0,1.02111226,1.021112
2014-04-26,0.0,0.0,2.0,0.0,0.0,0.0,0.3311,0.0,0.0,1.02111226,1.021112
2014-04-27,0.0,0.0,0.0,11.0,0.0,0.0,1.7113,0.0,0.0,1.02111226,1.021112
2014-04-28,16.0,35.0,27.0,0.0,10.0,11.0,16.1981,0.003955,0.005853,1.02111226,1.026965
2014-04-29,2.0,0.0,2.0,0.0,0.0,0.0,0.5355,0.0,0.0,1.02111226,1.021112
2014-04-30,0.0,0.0,0.0,0.0,0.0,0.0,0.0,0.0,0.0,1.02111226,1.021112
2014-05-01,0.0,0.0,0.0,0.0,0.0,2.0,0.4286,0.0,0.0,1.02111226,1.021112
2014-05-02,0.0,0.0,0.0,0.0,0.0,0.0,0.0,0.0,0.0,1.02111226,1.021112
2014-05-03,0.0,0.0,14.0,0.0,0.0,0.0,2.3174,0.0,0.0,1.02111226,1.021112
2014-05-04,0.0,0.0,0.0,0.0,0.0,0.0,0.0,0.0,0.0,1.02111226,1.021112
2014-05-05,0.0,0.0,0.0,0.0,0.0,0.0,0.0,0.0,0.0,1.02111226,1.021112
2014-05-06,0.0,0.0,0.0,0.0,3.0,27.0,6.3793,0.0,0.0,1.02111226,1.021112
2014-05-07,0.0,0.0,0.0,0.0,0.0,0.0,0.0,0.0,0.0,1.02111226,1.021112
2014-05-08,0.0,7.0,0.0,0.0,5.0,0.0,2.1409,0.0,0.0,1.02111226,1.021112
2014-05-09,0.0,0.0,1.0,0.0,0.0,0.0,0.1655,0.0,0.0,1.02111226,1.021112
2014-05-10,0.0,0.0,0.0,0.0,0.0,1.0,0.2143,0.0,0.0,1.02111226,1.021112
2014-05-11,0.0,0.0,0.0,0.0,0.0,0.0,0.0,0.0,0.0,1.02111226,1.021112
2014-05-12,0.0,0.0,0.0,0.0,0.0,0.0,0.0,0.0,0.0,1.02111226,1.021112
2014-05-13,0.0,0.0,0.0,0.0,0.0,0.0,0.0,0.0,0.0,1.02111226,1.021112
2014-05-14,0.0,30.0,31.0,0.0,27.0,31.0,22.0519,0.485893,0.719055,1.02111226,1.740167
2014-05-15,0.0,15.0,2.0,0.0,0.0,0.0,2.7983,0.0,0.0,1.02111226,1.021112
2014-05-16,0.0,0.0,2.0,0.0,0.0,0.0,0.3311,0.0,0.0,1.02111226,1.021112
2014-05-17,0.0,0.0,0.0,0.0,0.0,0.0,0.0,0.0,0.0,1.02111226,1.021112
2014-05-18,0.0,0.0,0.0,0.0,0.0,0.0,0.0,0.0,0.0,1.02111226,1.021112
2014-05-19,0.0,0.0,0.0,0.0,0.0,0.0,0.0,0.0,0.0,1.02111226,1.021112
2014-05-20,0.0,0.0,0.0,0.0,0.0,0.0,0.0,0.0,0.0,1.02111226,1.021112
2014-05-21,0.0,0.0,0.0,0.0,0.0,0.0,0.0,0.0,0.0,1.02111226,1.021112
2014-05-22,0.0,0.0,0.0,0.0,0.0,0.0,0.0,0.0,0.0,1.02111226,1.021112
2014-05-23,0.0,8.0,0.0,0.0,0.0,0.0,1.3159,0.0,0.0,1.02111226,1.021112
2014-05-24,0.0,0.0,0.0,0.0,0.0,0.0,0.0,0.0,0.0,1.02111226,1.021112
2014-05-25,0.0,0.0,0.0,0.0,0.0,0.0,0.0,0.0,0.0,1.02111226,1.021112
2014-05-26,0.0,0.0,0.0,0.0,0.0,0.0,0.0,0.0,0.0,1.02111226,1.021112
2014-05-27,0.0,0.0,0.0,0.0,0.0,0.0,0.0,0.0,0.0,1.02111226,1.021112
2014-05-28,0.0,0.0,0.0,0.0,0.0,0.0,0.0,0.0,0.0,1.02111226,1.021112
2014-05-29,0.0,0.0,0.0,0.0,0.0,0.0,0.0,0.0,0.0,1.02111226,1.021112
2014-05-30,0.0,0.0,0.0,0.0,9.0,0.0,1.7811,0.0,0.0,1.02111226,1.021112
2014-05-31,0.0,0.0,0.0,0.0,0.0,0.0,0.0,0.0,0.0,1.02111226,1.021112
2014-06-01,0.0,0.0,0.0,0.0,0.0,0.0,0.0,0.0,0.0,1.02111226,1.021112
2014-06-02,0.0,0.0,0.0,0.0,0.0,0.0,0.0,0.0,0.0,1.02111226,1.021112
2014-06-03,0.0,0.0,0.0,0.0,0.0,0.0,0.0,0.0,0.0,1.02111226,1.021112
2014-06-04,0.0,2.0,0.0,0.0,0.0,0.0,0.329,0.0,0.0,1.02111226,1.021112
2014-06-05,0.0,0.0,0.0,0.0,0.0,0.0,0.0,0.0,0.0,1.02111226,1.021112
2014-06-06,0.0,0.0,0.0,0.0,0.0,0.0,0.0,0.0,0.0,1.02111226,1.021112
2014-06-07,0.0,0.0,0.0,0.0,0.0,0.0,0.0,0.0,0.0,1.02111226,1.021112
2014-06-08,0.0,0.0,0.0,0.0,0.0,0.0,0.0,0.0,0.0,1.02111226,1.021112
2014-06-09,0.0,0.0,0.0,0.0,0.0,0.0,0.0,0.0,0.0,1.02111226,1.021112
2014-06-10,0.0,0.0,0.0,0.0,0.0,0.0,0.0,0.0,0.0,1.02111226,1.021112
2014-06-11,0.0,50.0,0.0,0.0,0.0,0.0,8.2242,0.0,0.0,1.02111226,1.021112
2014-06-12,0.0,0.0,0.0,0.0,0.0,0.0,0.0,0.0,0.0,1.02111226,1.021112
2014-06-13,0.0,0.0,0.0,0.0,0.0,0.0,0.0,0.0,0.0,1.02111226,1.021112
2014-06-14,0.0,0.0,0.0,0.0,0.0,0.0,0.0,0.0,0.0,1.02111226,1.021112
2014-06-15,0.0,0.0,0.0,0.0,0.0,0.0,0.0,0.0,0.0,1.02111226,1.021112
2014-06-16,0.0,0.0,0.0,0.0,0.0,0.0,0.0,0.0,0.0,1.02111226,1.021112
2014-06-17,0.0,0.0,0.0,0.0,0.0,0.0,0.0,0.0,0.0,1.02111226,1.021112
2014-06-18,5.0,120.0,41.0,0.0,48.0,16.0,39.9634,5.770686,8.539814,1.02111226,9.560926
2014-06-19,14.0,0.0,16.0,9.0,20.0,12.0,12.0092,0.0,0.0,1.02111226,1.021112
2014-06-20,1.0,1.0,8.0,0.0,10.0,13.0,6.3556,0.0,0.0,1.02111226,1.021112
2014-06-21,0.0,0.0,0.0,0.0,0.0,0.0,0.0,0.0,0.0,1.02111226,1.021112
2014-06-22,2.0,4.0,1.0,0.0,0.0,0.0,1.0279,0.0,0.0,1.02111226,1.021112
2014-06-23,0.0,0.0,0.0,0.0,0.0,0.0,0.0,0.0,0.0,1.02111226,1.021112
2014-06-24,0.0,0.0,0.0,0.0,0.0,0.0,0.0,0.0,0.0,1.02111226,1.021112
2014-06-25,18.0,31.0,103.0,0.0,10.0,46.0,35.8248,4.141174,6.128362,1.02111226,7.149474
2014-06-26,28.0,46.0,47.0,0.0,2.0,2.0,19.0331,0.14111,0.208823,1.02111226,1.229935
2014-06-27,133.0,27.0,36.0,3.0,1.0,0.0,24.6621,0.933235,1.381058,1.02111226,2.40217
2014-06-28,0.0,0.0,1.0,0.0,0.0,1.0,0.3798,0.0,0.0,1.02111226,1.021112
2014-06-29,1.0,0.0,3.0,0.0,0.0,1.0,0.8131,0.0,0.0,1.02111226,1.021112
2014-06-30,0.0,0.0,1.0,0.0,0.0,0.0,0.1655,0.0,0.0,1.02111226,1.021112
2014-07-01,34.0,0.0,69.0,0.0,0.0,25.0,20.2547,0.257148,0.380543,1.02111226,1.401655
2014-07-02,1.0,0.0,47.0,0.0,0.0,0.0,7.8822,0.0,0.0,1.02111226,1.021112
2014-07-03,7.0,0.0,24.0,2.0,2.0,18.0,9.2524,0.0,0.0,1.02111226,1.021112
2014-07-04,1.0,0.0,6.0,0.0,0.0,5.0,2.1668,0.0,0.0,1.02111226,1.021112
2014-07-05,0.0,0.0,1.0,0.0,0.0,0.0,0.1655,0.0,0.0,1.02111226,1.021112
2014-07-06,0.0,0.0,15.0,0.0,0.0,0.0,2.483,0.0,0.0,1.02111226,1.021112
2014-07-07,0.0,0.0,7.0,4.0,0.0,0.0,1.781,0.0,0.0,1.02111226,1.021112
2014-07-08,5.0,0.0,13.0,0.0,0.0,0.0,2.6631,0.0,0.0,1.02111226,1.021112
2014-07-09,1.0,0.0,5.0,0.0,0.0,3.0,1.5727,0.0,0.0,1.02111226,1.021112
2014-07-10,0.0,0.0,0.0,0.0,0.0,0.0,0.0,0.0,0.0,1.02111226,1.021112
2014-07-11,0.0,0.0,0.0,4.0,0.0,0.0,0.6223,0.0,0.0,1.02111226,1.021112
2014-07-12,0.0,0.0,0.0,0.0,0.0,0.0,0.0,0.0,0.0,1.02111226,1.021112
2014-07-13,9.0,12.0,38.0,11.0,0.0,45.0,20.5381,0.288715,0.427258,1.02111226,1.44837
2014-07-14,72.0,24.0,123.0,7.0,5.0,76.0,50.0328,10.505698,15.546974,1.02111226,16.568086
2014-07-15,7.0,2.0,21.0,3.0,6.0,32.0,13.0319,0.0,0.0,1.02111226,1.021112
2014-07-16,1.0,0.0,4.0,0.0,0.0,0.0,0.7644,0.0,0.0,1.02111226,1.021112
2014-07-17,0.0,0.0,0.0,0.0,0.0,0.0,0.0,0.0,0.0,1.02111226,1.021112
2014-07-18,0.0,0.0,0.0,0.0,0.0,0.0,0.0,0.0,0.0,1.02111226,1.021112
2014-07-19,0.0,0.0,0.0,0.0,0.0,0.0,0.0,0.0,0.0,1.02111226,1.021112
2014-07-20,0.0,0.0,0.0,0.0,0.0,0.0,0.0,0.0,0.0,1.02111226,1.021112
2014-07-21,0.0,0.0,0.0,0.0,4.0,1.0,1.0059,0.0,0.0,1.02111226,1.021112
2014-07-22,0.0,0.0,0.0,0.0,0.0,0.0,0.0,0.0,0.0,1.02111226,1.021112
2014-07-23,0.0,0.0,0.0,0.0,0.0,0.0,0.0,0.0,0.0,1.02111226,1.021112
2014-07-24,0.0,0.0,0.0,0.0,0.0,0.0,0.0,0.0,0.0,1.02111226,1.021112
2014-07-25,0.0,0.0,2.0,0.0,0.0,0.0,0.3311,0.0,0.0,1.02111226,1.021112
2014-07-26,0.0,0.0,0.0,0.0,0.0,0.0,0.0,0.0,0.0,1.02111226,1.021112
2014-07-27,0.0,0.0,0.0,0.0,0.0,0.0,0.0,0.0,0.0,1.02111226,1.021112
2014-07-28,1.0,0.0,0.0,0.0,0.0,6.0,1.3879,0.0,0.0,1.02111226,1.021112
2014-07-29,0.0,0.0,3.0,0.0,0.0,0.0,0.4966,0.0,0.0,1.02111226,1.021112
2014-07-30,0.0,0.0,0.0,0.0,0.0,0.0,0.0,0.0,0.0,1.02111226,1.021112
2014-07-31,0.0,0.0,0.0,0.0,0.0,0.0,0.0,0.0,0.0,1.02111226,1.021112
2014-08-01,0.0,0.0,0.0,0.0,0.0,0.0,0.0,0.0,0.0,1.02111226,1.021112
2014-08-02,13.0,0.0,28.0,0.0,0.0,0.0,5.9639,0.0,0.0,1.02111226,1.021112
2014-08-03,2.0,0.0,7.0,0.0,0.0,0.0,1.3632,0.0,0.0,1.02111226,1.021112
2014-08-04,0.0,0.0,8.0,0.0,0.0,0.0,1.3242,0.0,0.0,1.02111226,1.021112
2014-08-05,0.0,0.0,0.0,0.0,8.0,0.0,1.5832,0.0,0.0,1.02111226,1.021112
2014-08-06,0.0,0.0,0.0,0.0,0.0,0.0,0.0,0.0,0.0,1.02111226,1.021112
2014-08-07,0.0,0.0,3.0,0.0,0.0,0.0,0.4966,0.0,0.0,1.02111226,1.021112
2014-08-08,0.0,0.0,0.0,0.0,0.0,0.0,0.0,0.0,0.0,1.02111226,1.021112
2014-08-09,0.0,0.0,22.0,0.0,0.0,0.0,3.6417,0.0,0.0,1.02111226,1.021112
2014-08-10,0.0,0.0,1.0,0.0,0.0,0.0,0.1655,0.0,0.0,1.02111226,1.021112
2014-08-11,5.0,0.0,8.0,0.0,0.0,0.0,1.8354,0.0,0.0,1.02111226,1.021112
2014-08-12,0.0,0.0,0.0,0.0,0.0,0.0,0.0,0.0,0.0,1.02111226,1.021112
2014-08-13,0.0,0.0,0.0,0.0,0.0,0.0,0.0,0.0,0.0,1.02111226,1.021112
2014-08-14,0.0,0.0,0.0,0.0,0.0,0.0,0.0,0.0,0.0,1.02111226,1.021112
2014-08-15,0.0,0.0,0.0,0.0,0.0,0.0,0.0,0.0,0.0,1.02111226,1.021112
2014-08-16,0.0,0.0,0.0,0.0,0.0,0.0,0.0,0.0,0.0,1.02111226,1.021112
2014-08-17,0.0,0.0,0.0,0.0,0.0,0.0,0.0,0.0,0.0,1.02111226,1.021112
2014-08-18,0.0,0.0,0.0,0.0,0.0,0.0,0.0,0.0,0.0,1.02111226,1.021112
2014-08-19,0.0,0.0,0.0,0.0,0.0,0.0,0.0,0.0,0.0,1.02111226,1.021112
2014-08-20,0.0,0.0,0.0,0.0,0.0,0.0,0.0,0.0,0.0,1.02111226,1.021112
2014-08-21,0.0,0.0,0.0,0.0,0.0,0.0,0.0,0.0,0.0,1.02111226,1.021112
2014-08-22,0.0,0.0,0.0,0.0,0.0,0.0,0.0,0.0,0.0,1.02111226,1.021112
2014-08-23,0.0,0.0,0.0,0.0,0.0,0.0,0.0,0.0,0.0,1.02111226,1.021112
2014-08-24,0.0,0.0,0.0,0.0,0.0,0.0,0.0,0.0,0.0,1.02111226,1.021112
2014-08-25,0.0,0.0,0.0,0.0,0.0,0.0,0.0,0.0,0.0,1.02111226,1.021112
2014-08-26,0.0,0.0,0.0,0.0,0.0,0.0,0.0,0.0,0.0,1.02111226,1.021112
2014-08-27,0.0,0.0,0.0,0.0,0.0,0.0,0.0,0.0,0.0,1.02111226,1.021112
2014-08-28,0.0,0.0,0.0,0.0,0.0,0.0,0.0,0.0,0.0,1.02111226,1.021112
2014-08-29,0.0,0.0,0.0,0.0,0.0,0.0,0.0,0.0,0.0,1.02111226,1.021112
2014-08-30,0.0,0.0,0.0,0.0,0.0,0.0,0.0,0.0,0.0,1.02111226,1.021112
2014-08-31,0.0,0.0,0.0,0.0,0.0,0.0,0.0,0.0,0.0,1.02111226,1.021112
2014-09-01,0.0,0.0,0.0,0.0,0.0,0.0,0.0,0.0,0.0,1.02111226,1.021112
2014-09-02,0.0,0.0,0.0,0.0,0.0,0.0,0.0,0.0,0.0,1.02111226,1.021112
2014-09-03,0.0,0.0,0.0,0.0,0.0,0.0,0.0,0.0,0.0,1.02111226,1.021112
2014-09-04,0.0,0.0,0.0,0.0,0.0,0.0,0.0,0.0,0.0,1.02111226,1.021112
2014-09-05,0.0,0.0,0.0,0.0,0.0,0.0,0.0,0.0,0.0,1.02111226,1.021112
2014-09-06,0.0,0.0,0.0,0.0,0.0,0.0,0.0,0.0,0.0,1.02111226,1.021112
2014-09-07,0.0,0.0,0.0,0.0,0.0,0.0,0.0,0.0,0.0,1.02111226,1.021112
2014-09-08,0.0,0.0,0.0,0.0,0.0,0.0,0.0,0.0,0.0,1.02111226,1.021112
2014-09-09,0.0,0.0,0.0,0.0,0.0,0.0,0.0,0.0,0.0,1.02111226,1.021112
2014-09-10,0.0,0.0,0.0,0.0,0.0,0.0,0.0,0.0,0.0,1.02111226,1.021112
2014-09-11,0.0,0.0,0.0,0.0,0.0,0.0,0.0,0.0,0.0,1.02111226,1.021112
2014-09-12,0.0,0.0,0.0,0.0,0.0,0.0,0.0,0.0,0.0,1.02111226,1.021112
2014-09-13,0.0,0.0,0.0,0.0,0.0,0.0,0.0,0.0,0.0,1.02111226,1.021112
2014-09-14,0.0,0.0,0.0,0.0,0.0,0.0,0.0,0.0,0.0,1.02111226,1.021112
2014-09-15,0.0,0.0,0.0,0.0,0.0,0.0,0.0,0.0,0.0,1.02111226,1.021112
2014-09-16,0.0,0.0,0.0,0.0,0.0,0.0,0.0,0.0,0.0,1.02111226,1.021112
2014-09-17,0.0,0.0,0.0,0.0,0.0,0.0,0.0,0.0,0.0,1.02111226,1.021112
2014-09-18,0.0,0.0,0.0,0.0,0.0,0.0,0.0,0.0,0.0,1.02111226,1.021112
2014-09-19,0.0,0.0,0.0,0.0,0.0,0.0,0.0,0.0,0.0,1.02111226,1.021112
2014-09-20,0.0,0.0,0.0,0.0,0.0,0.0,0.0,0.0,0.0,1.02111226,1.021112
2014-09-21,0.0,0.0,0.0,0.0,0.0,0.0,0.0,0.0,0.0,1.02111226,1.021112
2014-09-22,0.0,0.0,0.0,0.0,0.0,0.0,0.0,0.0,0.0,1.02111226,1.021112
2014-09-23,0.0,0.0,0.0,0.0,0.0,0.0,0.0,0.0,0.0,1.02111226,1.021112
2014-09-24,0.0,0.0,0.0,0.0,0.0,0.0,0.0,0.0,0.0,1.02111226,1.021112
2014-09-25,0.0,0.0,0.0,0.0,0.0,0.0,0.0,0.0,0.0,1.02111226,1.021112
2014-09-26,0.0,0.0,0.0,0.0,0.0,0.0,0.0,0.0,0.0,1.02111226,1.021112
2014-09-27,0.0,0.0,0.0,0.0,0.0,0.0,0.0,0.0,0.0,1.02111226,1.021112
2014-09-28,0.0,0.0,0.0,0.0,0.0,0.0,0.0,0.0,0.0,1.02111226,1.021112
2014-09-29,0.0,0.0,0.0,0.0,0.0,0.0,0.0,0.0,0.0,1.02111226,1.021112
2014-09-30,0.0,0.0,0.0,0.0,0.0,0.0,0.0,0.0,0.0,1.02111226,1.021112
2014-10-01,0.0,0.0,0.0,0.0,0.0,0.0,0.0,0.0,0.0,1.02111226,1.021112
2014-10-02,0.0,0.0,0.0,0.0,0.0,0.0,0.0,0.0,0.0,1.02111226,1.021112
2014-10-03,1.0,0.0,1.0,0.0,0.0,0.0,0.2678,0.0,0.0,1.02111226,1.021112
2014-10-04,0.0,0.0,5.0,0.0,0.0,5.0,1.8991,0.0,0.0,1.02111226,1.021112
2014-10-05,0.0,0.0,0.0,0.0,0.0,0.0,0.0,0.0,0.0,1.02111226,1.021112
2014-10-06,8.0,0.0,11.0,0.0,0.0,0.0,2.6387,0.0,0.0,1.02111226,1.021112
2014-10-07,0.0,0.0,0.0,0.0,0.0,0.0,0.0,0.0,0.0,1.02111226,1.021112
2014-10-08,0.0,0.0,0.0,0.0,0.0,0.0,0.0,0.0,0.0,1.02111226,1.021112
2014-10-09,0.0,0.0,0.0,0.0,0.0,0.0,0.0,0.0,0.0,1.02111226,1.021112
2014-10-10,0.0,0.0,0.0,0.0,0.0,0.0,0.0,0.0,0.0,1.02111226,1.021112
2014-10-11,0.0,0.0,0.0,0.0,0.0,0.0,0.0,0.0,0.0,1.02111226,1.021112
2014-10-12,0.0,0.0,0.0,0.0,0.0,0.0,0.0,0.0,0.0,1.02111226,1.021112
2014-10-13,0.0,0.0,0.0,0.0,0.0,0.0,0.0,0.0,0.0,1.02111226,1.021112
2014-10-14,0.0,0.0,0.0,0.0,0.0,0.0,0.0,0.0,0.0,1.02111226,1.021112
2014-10-15,0.0,0.0,0.0,0.0,0.0,0.0,0.0,0.0,0.0,1.02111226,1.021112
2014-10-16,0.0,0.0,0.0,0.0,0.0,0.0,0.0,0.0,0.0,1.02111226,1.021112
2014-10-17,0.0,0.0,0.0,0.0,0.0,0.0,0.0,0.0,0.0,1.02111226,1.021112
2014-10-18,0.0,0.0,0.0,0.0,0.0,0.0,0.0,0.0,0.0,1.02111226,1.021112
2014-10-19,0.0,0.0,0.0,0.0,0.0,0.0,0.0,0.0,0.0,1.02111226,1.021112
2014-10-20,0.0,0.0,0.0,0.0,0.0,0.0,0.0,0.0,0.0,1.02111226,1.021112
2014-10-21,0.0,0.0,0.0,0.0,0.0,0.0,0.0,0.0,0.0,1.02111226,1.021112
2014-10-22,0.0,0.0,0.0,0.0,0.0,0.0,0.0,0.0,0.0,1.02111226,1.021112
2014-10-23,1.0,0.0,0.0,0.0,0.0,0.0,0.1022,0.0,0.0,1.02111226,1.021112
2014-10-24,0.0,0.0,0.0,1.0,0.0,0.0,0.1556,0.0,0.0,1.02111226,1.021112
2014-10-25,0.0,0.0,0.0,0.0,0.0,0.0,0.0,0.0,0.0,1.02111226,1.021112
2014-10-26,0.0,0.0,0.0,0.0,0.0,0.0,0.0,0.0,0.0,1.02111226,1.021112
2014-10-27,0.0,0.0,0.0,0.0,0.0,0.0,0.0,0.0,0.0,1.02111226,1.021112
2014-10-28,0.0,0.0,0.0,0.0,0.0,0.0,0.0,0.0,0.0,1.02111226,1.021112
2014-10-29,0.0,0.0,0.0,0.0,0.0,0.0,0.0,0.0,0.0,1.02111226,1.021112
2014-10-30,0.0,0.0,0.0,0.0,0.0,0.0,0.0,0.0,0.0,1.02111226,1.021112
2014-10-31,0.0,0.0,0.0,0.0,0.0,0.0,0.0,0.0,0.0,1.02111226,1.021112
2014-11-01,0.0,0.0,0.0,0.0,0.0,0.0,0.0,0.0,0.0,1.02111226,1.021112
2014-11-02,0.0,0.0,0.0,0.0,0.0,0.0,0.0,0.0,0.0,1.02111226,1.021112
2014-11-03,0.0,0.0,0.0,0.0,0.0,0.0,0.0,0.0,0.0,1.02111226,1.021112
2014-11-04,0.0,0.0,0.0,0.0,0.0,1.0,0.2143,0.0,0.0,1.02111226,1.021112
2014-11-05,0.0,0.0,8.0,0.0,0.0,0.0,1.3242,0.0,0.0,1.02111226,1.021112
2014-11-06,0.0,0.0,0.0,0.0,0.0,0.0,0.0,0.0,0.0,1.02111226,1.021112
2014-11-07,5.0,4.0,12.0,0.0,0.0,0.0,3.1555,0.0,0.0,1.02111226,1.021112
2014-11-08,0.0,0.0,4.0,0.0,0.0,0.0,0.6621,0.0,0.0,1.02111226,1.021112
2014-11-09,0.0,2.0,0.0,0.0,0.0,0.0,0.329,0.0,0.0,1.02111226,1.021112
2014-11-10,0.0,0.0,0.0,29.0,0.0,0.0,4.5116,0.0,0.0,1.02111226,1.021112
2014-11-11,10.0,32.0,25.0,30.0,5.0,6.0,17.3665,0.037295,0.055191,1.02111226,1.076303
2014-11-12,11.0,32.0,23.0,36.0,2.0,15.0,19.4059,0.17303,0.256061,1.02111226,1.277173
2014-11-13,0.0,5.0,0.0,0.0,0.0,0.0,0.8224,0.0,0.0,1.02111226,1.021112
2014-11-14,0.0,9.0,0.0,0.0,0.0,0.0,1.4804,0.0,0.0,1.02111226,1.021112
2014-11-15,0.0,6.0,0.0,2.0,1.0,19.0,5.5673,0.0,0.0,1.02111226,1.021112
2014-11-16,8.0,2.0,3.0,8.0,13.0,5.0,6.5321,0.0,0.0,1.02111226,1.021112
2014-11-17,7.0,18.0,7.0,8.0,17.0,24.0,14.5866,0.0,0.0,1.02111226,1.021112
2014-11-18,4.0,30.0,9.0,60.0,15.0,0.0,19.1361,0.149612,0.221406,1.02111226,1.242518
2014-11-19,0.0,9.0,1.0,0.0,20.0,37.0,13.5322,0.0,0.0,1.02111226,1.021112
2014-11-20,0.0,10.0,0.0,0.0,11.0,35.0,11.3215,0.0,0.0,1.02111226,1.021112
2014-11-21,0.0,4.0,0.0,9.0,0.0,0.0,2.0581,0.0,0.0,1.02111226,1.021112
2014-11-22,0.0,0.0,0.0,0.0,0.0,0.0,0.0,0.0,0.0,1.02111226,1.021112
2014-11-23,0.0,0.0,0.0,0.0,5.0,0.0,0.9895,0.0,0.0,1.02111226,1.021112
2014-11-24,0.0,0.0,3.0,0.0,0.0,0.0,0.4966,0.0,0.0,1.02111226,1.021112
2014-11-25,0.0,6.0,0.0,0.0,0.0,0.0,0.9869,0.0,0.0,1.02111226,1.021112
2014-11-26,6.0,39.0,7.0,15.0,32.0,15.0,20.0674,0.237241,0.351083,1.02111226,1.372195
2014-11-27,0.0,17.0,4.0,0.0,0.0,3.0,4.1012,0.0,0.0,1.02111226,1.021112
2014-11-28,0.0,5.0,7.0,0.0,0.0,12.0,4.5525,0.0,0.0,1.02111226,1.021112
2014-11-29,18.0,4.0,35.0,0.0,0.0,118.0,33.577,3.346663,4.952596,1.02111226,5.973708
2014-11-30,232.0,28.0,163.0,46.0,33.0,0.0,68.9926,21.637771,32.020896,1.02111226,33.042008
2014-12-01,21.0,22.0,35.0,20.0,0.0,86.8,33.2703,3.243538,4.799985,1.02111226,5.821098
2014-12-02,12.0,6.0,19.0,0.0,3.0,48.0,16.238,0.004539,0.006717,1.02111226,1.02783
2014-12-03,53.0,6.0,30.0,11.0,42.0,20.0,25.6798,1.142328,1.690487,1.02111226,2.711599
2014-12-04,5.0,3.0,2.0,12.0,3.0,0.0,3.7963,0.0,0.0,1.02111226,1.021112
2014-12-05,2.0,20.0,8.0,30.0,3.0,3.0,10.7221,0.0,0.0,1.02111226,1.021112
2014-12-06,1.0,10.0,0.0,5.0,3.0,10.0,5.2614,0.0,0.0,1.02111226,1.021112
2014-12-07,2.0,2.0,13.0,6.0,2.0,1.0,4.2289,0.0,0.0,1.02111226,1.021112
2014-12-08,0.0,15.0,0.0,5.0,10.0,13.0,8.0097,0.0,0.0,1.02111226,1.021112
2014-12-09,0.0,1.0,8.0,6.0,2.0,1.0,3.0322,0.0,0.0,1.02111226,1.021112
2014-12-10,13.0,0.0,17.0,0.0,2.0,7.0,6.0388,0.0,0.0,1.02111226,1.021112
2014-12-11,19.0,22.0,31.0,61.0,6.0,15.0,24.5842,0.918005,1.358519,1.02111226,2.379632
2014-12-12,15.0,110.0,7.0,0.0,67.0,26.0,39.6157,5.625957,8.325635,1.02111226,9.346747
2014-12-13,4.0,0.0,5.0,0.0,0.0,4.0,2.0937,0.0,0.0,1.02111226,1.021112
2014-12-14,0.0,7.0,9.0,0.0,0.0,13.0,5.4268,0.0,0.0,1.02111226,1.021112
2014-12-15,0.0,5.0,1.0,0.0,8.0,24.0,7.7139,0.0,0.0,1.02111226,1.021112
2014-12-16,4.0,27.0,24.0,8.0,24.0,24.0,19.9596,0.226115,0.334619,1.02111226,1.355731
2014-12-17,70.0,50.0,95.0,7.0,74.0,83.0,64.6247,18.866309,27.919517,1.02111226,28.94063
2014-12-18,0.0,30.0,1.0,5.0,0.0,1.0,6.0922,0.0,0.0,1.02111226,1.021112
2014-12-19,3.0,5.0,4.0,11.0,23.0,10.0,10.197,0.0,0.0,1.02111226,1.021112
2014-12-20,0.0,11.0,0.0,7.0,0.0,0.0,2.8983,0.0,0.0,1.02111226,1.021112
2014-12-21,52.0,48.0,24.0,7.0,34.0,21.0,29.5015,2.087119,3.088646,1.02111226,4.109758
2014-12-22,2.0,8.0,19.0,4.0,7.0,3.0,7.3158,0.0,0.0,1.02111226,1.021112
2014-12-23,10.0,0.0,11.0,0.0,51.0,14.0,15.9358,0.001115,0.00165,1.02111226,1.022762
2014-12-24,44.0,19.0,73.0,41.0,61.0,28.0,44.1573,7.620492,11.27727,1.02111226,12.298382
2014-12-25,24.0,74.0,13.0,38.0,12.0,0.0,25.0639,1.013536,1.499893,1.02111226,2.521005
2014-12-26,3.0,0.0,5.0,10.0,0.0,7.0,4.1901,0.0,0.0,1.02111226,1.021112
2014-12-27,5.0,0.0,4.0,0.0,0.0,15.0,4.3875,0.0,0.0,1.02111226,1.021112
2014-12-28,62.0,50.0,123.0,32.0,85.0,74.0,72.5793,23.990747,35.502973,1.02111226,36.524085
2014-12-29,47.0,28.0,62.0,34.0,40.0,29.0,39.093,5.411002,8.007531,1.02111226,9.028643
2014-12-30,26.0,0.0,27.0,65.0,9.0,20.0,23.3064,0.684492,1.012953,1.02111226,2.034065
2014-12-31,5.0,12.0,23.0,0.0,5.0,9.0,9.2102,0.0,0.0,1.02111226,1.021112
2015-01-01,3.0,42.0,1.0,33.0,7.0,5.6,15.0997,0.0,0.0,1.02111226,1.021112
2015-01-02,41.0,9.0,27.0,30.0,10.0,7.2,18.3303,0.08948,0.132417,1.02111226,1.15353
2015-01-03,0.0,9.0,20.0,1.0,7.0,13.2,9.1603,0.0,0.0,1.02111226,1.021112
2015-01-04,0.0,0.0,1.0,5.0,0.0,0.0,0.9434,0.0,0.0,1.02111226,1.021112
2015-01-05,3.0,7.0,5.0,1.5,7.0,5.8,5.1472,0.0,0.0,1.02111226,1.021112
2015-01-06,0.0,0.0,0.0,0.0,0.0,0.0,0.0,0.0,0.0,1.02111226,1.021112
2015-01-07,0.0,0.0,2.0,0.0,0.0,0.0,0.3311,0.0,0.0,1.02111226,1.021112
2015-01-08,0.0,0.0,0.0,0.0,0.0,0.0,0.0,0.0,0.0,1.02111226,1.021112
2015-01-09,0.0,0.0,1.0,0.0,0.0,0.0,0.1655,0.0,0.0,1.02111226,1.021112
2015-01-10,0.0,0.0,0.0,0.0,31.0,0.0,6.1347,0.0,0.0,1.02111226,1.021112
2015-01-11,2.0,0.0,0.0,0.0,0.0,0.0,0.2045,0.0,0.0,1.02111226,1.021112
2015-01-12,10.0,2.0,14.0,0.0,0.0,6.0,4.9544,0.0,0.0,1.02111226,1.021112
2015-01-13,20.0,18.0,45.0,7.0,27.0,62.2,32.2148,2.898719,4.289702,1.02111226,5.310814
2015-01-14,50.0,14.0,37.0,7.0,25.0,28.2,25.6183,1.12916,1.671,1.02111226,2.692112
2015-01-15,39.0,20.0,33.0,2.0,24.0,26.0,23.3713,0.6956,1.029391,1.02111226,2.050503
2015-01-16,1.0,6.0,8.0,9.5,5.0,2.4,5.3951,0.0,0.0,1.02111226,1.021112
2015-01-17,0.0,5.0,1.0,6.0,0.0,0.0,1.9214,0.0,0.0,1.02111226,1.021112
2015-01-18,31.0,11.0,56.0,6.5,8.0,22.4,21.6426,0.427922,0.633265,1.02111226,1.654377
2015-01-19,23.0,20.0,8.0,3.0,36.0,4.0,15.4134,0.0,0.0,1.02111226,1.021112
2015-01-20,8.0,11.0,17.0,2.0,8.0,9.8,9.4355,0.0,0.0,1.02111226,1.021112
2015-01-21,0.0,0.0,0.0,0.0,0.0,0.0,0.0,0.0,0.0,1.02111226,1.021112
2015-01-22,2.0,13.0,0.0,2.0,16.5,1.0,6.1334,0.0,0.0,1.02111226,1.021112
2015-01-23,19.0,50.0,33.0,12.0,46.0,35.8,34.2705,3.584582,5.304684,1.02111226,6.325796
2015-01-24,0.0,0.0,1.0,7.5,0.0,0.0,1.3323,0.0,0.0,1.02111226,1.021112
2015-01-25,0.0,2.0,2.0,0.0,37.0,3.6,8.7535,0.0,0.0,1.02111226,1.021112
2015-01-26,18.0,31.0,49.0,3.0,3.0,12.4,18.7677,0.12029,0.178013,1.02111226,1.199125
2015-01-27,0.0,3.0,0.0,0.0,0.0,0.0,0.4935,0.0,0.0,1.02111226,1.021112
2015-01-28,3.0,0.0,1.0,7.5,3.5,1.2,2.5888,0.0,0.0,1.02111226,1.021112
2015-01-29,0.0,15.0,0.0,6.5,4.0,0.0,4.2701,0.0,0.0,1.02111226,1.021112
2015-01-30,9.0,1.0,7.0,2.0,0.0,1.2,2.8116,0.0,0.0,1.02111226,1.021112
2015-01-31,16.0,3.0,37.0,3.0,3.0,4.4,10.2571,0.0,0.0,1.02111226,1.021112
2015-02-01,4.0,35.0,6.0,24.0,62.0,21.8,27.8336,1.644868,2.434176,1.02111226,3.455288
2015-02-02,2.0,52.0,3.0,5.5,20.0,0.0,14.0678,0.0,0.0,1.02111226,1.021112
2015-02-03,0.0,0.0,0.0,2.0,0.0,0.0,0.3111,0.0,0.0,1.02111226,1.021112
2015-02-04,0.0,0.0,0.0,0.0,3.0,0.6,0.7223,0.0,0.0,1.02111226,1.021112
2015-02-05,0.0,0.0,0.0,2.0,0.0,7.6,1.9397,0.0,0.0,1.02111226,1.021112
2015-02-06,0.0,0.0,3.0,5.5,37.0,15.8,12.06,0.0,0.0,1.02111226,1.021112
2015-02-07,0.0,5.0,0.0,5.0,0.0,0.0,1.6003,0.0,0.0,1.02111226,1.021112
2015-02-08,0.0,40.0,0.0,8.0,0.0,0.0,7.8239,0.0,0.0,1.02111226,1.021112
2015-02-09,27.0,6.0,14.0,8.0,3.0,21.8,12.5743,0.0,0.0,1.02111226,1.021112
2015-02-10,6.0,35.0,0.0,5.0,4.0,16.8,11.5397,0.0,0.0,1.02111226,1.021112
2015-02-11,1.0,19.0,0.0,6.0,5.0,0.0,5.1503,0.0,0.0,1.02111226,1.021112
2015-02-12,98.0,17.0,86.0,55.0,60.5,53.6,59.0656,15.504875,22.945061,1.02111226,23.966173
2015-02-13,13.0,23.0,63.0,60.0,20.0,4.0,29.6901,2.139897,3.166751,1.02111226,4.187863
2015-02-14,11.0,14.0,19.0,60.0,65.0,38.0,36.9127,4.549298,6.732329,1.02111226,7.753441
2015-02-15,0.0,0.0,0.0,54.0,51.0,3.0,19.1365,0.149645,0.221453,1.02111226,1.242566
2015-02-16,0.0,0.0,0.0,0.0,0.0,0.0,0.0,0.0,0.0,1.02111226,1.021112
2015-02-17,0.0,0.0,1.0,0.0,0.0,0.0,0.1655,0.0,0.0,1.02111226,1.021112
2015-02-18,0.0,0.0,2.0,2.0,12.0,0.0,3.0169,0.0,0.0,1.02111226,1.021112
2015-02-19,0.0,5.0,0.0,0.0,0.0,0.0,0.8224,0.0,0.0,1.02111226,1.021112
2015-02-20,15.0,17.0,23.0,14.5,58.5,43.8,31.3552,2.629688,3.891573,1.02111226,4.912685
2015-02-21,0.0,0.0,0.0,0.0,0.0,0.0,0.0,0.0,0.0,1.02111226,1.021112
2015-02-22,0.0,0.0,0.0,0.0,0.0,0.0,0.0,0.0,0.0,1.02111226,1.021112
2015-02-23,0.0,0.0,0.0,0.0,0.0,0.0,0.0,0.0,0.0,1.02111226,1.021112
2015-02-24,0.0,7.0,18.0,11.0,16.0,18.8,13.0371,0.0,0.0,1.02111226,1.021112
2015-02-25,26.0,3.0,16.0,3.0,8.0,2.8,8.4499,0.0,0.0,1.02111226,1.021112
2015-02-26,0.0,0.0,1.0,0.0,0.0,0.0,0.1655,0.0,0.0,1.02111226,1.021112
2015-02-27,22.0,0.0,15.0,4.5,0.0,0.0,5.4322,0.0,0.0,1.02111226,1.021112
2015-02-28,0.0,0.0,10.0,5.5,0.0,0.0,2.511,0.0,0.0,1.02111226,1.021112
2015-03-01,0.0,16.0,1.0,54.0,54.0,0.0,21.8846,0.461782,0.683373,1.02111226,1.704485
2015-03-02,19.0,16.0,42.0,12.0,12.0,16.4,19.2823,0.162104,0.239891,1.02111226,1.261003
2015-03-03,7.0,8.0,0.0,2.0,0.0,7.0,3.8426,0.0,0.0,1.02111226,1.021112
2015-03-04,8.0,17.0,14.0,24.5,12.0,2.4,12.6321,0.0,0.0,1.02111226,1.021112
2015-03-05,52.0,15.0,58.0,14.5,10.0,31.0,28.2618,1.7541,2.595825,1.02111226,3.616937
2015-03-06,2.0,0.0,10.0,4.0,1.0,17.2,6.3656,0.0,0.0,1.02111226,1.021112
2015-03-07,20.0,7.0,36.0,9.0,46.0,4.4,20.6014,0.295996,0.438033,1.02111226,1.459145
2015-03-08,12.0,4.0,15.0,4.0,3.5,30.0,12.1111,0.0,0.0,1.02111226,1.021112
2015-03-09,0.0,0.0,0.0,0.0,0.0,0.0,0.0,0.0,0.0,1.02111226,1.021112
2015-03-10,69.0,30.0,52.0,28.5,12.5,16.0,30.9324,2.501365,3.701673,1.02111226,4.722786
2015-03-11,28.0,16.0,42.0,10.5,25.5,18.2,23.0264,0.637476,0.943376,1.02111226,1.964489
2015-03-12,24.0,38.0,36.0,30.0,40.0,26.0,32.8175,3.093672,4.578205,1.02111226,5.599317
2015-03-13,33.0,0.0,34.0,23.0,0.0,0.0,12.58,0.0,0.0,1.02111226,1.021112
2015-03-14,1.0,0.0,0.0,0.0,1.0,3.2,0.9858,0.0,0.0,1.02111226,1.021112
2015-03-15,3.0,13.0,1.0,4.5,3.0,0.0,3.9043,0.0,0.0,1.02111226,1.021112
2015-03-16,0.0,0.0,0.0,2.5,0.0,2.8,0.9889,0.0,0.0,1.02111226,1.021112
2015-03-17,3.0,0.0,6.0,0.0,0.0,2.2,1.7713,0.0,0.0,1.02111226,1.021112
2015-03-18,0.0,0.0,0.0,0.0,0.0,0.0,0.0,0.0,0.0,1.02111226,1.021112
2015-03-19,0.0,0.0,0.0,0.0,0.0,0.0,0.0,0.0,0.0,1.02111226,1.021112
2015-03-20,6.0,0.0,38.0,25.0,23.0,0.2,15.3874,0.0,0.0,1.02111226,1.021112
2015-03-21,4.0,16.0,14.0,3.0,1.0,0.0,6.0227,0.0,0.0,1.02111226,1.021112
2015-03-22,0.0,0.0,0.0,30.0,10.0,30.2,13.1175,0.0,0.0,1.02111226,1.021112
2015-03-23,0.0,56.0,0.0,10.5,15.0,5.6,15.013,0.0,0.0,1.02111226,1.021112
2015-03-24,0.0,9.0,3.0,1.5,2.0,13.6,5.5203,0.0,0.0,1.02111226,1.021112
2015-03-25,4.0,15.0,15.0,59.5,28.0,0.0,20.1568,0.246651,0.36501,1.02111226,1.386122
2015-03-26,13.0,0.0,43.0,0.0,11.0,25.6,16.1093,0.002801,0.004144,1.02111226,1.025257
2015-03-27,1.0,0.0,0.0,1.0,0.0,24.0,5.4006,0.0,0.0,1.02111226,1.021112
2015-03-28,0.0,0.0,0.0,0.0,0.0,0.0,0.0,0.0,0.0,1.02111226,1.021112
2015-03-29,39.0,175.0,25.0,32.0,1.0,12.2,44.7006,7.873523,11.651721,1.02111226,12.672833
2015-03-30,0.0,0.0,0.0,0.0,0.0,0.0,0.0,0.0,0.0,1.02111226,1.021112
2015-03-31,0.0,14.0,0.0,1.0,0.0,0.0,2.4583,0.0,0.0,1.02111226,1.021112
2015-04-01,0.0,0.0,0.0,0.0,0.0,0.0,0.0,0.0,0.0,1.02111226,1.021112
2015-04-02,0.0,3.0,0.0,2.0,0.0,0.0,0.8046,0.0,0.0,1.02111226,1.021112
2015-04-03,9.0,7.0,0.0,9.0,0.0,31.0,10.1144,0.0,0.0,1.02111226,1.021112
2015-04-04,8.0,4.0,46.0,11.0,1.0,61.8,24.2421,0.85247,1.261538,1.02111226,2.28265
2015-04-05,0.0,6.0,0.0,8.0,3.0,0.0,2.8252,0.0,0.0,1.02111226,1.021112
2015-04-06,0.0,0.0,0.0,0.0,0.0,0.0,0.0,0.0,0.0,1.02111226,1.021112
2015-04-07,11.0,40.0,4.0,31.0,4.0,35.8,21.6517,0.429169,0.635111,1.02111226,1.656223
2015-04-08,34.0,67.0,23.0,20.5,25.0,65.0,40.3686,5.941051,8.79193,1.02111226,9.813043
2015-04-09,1.0,9.0,0.0,1.0,1.0,12.8,4.6789,0.0,0.0,1.02111226,1.021112
2015-04-10,0.0,34.0,1.0,0.0,3.0,0.0,6.3517,0.0,0.0,1.02111226,1.021112
2015-04-11,0.0,0.0,0.0,6.5,2.0,0.0,1.407,0.0,0.0,1.02111226,1.021112
2015-04-12,4.0,10.0,6.0,0.0,6.0,14.2,7.2771,0.0,0.0,1.02111226,1.021112
2015-04-13,0.0,31.0,0.0,23.0,10.0,0.0,10.6561,0.0,0.0,1.02111226,1.021112
2015-04-14,12.0,7.0,31.0,59.0,15.0,11.2,22.0569,0.486629,0.720143,1.02111226,1.741256
2015-04-15,24.0,37.0,3.0,7.5,0.0,0.0,10.2029,0.0,0.0,1.02111226,1.021112
2015-04-16,17.0,7.0,5.0,15.0,20.0,10.0,12.1514,0.0,0.0,1.02111226,1.021112
2015-04-17,2.0,0.0,3.0,1.5,1.0,28.0,7.1322,0.0,0.0,1.02111226,1.021112
2015-04-18,0.0,5.0,3.0,0.0,3.0,0.0,1.9127,0.0,0.0,1.02111226,1.021112
2015-04-19,6.0,25.0,3.0,2.5,2.0,0.0,6.0068,0.0,0.0,1.02111226,1.021112
2015-04-20,0.0,0.0,0.0,2.0,0.0,0.0,0.3111,0.0,0.0,1.02111226,1.021112
2015-04-21,0.0,4.0,0.0,7.5,3.0,2.2,2.8898,0.0,0.0,1.02111226,1.021112
2015-04-22,5.0,0.0,9.0,8.0,50.0,4.8,14.1688,0.0,0.0,1.02111226,1.021112
2015-04-23,7.0,8.0,27.0,19.0,28.0,21.2,19.5406,0.185319,0.274246,1.02111226,1.295358
2015-04-24,42.0,12.0,33.0,8.0,17.0,18.0,20.1961,0.250836,0.371202,1.02111226,1.392314
2015-04-25,84.0,37.0,67.0,13.5,19.0,37.4,39.6386,5.635455,8.33969,1.02111226,9.360803
2015-04-26,11.0,5.0,13.0,12.5,4.0,10.2,9.0208,0.0,0.0,1.02111226,1.021112
2015-04-27,7.0,10.0,16.0,8.0,6.0,6.0,8.7266,0.0,0.0,1.02111226,1.021112
2015-04-28,5.0,5.0,5.0,1.0,0.0,2.0,2.7454,0.0,0.0,1.02111226,1.021112
2015-04-29,5.0,2.0,10.0,1.0,5.0,0.0,3.6405,0.0,0.0,1.02111226,1.021112
2015-04-30,0.0,0.0,0.0,0.0,2.0,0.0,0.3958,0.0,0.0,1.02111226,1.021112
2015-05-01,4.0,7.0,3.0,38.5,0.0,5.0,9.1179,0.0,0.0,1.02111226,1.021112
2015-05-02,3.0,70.0,6.0,30.5,0.0,17.4,21.2872,0.380355,0.562873,1.02111226,1.583985
2015-05-03,4.0,20.0,25.0,7.5,0.0,3.0,9.6465,0.0,0.0,1.02111226,1.021112
2015-05-04,13.0,5.0,23.0,19.5,0.0,11.6,11.478,0.0,0.0,1.02111226,1.021112
2015-05-05,0.0,0.0,0.0,0.0,0.0,0.0,0.0,0.0,0.0,1.02111226,1.021112
2015-05-06,0.0,0.0,9.0,0.0,0.0,22.2,6.2468,0.0,0.0,1.02111226,1.021112
2015-05-07,0.0,0.0,0.0,0.0,0.0,0.0,0.0,0.0,0.0,1.02111226,1.021112
2015-05-08,0.0,0.0,0.0,0.0,0.0,0.0,0.0,0.0,0.0,1.02111226,1.021112
2015-05-09,0.0,0.0,1.0,0.0,0.0,0.0,0.1655,0.0,0.0,1.02111226,1.021112
2015-05-10,20.0,0.0,36.0,3.0,0.0,78.4,25.2702,1.055927,1.562625,1.02111226,2.583737
2015-05-11,1.0,2.0,2.0,0.0,0.0,18.2,4.6622,0.0,0.0,1.02111226,1.021112
2015-05-12,0.0,0.0,0.0,1.0,0.0,0.0,0.1556,0.0,0.0,1.02111226,1.021112
2015-05-13,0.0,3.0,0.0,0.0,0.0,0.0,0.4935,0.0,0.0,1.02111226,1.021112
2015-05-14,8.0,18.0,8.0,0.0,0.0,19.0,9.1742,0.0,0.0,1.02111226,1.021112
2015-05-15,0.0,0.0,0.0,0.0,0.0,0.0,0.0,0.0,0.0,1.02111226,1.021112
2015-05-16,0.0,0.0,0.0,0.0,0.0,0.0,0.0,0.0,0.0,1.02111226,1.021112
2015-05-17,0.0,0.0,0.0,0.0,0.0,0.0,0.0,0.0,0.0,1.02111226,1.021112
2015-05-18,0.0,0.0,0.0,0.0,0.0,0.0,0.0,0.0,0.0,1.02111226,1.021112
2015-05-19,0.0,10.0,0.0,0.0,0.0,0.0,1.6448,0.0,0.0,1.02111226,1.021112
2015-05-20,0.0,0.0,0.0,0.0,0.0,0.0,0.0,0.0,0.0,1.02111226,1.021112
2015-05-21,0.0,0.0,0.0,0.0,0.0,0.0,0.0,0.0,0.0,1.02111226,1.021112
2015-05-22,0.0,0.0,0.0,0.0,0.0,0.0,0.0,0.0,0.0,1.02111226,1.021112
2015-05-23,0.0,0.0,0.0,0.0,0.0,0.0,0.0,0.0,0.0,1.02111226,1.021112
2015-05-24,0.0,0.0,0.0,0.0,0.0,0.0,0.0,0.0,0.0,1.02111226,1.021112
2015-05-25,0.0,0.0,0.0,0.0,0.0,0.0,0.0,0.0,0.0,1.02111226,1.021112
2015-05-26,0.0,0.0,0.0,0.0,0.0,0.0,0.0,0.0,0.0,1.02111226,1.021112
2015-05-27,0.0,6.0,0.0,0.0,0.0,0.0,0.9869,0.0,0.0,1.02111226,1.021112
2015-05-28,0.0,0.0,0.0,0.0,0.0,0.0,0.0,0.0,0.0,1.02111226,1.021112
2015-05-29,0.0,0.0,0.0,0.0,0.0,0.0,0.0,0.0,0.0,1.02111226,1.021112
2015-05-30,0.0,0.0,0.0,0.0,0.0,0.0,0.0,0.0,0.0,1.02111226,1.021112
2015-05-31,0.0,0.0,3.0,0.0,0.0,0.0,0.4966,0.0,0.0,1.02111226,1.021112
2015-06-01,0.0,0.0,1.0,0.0,0.0,0.0,0.1655,0.0,0.0,1.02111226,1.021112
2015-06-02,0.0,0.0,0.0,0.0,0.0,0.0,0.0,0.0,0.0,1.02111226,1.021112
2015-06-03,0.0,0.0,1.0,0.0,0.0,0.0,0.1655,0.0,0.0,1.02111226,1.021112
2015-06-04,2.0,0.0,10.0,0.0,0.0,5.2,2.974,0.0,0.0,1.02111226,1.021112
2015-06-05,0.0,0.0,1.0,0.0,0.0,0.0,0.1655,0.0,0.0,1.02111226,1.021112
2015-06-06,0.0,0.0,4.0,0.0,0.0,0.0,0.6621,0.0,0.0,1.02111226,1.021112
2015-06-07,0.0,0.0,0.0,0.0,0.0,0.0,0.0,0.0,0.0,1.02111226,1.021112
2015-06-08,0.0,0.0,0.0,0.0,0.0,0.0,0.0,0.0,0.0,1.02111226,1.021112
2015-06-09,0.0,0.0,0.0,1.0,0.0,0.0,0.1556,0.0,0.0,1.02111226,1.021112
2015-06-10,0.0,0.0,0.0,0.0,0.0,0.0,0.0,0.0,0.0,1.02111226,1.021112
2015-06-11,0.0,0.0,0.0,0.0,0.0,0.0,0.0,0.0,0.0,1.02111226,1.021112
2015-06-12,0.0,0.0,0.0,0.0,0.0,0.0,0.0,0.0,0.0,1.02111226,1.021112
2015-06-13,0.0,0.0,0.0,0.0,0.0,0.0,0.0,0.0,0.0,1.02111226,1.021112
2015-06-14,0.0,0.0,0.0,0.0,0.0,0.0,0.0,0.0,0.0,1.02111226,1.021112
2015-06-15,0.0,0.0,0.0,0.0,0.0,0.0,0.0,0.0,0.0,1.02111226,1.021112
2015-06-16,0.0,0.0,0.0,0.0,0.0,0.0,0.0,0.0,0.0,1.02111226,1.021112
2015-06-17,0.0,0.0,0.0,0.0,0.0,0.0,0.0,0.0,0.0,1.02111226,1.021112
2015-06-18,0.0,0.0,0.0,0.0,0.0,0.0,0.0,0.0,0.0,1.02111226,1.021112
2015-06-19,0.0,0.0,0.0,0.0,0.0,0.0,0.0,0.0,0.0,1.02111226,1.021112
2015-06-20,0.0,0.0,0.0,0.0,0.0,0.0,0.0,0.0,0.0,1.02111226,1.021112
2015-06-21,0.0,0.0,0.0,0.0,0.0,0.0,0.0,0.0,0.0,1.02111226,1.021112
2015-06-22,0.0,0.0,0.0,0.0,0.0,0.0,0.0,0.0,0.0,1.02111226,1.021112
2015-06-23,0.0,0.0,0.0,0.0,0.0,0.0,0.0,0.0,0.0,1.02111226,1.021112
2015-06-24,0.0,0.0,0.0,0.0,0.0,0.0,0.0,0.0,0.0,1.02111226,1.021112
2015-06-25,0.0,0.0,0.0,0.0,0.0,0.0,0.0,0.0,0.0,1.02111226,1.021112
2015-06-26,0.0,0.0,0.0,0.0,0.0,0.0,0.0,0.0,0.0,1.02111226,1.021112
2015-06-27,0.0,0.0,0.0,0.0,0.0,0.0,0.0,0.0,0.0,1.02111226,1.021112
2015-06-28,0.0,0.0,0.0,0.0,0.0,0.0,0.0,0.0,0.0,1.02111226,1.021112
2015-06-29,0.0,0.0,0.0,0.0,0.0,0.0,0.0,0.0,0.0,1.02111226,1.021112
2015-06-30,0.0,0.0,0.0,0.0,0.0,0.0,0.0,0.0,0.0,1.02111226,1.021112
2015-07-01,0.0,0.0,0.0,0.0,0.0,0.0,0.0,0.0,0.0,1.02111226,1.021112
2015-07-02,0.0,0.0,0.0,0.0,0.0,0.0,0.0,0.0,0.0,1.02111226,1.021112
2015-07-03,0.0,0.0,0.0,0.0,0.0,0.0,0.0,0.0,0.0,1.02111226,1.021112
2015-07-04,0.0,0.0,0.0,0.0,0.0,0.0,0.0,0.0,0.0,1.02111226,1.021112
2015-07-05,0.0,0.0,0.0,0.0,0.0,0.0,0.0,0.0,0.0,1.02111226,1.021112
2015-07-06,0.0,0.0,0.0,0.0,0.0,0.0,0.0,0.0,0.0,1.02111226,1.021112
2015-07-07,0.0,0.0,0.0,0.0,0.0,0.0,0.0,0.0,0.0,1.02111226,1.021112
2015-07-08,0.0,0.0,0.0,0.0,0.0,0.0,0.0,0.0,0.0,1.02111226,1.021112
2015-07-09,0.0,0.0,0.0,0.0,0.0,0.0,0.0,0.0,0.0,1.02111226,1.021112
2015-07-10,0.0,0.0,0.0,0.0,0.0,0.0,0.0,0.0,0.0,1.02111226,1.021112
2015-07-11,0.0,0.0,0.0,0.0,0.0,0.0,0.0,0.0,0.0,1.02111226,1.021112
2015-07-12,0.0,0.0,0.0,0.0,0.0,0.0,0.0,0.0,0.0,1.02111226,1.021112
2015-07-13,0.0,0.0,0.0,0.0,0.0,0.0,0.0,0.0,0.0,1.02111226,1.021112
2015-07-14,0.0,0.0,0.0,0.0,0.0,0.0,0.0,0.0,0.0,1.02111226,1.021112
2015-07-15,0.0,0.0,0.0,0.0,0.0,0.0,0.0,0.0,0.0,1.02111226,1.021112
2015-07-16,0.0,0.0,0.0,0.0,0.0,0.0,0.0,0.0,0.0,1.02111226,1.021112
2015-07-17,0.0,0.0,0.0,0.0,0.0,0.0,0.0,0.0,0.0,1.02111226,1.021112
2015-07-18,0.0,0.0,0.0,0.0,0.0,0.0,0.0,0.0,0.0,1.02111226,1.021112
2015-07-19,0.0,0.0,0.0,0.0,0.0,0.0,0.0,0.0,0.0,1.02111226,1.021112
2015-07-20,0.0,0.0,0.0,0.0,0.0,0.0,0.0,0.0,0.0,1.02111226,1.021112
2015-07-21,0.0,0.0,0.0,0.0,0.0,0.0,0.0,0.0,0.0,1.02111226,1.021112
2015-07-22,0.0,0.0,0.0,0.0,0.0,0.0,0.0,0.0,0.0,1.02111226,1.021112
2015-07-23,0.0,0.0,0.0,0.0,0.0,0.0,0.0,0.0,0.0,1.02111226,1.021112
2015-07-24,0.0,0.0,0.0,0.0,0.0,0.0,0.0,0.0,0.0,1.02111226,1.021112
2015-07-25,0.0,0.0,0.0,0.0,0.0,0.0,0.0,0.0,0.0,1.02111226,1.021112
2015-07-26,0.0,0.0,0.0,0.0,0.0,0.0,0.0,0.0,0.0,1.02111226,1.021112
2015-07-27,0.0,0.0,0.0,0.0,0.0,0.0,0.0,0.0,0.0,1.02111226,1.021112
2015-07-28,0.0,0.0,0.0,0.0,0.0,0.0,0.0,0.0,0.0,1.02111226,1.021112
2015-07-29,0.0,0.0,0.0,0.0,0.0,0.0,0.0,0.0,0.0,1.02111226,1.021112
2015-07-30,0.0,0.0,0.0,0.0,0.0,0.0,0.0,0.0,0.0,1.02111226,1.021112
2015-07-31,0.0,0.0,0.0,0.0,0.0,0.0,0.0,0.0,0.0,1.02111226,1.021112
2015-08-01,0.0,0.0,0.0,0.0,0.0,0.0,0.0,0.0,0.0,1.02111226,1.021112
2015-08-02,0.0,0.0,0.0,0.0,0.0,0.0,0.0,0.0,0.0,1.02111226,1.021112
2015-08-03,0.0,0.0,0.0,0.0,0.0,0.0,0.0,0.0,0.0,1.02111226,1.021112
2015-08-04,0.0,0.0,0.0,0.0,0.0,0.0,0.0,0.0,0.0,1.02111226,1.021112
2015-08-05,0.0,0.0,0.0,0.0,0.0,0.0,0.0,0.0,0.0,1.02111226,1.021112
2015-08-06,0.0,0.0,0.0,0.0,0.0,0.0,0.0,0.0,0.0,1.02111226,1.021112
2015-08-07,0.0,0.0,0.0,0.0,0.0,0.0,0.0,0.0,0.0,1.02111226,1.021112
2015-08-08,0.0,0.0,0.0,0.0,0.0,0.0,0.0,0.0,0.0,1.02111226,1.021112
2015-08-09,0.0,0.0,0.0,0.0,0.0,0.0,0.0,0.0,0.0,1.02111226,1.021112
2015-08-10,0.0,0.0,0.0,0.0,0.0,0.0,0.0,0.0,0.0,1.02111226,1.021112
2015-08-11,0.0,0.0,0.0,0.0,0.0,0.0,0.0,0.0,0.0,1.02111226,1.021112
2015-08-12,0.0,0.0,0.0,0.0,0.0,0.0,0.0,0.0,0.0,1.02111226,1.021112
2015-08-13,0.0,0.0,0.0,0.0,0.0,0.0,0.0,0.0,0.0,1.02111226,1.021112
2015-08-14,0.0,0.0,0.0,0.0,0.0,0.0,0.0,0.0,0.0,1.02111226,1.021112
2015-08-15,0.0,0.0,0.0,0.0,0.0,0.0,0.0,0.0,0.0,1.02111226,1.021112
2015-08-16,0.0,0.0,0.0,0.0,0.0,0.0,0.0,0.0,0.0,1.02111226,1.021112
2015-08-17,0.0,0.0,0.0,0.0,0.0,0.0,0.0,0.0,0.0,1.02111226,1.021112
2015-08-18,0.0,0.0,0.0,0.0,0.0,0.0,0.0,0.0,0.0,1.02111226,1.021112
2015-08-19,0.0,0.0,0.0,0.0,0.0,0.0,0.0,0.0,0.0,1.02111226,1.021112
2015-08-20,0.0,0.0,0.0,0.0,0.0,0.0,0.0,0.0,0.0,1.02111226,1.021112
2015-08-21,0.0,0.0,0.0,0.0,0.0,0.0,0.0,0.0,0.0,1.02111226,1.021112
2015-08-22,0.0,0.0,0.0,0.0,0.0,0.0,0.0,0.0,0.0,1.02111226,1.021112
2015-08-23,0.0,0.0,0.0,0.0,0.0,0.0,0.0,0.0,0.0,1.02111226,1.021112
2015-08-24,0.0,0.0,0.0,0.0,0.0,0.0,0.0,0.0,0.0,1.02111226,1.021112
2015-08-25,0.0,0.0,0.0,0.0,0.0,0.0,0.0,0.0,0.0,1.02111226,1.021112
2015-08-26,0.0,0.0,0.0,0.0,0.0,0.0,0.0,0.0,0.0,1.02111226,1.021112
2015-08-27,0.0,0.0,0.0,0.0,0.0,0.0,0.0,0.0,0.0,1.02111226,1.021112
2015-08-28,0.0,0.0,0.0,0.0,0.0,0.0,0.0,0.0,0.0,1.02111226,1.021112
2015-08-29,0.0,0.0,0.0,0.0,0.0,0.0,0.0,0.0,0.0,1.02111226,1.021112
2015-08-30,0.0,0.0,0.0,0.0,0.0,0.0,0.0,0.0,0.0,1.02111226,1.021112
2015-08-31,0.0,0.0,0.0,0.0,0.0,0.0,0.0,0.0,0.0,1.02111226,1.021112
2015-09-01,0.0,0.0,0.0,0.0,0.0,0.0,0.0,0.0,0.0,1.02111226,1.021112
2015-09-02,0.0,0.0,0.0,0.0,0.0,0.0,0.0,0.0,0.0,1.02111226,1.021112
2015-09-03,0.0,0.0,0.0,0.0,0.0,0.0,0.0,0.0,0.0,1.02111226,1.021112
2015-09-04,0.0,0.0,0.0,0.0,0.0,0.0,0.0,0.0,0.0,1.02111226,1.021112
2015-09-05,0.0,0.0,0.0,0.0,0.0,0.0,0.0,0.0,0.0,1.02111226,1.021112
2015-09-06,0.0,0.0,0.0,0.0,0.0,0.0,0.0,0.0,0.0,1.02111226,1.021112
2015-09-07,0.0,0.0,0.0,0.0,0.0,0.0,0.0,0.0,0.0,1.02111226,1.021112
2015-09-08,0.0,0.0,0.0,0.0,0.0,0.0,0.0,0.0,0.0,1.02111226,1.021112
2015-09-09,0.0,0.0,0.0,0.0,0.0,0.0,0.0,0.0,0.0,1.02111226,1.021112
2015-09-10,0.0,0.0,0.0,0.0,0.0,0.0,0.0,0.0,0.0,1.02111226,1.021112
2015-09-11,0.0,0.0,0.0,0.0,0.0,0.0,0.0,0.0,0.0,1.02111226,1.021112
2015-09-12,0.0,0.0,0.0,0.0,0.0,0.0,0.0,0.0,0.0,1.02111226,1.021112
2015-09-13,0.0,0.0,0.0,0.0,0.0,0.0,0.0,0.0,0.0,1.02111226,1.021112
2015-09-14,0.0,0.0,0.0,0.0,0.0,0.0,0.0,0.0,0.0,1.02111226,1.021112
2015-09-15,0.0,0.0,0.0,0.0,0.0,0.0,0.0,0.0,0.0,1.02111226,1.021112
2015-09-16,0.0,0.0,0.0,0.0,0.0,0.0,0.0,0.0,0.0,1.02111226,1.021112
2015-09-17,0.0,0.0,0.0,0.0,0.0,0.0,0.0,0.0,0.0,1.02111226,1.021112
2015-09-18,0.0,0.0,0.0,0.0,0.0,0.0,0.0,0.0,0.0,1.02111226,1.021112
2015-09-19,0.0,0.0,0.0,0.0,0.0,0.0,0.0,0.0,0.0,1.02111226,1.021112
2015-09-20,0.0,0.0,0.0,0.0,0.0,0.0,0.0,0.0,0.0,1.02111226,1.021112
2015-09-21,0.0,0.0,0.0,0.0,0.0,0.0,0.0,0.0,0.0,1.02111226,1.021112
2015-09-22,0.0,0.0,0.0,0.0,0.0,0.0,0.0,0.0,0.0,1.02111226,1.021112
2015-09-23,0.0,0.0,0.0,0.0,0.0,0.0,0.0,0.0,0.0,1.02111226,1.021112
2015-09-24,0.0,0.0,0.0,0.0,0.0,0.0,0.0,0.0,0.0,1.02111226,1.021112
2015-09-25,0.0,0.0,0.0,4.8,0.0,0.0,0.7468,0.0,0.0,1.02111226,1.021112
2015-09-26,0.0,0.0,0.0,0.0,0.0,0.0,0.0,0.0,0.0,1.02111226,1.021112
2015-09-27,0.0,0.0,0.0,0.0,0.0,0.0,0.0,0.0,0.0,1.02111226,1.021112
2015-09-28,0.0,0.0,0.0,0.0,0.0,0.0,0.0,0.0,0.0,1.02111226,1.021112
2015-09-29,0.0,0.0,0.0,0.0,0.0,0.0,0.0,0.0,0.0,1.02111226,1.021112
2015-09-30,0.0,0.0,0.0,0.0,0.0,0.0,0.0,0.0,0.0,1.02111226,1.021112
2015-10-01,0.0,0.0,0.0,0.0,0.0,0.0,0.0,0.0,0.0,1.02111226,1.021112
2015-10-02,0.0,0.0,0.0,0.0,0.0,0.0,0.0,0.0,0.0,1.02111226,1.021112
2015-10-03,0.0,0.0,0.0,0.0,0.0,0.0,0.0,0.0,0.0,1.02111226,1.021112
2015-10-04,0.0,0.0,0.0,0.0,0.0,0.0,0.0,0.0,0.0,1.02111226,1.021112
2015-10-05,0.0,0.0,0.0,0.0,0.0,0.0,0.0,0.0,0.0,1.02111226,1.021112
2015-10-06,0.0,0.0,0.0,0.0,0.0,0.0,0.0,0.0,0.0,1.02111226,1.021112
2015-10-07,0.0,0.0,0.0,0.0,0.0,0.0,0.0,0.0,0.0,1.02111226,1.021112
2015-10-08,0.0,0.0,0.0,0.0,0.0,0.0,0.0,0.0,0.0,1.02111226,1.021112
2015-10-09,0.0,0.0,0.0,0.0,0.0,0.0,0.0,0.0,0.0,1.02111226,1.021112
2015-10-10,0.0,0.0,0.0,0.0,0.0,0.0,0.0,0.0,0.0,1.02111226,1.021112
2015-10-11,0.0,0.0,0.0,0.0,0.0,0.0,0.0,0.0,0.0,1.02111226,1.021112
2015-10-12,0.0,0.0,0.0,0.0,0.0,0.0,0.0,0.0,0.0,1.02111226,1.021112
2015-10-13,0.0,0.0,0.0,0.0,0.0,0.0,0.0,0.0,0.0,1.02111226,1.021112
2015-10-14,0.0,0.0,0.0,0.0,0.0,0.0,0.0,0.0,0.0,1.02111226,1.021112
2015-10-15,0.0,0.0,0.0,0.0,0.0,0.0,0.0,0.0,0.0,1.02111226,1.021112
2015-10-16,0.0,0.0,0.0,0.0,0.0,0.0,0.0,0.0,0.0,1.02111226,1.021112
2015-10-17,0.0,0.0,0.0,0.0,0.0,0.0,0.0,0.0,0.0,1.02111226,1.021112
2015-10-18,0.0,0.0,0.0,0.0,0.0,0.0,0.0,0.0,0.0,1.02111226,1.021112
2015-10-19,0.0,0.0,0.0,0.0,0.0,0.0,0.0,0.0,0.0,1.02111226,1.021112
2015-10-20,0.0,0.0,0.0,0.0,0.0,0.0,0.0,0.0,0.0,1.02111226,1.021112
2015-10-21,0.0,0.0,0.0,0.0,0.0,0.0,0.0,0.0,0.0,1.02111226,1.021112
2015-10-22,0.0,0.0,0.0,0.0,0.0,0.0,0.0,0.0,0.0,1.02111226,1.021112
2015-10-23,0.0,0.0,0.0,0.0,0.0,0.0,0.0,0.0,0.0,1.02111226,1.021112
2015-10-24,0.0,0.0,0.0,0.0,0.0,0.0,0.0,0.0,0.0,1.02111226,1.021112
2015-10-25,0.0,0.0,0.0,0.0,0.0,0.0,0.0,0.0,0.0,1.02111226,1.021112
2015-10-26,0.0,0.0,0.0,0.0,0.0,0.0,0.0,0.0,0.0,1.02111226,1.021112
2015-10-27,0.0,0.0,0.0,0.0,0.0,0.0,0.0,0.0,0.0,1.02111226,1.021112
2015-10-28,0.0,0.0,0.0,0.0,0.0,0.0,0.0,0.0,0.0,1.02111226,1.021112
2015-10-29,0.0,0.0,0.0,0.0,0.0,0.0,0.0,0.0,0.0,1.02111226,1.021112
2015-10-30,0.0,0.0,0.0,0.0,0.0,0.0,0.0,0.0,0.0,1.02111226,1.021112
2015-10-31,0.0,0.0,0.0,0.0,0.0,0.0,0.0,0.0,0.0,1.02111226,1.021112
2015-11-01,0.0,0.0,0.0,0.0,0.0,0.0,0.0,0.0,0.0,1.02111226,1.021112
2015-11-02,0.0,0.0,0.0,0.0,0.0,0.0,0.0,0.0,0.0,1.02111226,1.021112
2015-11-03,0.0,0.0,0.0,0.0,0.0,0.0,0.0,0.0,0.0,1.02111226,1.021112
2015-11-04,0.0,0.0,0.0,0.0,0.0,0.0,0.0,0.0,0.0,1.02111226,1.021112
2015-11-05,0.0,0.0,0.0,0.0,0.0,0.0,0.0,0.0,0.0,1.02111226,1.021112
2015-11-06,0.0,0.0,0.0,0.0,0.0,0.0,0.0,0.0,0.0,1.02111226,1.021112
2015-11-07,0.0,0.0,0.0,0.0,0.0,0.0,0.0,0.0,0.0,1.02111226,1.021112
2015-11-08,0.0,75.0,0.0,21.0,0.0,0.0,15.6033,0.0,0.0,1.02111226,1.021112
2015-11-09,0.0,0.0,0.0,33.0,0.0,0.0,5.1339,0.0,0.0,1.02111226,1.021112
2015-11-10,0.0,0.0,0.0,1.0,0.0,0.0,0.1556,0.0,0.0,1.02111226,1.021112
2015-11-11,67.0,64.0,41.0,12.0,0.0,41.0,34.8159,3.776268,5.588353,1.02111226,6.609465
2015-11-12,0.0,12.0,0.0,29.0,0.0,11.8,9.014,0.0,0.0,1.02111226,1.021112
2015-11-13,0.0,19.0,0.0,5.0,0.0,1.2,4.1602,0.0,0.0,1.02111226,1.021112
2015-11-14,0.0,14.0,0.0,0.0,0.0,0.0,2.3028,0.0,0.0,1.02111226,1.021112
2015-11-15,0.0,0.0,0.0,0.0,0.0,0.0,0.0,0.0,0.0,1.02111226,1.021112
2015-11-16,0.0,0.0,0.0,0.0,0.0,0.0,0.0,0.0,0.0,1.02111226,1.021112
2015-11-17,0.0,0.0,0.0,0.0,0.0,0.0,0.0,0.0,0.0,1.02111226,1.021112
2015-11-18,0.0,0.0,0.0,0.0,0.0,0.0,0.0,0.0,0.0,1.02111226,1.021112
2015-11-19,0.0,0.0,0.0,6.0,0.0,0.0,0.9334,0.0,0.0,1.02111226,1.021112
2015-11-20,0.0,0.0,1.0,0.0,0.0,26.0,5.7369,0.0,0.0,1.02111226,1.021112
2015-11-21,0.0,17.0,0.0,0.0,0.0,0.0,2.7962,0.0,0.0,1.02111226,1.021112
2015-11-22,0.0,7.0,0.0,0.0,0.0,0.0,1.1514,0.0,0.0,1.02111226,1.021112
2015-11-23,0.0,0.0,0.0,11.0,0.0,0.0,1.7113,0.0,0.0,1.02111226,1.021112
2015-11-24,0.0,0.0,0.0,0.0,0.0,0.0,0.0,0.0,0.0,1.02111226,1.021112
2015-11-25,0.0,27.0,0.0,0.0,0.0,0.0,4.4411,0.0,0.0,1.02111226,1.021112
2015-11-26,91.0,15.0,93.0,30.5,0.0,11.4,34.3529,3.613273,5.347142,1.02111226,6.368254
2015-11-27,4.0,0.0,13.0,21.5,0.0,3.0,6.5485,0.0,0.0,1.02111226,1.021112
2015-11-28,21.0,0.0,1.0,0.0,0.0,2.0,2.741,0.0,0.0,1.02111226,1.021112
2015-11-29,0.0,0.0,0.0,0.0,0.0,18.0,3.8571,0.0,0.0,1.02111226,1.021112
2015-11-30,0.0,30.0,1.0,11.0,0.0,0.0,6.8113,0.0,0.0,1.02111226,1.021112
2015-12-01,0.0,0.0,4.0,0.0,0.0,0.0,0.6621,0.0,0.0,1.02111226,1.021112
2015-12-02,0.0,15.0,0.0,5.5,0.0,0.0,3.3229,0.0,0.0,1.02111226,1.021112
2015-12-03,9.0,13.0,31.0,17.0,0.0,6.0,12.1203,0.0,0.0,1.02111226,1.021112
2015-12-04,11.0,5.0,6.0,1.0,0.0,8.2,4.8529,0.0,0.0,1.02111226,1.021112
2015-12-05,10.0,0.0,24.0,0.0,0.0,41.2,13.8235,0.0,0.0,1.02111226,1.021112
2015-12-06,0.0,0.0,6.0,13.5,0.0,0.0,3.0934,0.0,0.0,1.02111226,1.021112
2015-12-07,0.0,0.0,2.0,0.0,0.0,3.4,1.0596,0.0,0.0,1.02111226,1.021112
2015-12-08,20.0,27.0,6.0,52.0,0.0,11.0,17.9259,0.064923,0.096078,1.02111226,1.11719
2015-12-09,19.0,49.0,26.0,48.0,0.0,57.8,34.159,3.545891,5.247426,1.02111226,6.268539
2015-12-10,0.0,3.0,0.0,7.0,0.0,0.0,1.5825,0.0,0.0,1.02111226,1.021112
2015-12-11,3.0,5.0,6.0,2.0,0.0,17.8,6.2477,0.0,0.0,1.02111226,1.021112
2015-12-12,0.0,0.0,0.0,1.0,0.0,0.0,0.1556,0.0,0.0,1.02111226,1.021112
2015-12-13,10.0,7.0,10.0,0.0,0.0,27.4,9.7004,0.0,0.0,1.02111226,1.021112
2015-12-14,2.0,0.0,3.0,0.0,0.0,0.0,0.7011,0.0,0.0,1.02111226,1.021112
2015-12-15,23.0,19.0,50.0,30.0,0.0,44.0,27.8488,1.648677,2.439813,1.02111226,3.460925
2015-12-16,7.0,32.0,8.0,38.0,0.0,10.8,15.5294,0.0,0.0,1.02111226,1.021112
2015-12-17,2.0,21.0,0.0,29.5,0.0,1.0,8.4623,0.0,0.0,1.02111226,1.021112
2015-12-18,8.0,7.0,10.0,24.0,0.0,11.6,9.844,0.0,0.0,1.02111226,1.021112
2015-12-19,0.0,14.0,1.0,38.0,0.0,5.8,9.6229,0.0,0.0,1.02111226,1.021112
2015-12-20,4.0,0.0,7.0,0.0,0.0,10.4,3.7962,0.0,0.0,1.02111226,1.021112
2015-12-21,0.0,12.0,7.0,0.0,0.0,0.0,3.1325,0.0,0.0,1.02111226,1.021112
2015-12-22,20.0,0.0,8.0,31.0,0.0,11.4,10.6346,0.0,0.0,1.02111226,1.021112
2015-12-23,16.0,0.0,9.0,0.0,0.0,0.0,3.1255,0.0,0.0,1.02111226,1.021112
2015-12-24,20.0,0.0,7.0,0.0,0.0,6.2,4.532,0.0,0.0,1.02111226,1.021112
2015-12-25,39.0,0.0,52.0,0.0,0.0,0.0,12.5948,0.0,0.0,1.02111226,1.021112
2015-12-26,0.0,0.0,0.0,0.0,0.0,0.0,0.0,0.0,0.0,1.02111226,1.021112
2015-12-27,0.0,0.0,0.0,0.0,0.0,0.0,0.0,0.0,0.0,1.02111226,1.021112
2015-12-28,0.0,0.0,0.0,0.0,0.0,0.0,0.0,0.0,0.0,1.02111226,1.021112
2015-12-29,0.0,0.0,0.0,0.0,0.0,0.0,0.0,0.0,0.0,1.02111226,1.021112
2015-12-30,0.0,0.0,0.0,0.0,0.0,0.0,0.0,0.0,0.0,1.02111226,1.021112
2015-12-31,0.0,0.0,0.0,0.0,0.0,0.0,0.0,0.0,0.0,1.02111226,1.021112
2016-01-01,0.0,0.0,0.0,0.0,0.0,0.0,0.0,0.0,0.0,1.02111226,1.021112
2016-01-02,2.0,71.0,0.0,0.5,2.0,0.0,12.3564,0.0,0.0,1.02111226,1.021112
2016-01-03,0.0,6.0,0.0,41.0,0.0,0.0,7.3654,0.0,0.0,1.02111226,1.021112
2016-01-04,0.0,12.0,0.0,2.0,0.0,0.0,2.2849,0.0,0.0,1.02111226,1.021112
2016-01-05,0.0,0.0,0.0,7.5,0.0,0.0,1.1668,0.0,0.0,1.02111226,1.021112
2016-01-06,0.0,0.0,0.0,0.0,0.0,22.0,4.7142,0.0,0.0,1.02111226,1.021112
2016-01-07,0.0,0.0,0.0,0.0,0.0,0.0,0.0,0.0,0.0,1.02111226,1.021112
2016-01-08,0.0,33.0,0.0,0.0,25.0,1.2,10.6325,0.0,0.0,1.02111226,1.021112
2016-01-09,0.0,0.0,0.0,0.0,6.0,0.0,1.1874,0.0,0.0,1.02111226,1.021112
2016-01-10,2.0,62.0,0.0,0.0,0.0,2.0,10.831,0.0,0.0,1.02111226,1.021112
2016-01-11,3.0,12.0,13.0,32.0,5.0,1.2,10.6574,0.0,0.0,1.02111226,1.021112
2016-01-12,4.0,0.0,0.0,9.0,0.0,7.4,3.3948,0.0,0.0,1.02111226,1.021112
2016-01-13,1.0,0.0,30.0,0.0,2.0,0.0,5.464,0.0,0.0,1.02111226,1.021112
2016-01-14,0.0,0.0,0.0,4.5,0.0,1.0,0.9144,0.0,0.0,1.02111226,1.021112
2016-01-15,0.0,0.0,0.0,0.0,20.0,3.4,4.6864,0.0,0.0,1.02111226,1.021112
2016-01-16,0.0,0.0,0.0,0.0,5.0,2.3,1.4823,0.0,0.0,1.02111226,1.021112
2016-01-17,0.0,7.0,0.0,3.0,5.0,0.0,2.6076,0.0,0.0,1.02111226,1.021112
2016-01-18,12.0,19.0,4.0,11.0,21.0,0.0,10.8812,0.0,0.0,1.02111226,1.021112
2016-01-19,0.0,2.0,2.0,66.5,70.0,74.6,40.8437,6.143209,9.091097,1.02111226,10.112209
2016-01-20,11.0,55.0,9.0,45.0,10.0,20.8,25.0978,1.020451,1.510126,1.02111226,2.531238
2016-01-21,4.0,31.0,5.0,41.0,15.0,10.0,17.8253,0.059412,0.087922,1.02111226,1.109034
2016-01-22,32.0,0.0,22.0,2.5,0.0,22.8,12.1878,0.0,0.0,1.02111226,1.021112
2016-01-23,4.0,10.0,27.0,0.0,6.0,0.0,7.7105,0.0,0.0,1.02111226,1.021112
2016-01-24,0.0,0.0,0.0,33.0,10.0,45.6,16.8841,0.019485,0.028835,1.02111226,1.049947
2016-01-25,0.0,22.0,0.0,0.0,0.0,0.0,3.6186,0.0,0.0,1.02111226,1.021112
2016-01-26,7.0,5.0,8.0,29.0,0.0,7.2,8.9168,0.0,0.0,1.02111226,1.021112
2016-01-27,3.0,19.0,9.0,1.0,10.0,5.6,8.2562,0.0,0.0,1.02111226,1.021112
2016-01-28,0.0,8.0,1.0,17.5,12.0,5.0,7.6501,0.0,0.0,1.02111226,1.021112
2016-01-29,0.0,0.0,0.0,0.0,0.0,0.0,0.0,0.0,0.0,1.02111226,1.021112
2016-01-30,0.0,4.0,0.0,8.5,10.0,0.0,3.9593,0.0,0.0,1.02111226,1.021112
2016-01-31,5.0,27.0,5.0,0.0,25.0,3.8,11.5415,0.0,0.0,1.02111226,1.021112
2016-02-01,32.0,13.0,34.0,57.0,41.0,8.2,29.7764,2.164239,3.202772,1.02111226,4.223885
2016-02-02,58.0,33.0,80.0,10.0,20.0,25.0,35.4708,4.011603,5.936616,1.02111226,6.957728
2016-02-03,15.0,5.0,15.0,38.0,30.0,45.6,26.4588,1.314862,1.945813,1.02111226,2.966926
2016-02-04,1.0,1.0,0.0,10.0,1.0,10.0,4.1632,0.0,0.0,1.02111226,1.021112
2016-02-05,41.0,38.0,46.0,0.0,3.0,3.2,19.3358,0.16679,0.246826,1.02111226,1.267938
2016-02-06,0.0,13.0,1.0,54.5,64.0,31.0,30.0906,2.25385,3.335385,1.02111226,4.356497
2016-02-07,13.0,10.0,19.0,12.0,4.0,0.8,8.9489,0.0,0.0,1.02111226,1.021112
2016-02-08,9.0,12.0,14.0,6.0,0.0,11.0,8.5019,0.0,0.0,1.02111226,1.021112
2016-02-09,7.0,15.0,16.0,9.5,25.0,6.0,13.5424,0.0,0.0,1.02111226,1.021112
2016-02-10,17.0,41.0,65.0,5.0,8.0,44.1,31.0522,2.537456,3.755083,1.02111226,4.776195
2016-02-11,77.0,10.0,65.0,20.0,1.0,8.4,25.3858,1.079999,1.598249,1.02111226,2.619362
2016-02-12,1.0,0.0,2.0,22.0,0.0,10.0,5.9987,0.0,0.0,1.02111226,1.021112
2016-02-13,0.0,1.0,0.0,0.0,0.0,1.4,0.4645,0.0,0.0,1.02111226,1.021112
2016-02-14,0.0,0.0,0.0,0.0,0.0,0.0,0.0,0.0,0.0,1.02111226,1.021112
2016-02-15,17.0,3.0,6.0,0.0,7.0,0.0,4.6099,0.0,0.0,1.02111226,1.021112
2016-02-16,2.0,5.0,6.0,0.0,3.0,0.0,2.6138,0.0,0.0,1.02111226,1.021112
2016-02-17,0.0,7.0,0.0,11.0,31.0,57.0,21.2115,0.370555,0.548371,1.02111226,1.569483
2016-02-18,0.0,0.0,0.0,14.0,41.0,0.0,10.2917,0.0,0.0,1.02111226,1.021112
2016-02-19,0.0,0.0,0.0,0.0,1.0,0.0,0.1979,0.0,0.0,1.02111226,1.021112
2016-02-20,0.0,27.0,0.0,0.0,0.0,0.0,4.4411,0.0,0.0,1.02111226,1.021112
2016-02-21,6.0,0.0,0.0,8.0,0.0,0.0,1.858,0.0,0.0,1.02111226,1.021112
2016-02-22,0.0,2.0,0.0,0.0,6.0,9.0,3.4449,0.0,0.0,1.02111226,1.021112
2016-02-23,0.0,8.0,0.0,28.0,0.0,0.0,5.6719,0.0,0.0,1.02111226,1.021112
2016-02-24,0.0,3.0,0.0,0.0,0.0,0.0,0.4935,0.0,0.0,1.02111226,1.021112
2016-02-25,0.0,0.0,0.0,10.5,5.0,0.0,2.623,0.0,0.0,1.02111226,1.021112
2016-02-26,8.0,18.0,16.0,0.0,2.0,0.0,6.8229,0.0,0.0,1.02111226,1.021112
2016-02-27,4.0,5.0,1.0,14.0,0.0,8.4,5.3749,0.0,0.0,1.02111226,1.021112
2016-02-28,7.0,72.0,17.0,8.5,8.0,5.6,19.478,0.179557,0.265719,1.02111226,1.286831
2016-02-29,8.0,9.0,14.0,51.0,5.0,7.2,15.0822,0.0,0.0,1.02111226,1.021112
2016-03-01,0.0,0.0,0.0,3.0,10.0,7.4,4.0314,0.0,0.0,1.02111226,1.021112
2016-03-02,8.0,10.0,0.0,0.0,25.0,0.0,7.4101,0.0,0.0,1.02111226,1.021112
2016-03-03,2.0,2.0,3.0,107.0,15.0,0.0,20.6448,0.30105,0.445513,1.02111226,1.466625
2016-03-04,0.0,4.0,8.0,0.0,0.0,0.0,1.9822,0.0,0.0,1.02111226,1.021112
2016-03-05,11.0,77.0,8.0,0.0,16.0,0.0,18.2804,0.086241,0.127625,1.02111226,1.148737
2016-03-06,1.0,30.0,3.0,19.0,25.0,49.0,23.9364,0.795768,1.177626,1.02111226,2.198739
2016-03-07,9.0,51.0,0.0,15.0,4.0,8.6,14.2768,0.0,0.0,1.02111226,1.021112
2016-03-08,0.0,37.0,1.0,0.0,7.0,0.0,7.6367,0.0,0.0,1.02111226,1.021112
2016-03-09,0.0,44.0,6.0,21.0,25.0,1.4,16.7449,0.015394,0.022781,1.02111226,1.043893
2016-03-10,0.0,3.0,0.0,0.0,20.0,5.6,5.6513,0.0,0.0,1.02111226,1.021112
2016-03-11,0.0,39.0,0.0,30.0,0.0,0.0,11.0821,0.0,0.0,1.02111226,1.021112
2016-03-12,0.0,0.0,3.0,30.0,10.0,28.0,13.1426,0.0,0.0,1.02111226,1.021112
2016-03-13,0.0,7.0,0.0,6.5,4.0,0.0,2.9542,0.0,0.0,1.02111226,1.021112
2016-03-14,0.0,0.0,0.0,29.0,0.0,0.0,4.5116,0.0,0.0,1.02111226,1.021112
2016-03-15,0.0,0.0,0.0,5.0,12.0,1.4,3.4526,0.0,0.0,1.02111226,1.021112
2016-03-16,0.0,0.0,0.0,0.0,3.0,0.0,0.5937,0.0,0.0,1.02111226,1.021112
2016-03-17,0.0,27.0,0.0,9.0,4.0,14.6,9.7613,0.0,0.0,1.02111226,1.021112
2016-03-18,0.0,4.0,0.0,13.0,0.0,3.2,3.3661,0.0,0.0,1.02111226,1.021112
2016-03-19,0.0,0.0,0.0,67.0,25.0,0.0,15.3708,0.0,0.0,1.02111226,1.021112
2016-03-20,1.0,0.0,45.0,0.0,0.0,1.2,7.8083,0.0,0.0,1.02111226,1.021112
2016-03-21,0.0,0.0,0.0,0.0,20.0,3.2,4.6436,0.0,0.0,1.02111226,1.021112
2016-03-22,4.0,14.0,3.0,0.0,15.0,1.4,6.4767,0.0,0.0,1.02111226,1.021112
2016-03-23,29.0,27.0,7.0,2.0,0.0,7.0,10.3757,0.0,0.0,1.02111226,1.021112
2016-03-24,13.0,9.0,6.0,28.0,6.0,28.4,15.4316,0.0,0.0,1.02111226,1.021112
2016-03-25,16.0,15.0,3.0,0.0,9.0,1.6,6.7235,0.0,0.0,1.02111226,1.021112
2016-03-26,5.0,4.0,2.0,42.5,40.0,51.6,27.0848,1.461146,2.162293,1.02111226,3.183405
2016-03-27,0.0,59.0,0.0,2.0,30.0,3.0,16.5954,0.011531,0.017065,1.02111226,1.038177
2016-03-28,28.0,42.0,39.0,55.0,7.0,0.0,26.1684,1.249301,1.848791,1.02111226,2.869904
2016-03-29,25.0,27.0,34.0,39.5,75.0,31.4,40.3407,5.929277,8.774507,1.02111226,9.795619
2016-03-30,6.0,38.0,35.0,60.0,63.0,22.6,39.3019,5.496546,8.134125,1.02111226,9.155237
2016-03-31,16.0,0.0,1.0,59.0,88.0,64.8,42.2803,6.76944,10.017831,1.02111226,11.038943
2016-04-01,3.0,0.0,29.0,0.0,0.0,14.8,8.2785,0.0,0.0,1.02111226,1.021112
2016-04-02,1.0,9.0,1.0,0.0,0.0,17.8,5.5623,0.0,0.0,1.02111226,1.021112
2016-04-03,4.0,29.0,42.0,3.0,32.0,48.0,29.2161,2.008285,2.971983,1.02111226,3.993095
2016-04-04,0.0,11.0,0.0,12.0,10.0,23.6,10.7122,0.0,0.0,1.02111226,1.021112
2016-04-05,0.0,26.0,0.0,0.0,0.0,0.0,4.2766,0.0,0.0,1.02111226,1.021112
2016-04-06,0.0,1.0,2.0,15.0,5.0,1.4,4.1186,0.0,0.0,1.02111226,1.021112
2016-04-07,0.0,0.0,2.0,0.0,0.0,4.0,1.1882,0.0,0.0,1.02111226,1.021112
2016-04-08,43.0,52.0,18.0,1.0,16.0,3.4,19.9793,0.228128,0.337597,1.02111226,1.35871
2016-04-09,0.0,2.0,0.0,23.0,70.0,36.0,25.4739,1.09852,1.625657,1.02111226,2.646769
2016-04-10,6.0,0.0,0.0,0.0,0.0,1.4,0.9134,0.0,0.0,1.02111226,1.021112
2016-04-11,16.0,19.0,25.0,0.0,24.0,1.0,13.863,0.0,0.0,1.02111226,1.021112
2016-04-12,11.0,51.0,2.0,29.5,7.0,77.4,32.4044,2.959499,4.379648,1.02111226,5.40076
2016-04-13,35.0,20.0,46.0,18.0,9.0,1.6,19.4066,0.173085,0.256142,1.02111226,1.277255
2016-04-14,2.0,12.0,18.0,18.0,10.0,25.0,15.2942,0.0,0.0,1.02111226,1.021112
2016-04-15,0.0,0.0,0.0,22.0,25.0,24.8,13.6842,0.0,0.0,1.02111226,1.021112
2016-04-16,12.0,20.0,59.0,0.0,3.0,0.0,14.8765,0.0,0.0,1.02111226,1.021112
2016-04-17,4.0,5.0,21.0,25.0,5.0,22.2,14.3434,0.0,0.0,1.02111226,1.021112
2016-04-18,0.0,0.0,0.0,14.5,9.0,5.0,5.1083,0.0,0.0,1.02111226,1.021112
2016-04-19,0.0,22.0,0.0,0.0,10.0,0.0,5.5976,0.0,0.0,1.02111226,1.021112
2016-04-20,0.0,0.0,0.0,0.0,71.0,0.0,14.0505,0.0,0.0,1.02111226,1.021112
2016-04-21,0.0,7.0,3.0,0.0,8.0,0.0,3.2311,0.0,0.0,1.02111226,1.021112
2016-04-22,43.0,0.0,16.0,21.5,10.0,0.0,12.3684,0.0,0.0,1.02111226,1.021112
2016-04-23,1.0,10.0,0.0,0.0,5.0,11.6,5.2222,0.0,0.0,1.02111226,1.021112
2016-04-24,0.0,0.0,0.0,0.0,20.0,0.0,3.9579,0.0,0.0,1.02111226,1.021112
2016-04-25,0.0,0.0,0.0,0.0,0.0,1.8,0.3857,0.0,0.0,1.02111226,1.021112
2016-04-26,8.0,0.0,25.0,0.0,0.0,0.0,4.9562,0.0,0.0,1.02111226,1.021112
2016-04-27,0.0,3.0,0.0,1.5,14.0,57.0,15.7114,6.5e-05,9.6e-05,1.02111226,1.021209
2016-04-28,0.0,68.0,0.0,0.0,0.0,0.0,11.1849,0.0,0.0,1.02111226,1.021112
2016-04-29,0.0,0.0,3.0,0.0,0.0,0.0,0.4966,0.0,0.0,1.02111226,1.021112
2016-04-30,0.0,20.0,0.0,2.0,0.0,0.0,3.6008,0.0,0.0,1.02111226,1.021112
2016-05-01,1.0,18.0,1.0,0.0,25.0,3.0,8.8187,0.0,0.0,1.02111226,1.021112
2016-05-02,0.0,0.0,0.0,14.0,9.0,9.4,5.9733,0.0,0.0,1.02111226,1.021112
2016-05-03,0.0,3.0,0.0,0.0,0.0,15.0,3.7077,0.0,0.0,1.02111226,1.021112
2016-05-04,0.0,0.0,0.0,0.0,0.0,1.8,0.3857,0.0,0.0,1.02111226,1.021112
2016-05-05,0.0,42.0,0.0,0.0,5.0,0.0,7.8978,0.0,0.0,1.02111226,1.021112
2016-05-06,6.0,0.0,31.0,0.0,2.0,5.8,7.3835,0.0,0.0,1.02111226,1.021112
2016-05-07,0.0,0.0,0.0,1.0,5.0,0.0,1.145,0.0,0.0,1.02111226,1.021112
2016-05-08,78.0,38.0,34.0,2.0,3.0,8.0,22.4719,0.548911,0.812311,1.02111226,1.833424
2016-05-09,2.0,3.0,0.0,28.0,22.0,14.8,12.579,0.0,0.0,1.02111226,1.021112
2016-05-10,2.0,0.0,1.0,9.0,10.0,3.0,4.392,0.0,0.0,1.02111226,1.021112
2016-05-11,0.0,3.0,9.0,2.5,3.0,1.0,3.1801,0.0,0.0,1.02111226,1.021112
2016-05-12,0.0,74.0,1.0,0.0,20.0,20.0,20.5808,0.293625,0.434524,1.02111226,1.455636
2016-05-13,0.0,0.0,13.0,49.0,30.0,0.0,15.7119,6.6e-05,9.8e-05,1.02111226,1.02121
2016-05-14,6.0,0.0,22.0,0.0,5.0,4.2,6.1445,0.0,0.0,1.02111226,1.021112
2016-05-15,0.0,29.0,1.0,0.0,0.0,6.0,6.2212,0.0,0.0,1.02111226,1.021112
2016-05-16,0.0,0.0,1.0,1.0,1.0,3.4,1.2476,0.0,0.0,1.02111226,1.021112
2016-05-17,0.0,2.0,0.0,20.0,2.0,3.8,4.6505,0.0,0.0,1.02111226,1.021112
2016-05-18,0.0,0.0,0.0,0.0,0.0,0.0,0.0,0.0,0.0,1.02111226,1.021112
2016-05-19,0.0,15.0,0.0,0.0,0.0,3.0,3.1101,0.0,0.0,1.02111226,1.021112
2016-05-20,0.0,7.0,0.0,1.5,0.0,0.0,1.3847,0.0,0.0,1.02111226,1.021112
2016-05-21,0.0,4.0,0.0,0.0,0.0,0.0,0.6579,0.0,0.0,1.02111226,1.021112
2016-05-22,0.0,56.0,6.0,47.0,8.0,0.0,19.0994,0.146555,0.216881,1.02111226,1.237993
2016-05-23,0.0,27.0,0.0,50.0,0.0,0.0,12.2197,0.0,0.0,1.02111226,1.021112
2016-05-24,0.0,3.0,0.0,0.0,0.0,16.4,4.0077,0.0,0.0,1.02111226,1.021112
2016-05-25,0.0,0.0,0.0,0.0,0.0,0.0,0.0,0.0,0.0,1.02111226,1.021112
2016-05-26,0.0,0.0,0.0,9.0,0.0,0.0,1.4002,0.0,0.0,1.02111226,1.021112
2016-05-27,6.0,20.0,0.0,0.0,0.0,0.0,3.9031,0.0,0.0,1.02111226,1.021112
2016-05-28,0.0,5.0,6.0,32.0,15.0,1.8,10.1481,0.0,0.0,1.02111226,1.021112
2016-05-29,3.0,5.0,2.0,0.0,30.0,0.0,7.397,0.0,0.0,1.02111226,1.021112
2016-05-30,62.0,9.0,22.0,50.0,20.0,3.2,23.8829,0.786023,1.163205,1.02111226,2.184318
2016-05-31,6.0,1.0,6.0,30.0,5.0,13.0,10.2134,0.0,0.0,1.02111226,1.021112
2016-06-01,0.0,0.0,0.0,0.0,0.0,0.0,0.0,0.0,0.0,1.02111226,1.021112
2016-06-02,0.0,0.0,0.0,0.0,0.0,1.0,0.2143,0.0,0.0,1.02111226,1.021112
2016-06-03,0.0,0.0,0.0,0.0,0.0,0.0,0.0,0.0,0.0,1.02111226,1.021112
2016-06-04,0.0,0.0,0.0,0.0,1.0,0.0,0.1979,0.0,0.0,1.02111226,1.021112
2016-06-05,0.0,0.0,2.0,0.0,0.0,0.0,0.3311,0.0,0.0,1.02111226,1.021112
2016-06-06,35.0,50.0,36.0,0.0,0.0,3.0,18.4044,0.094386,0.139678,1.02111226,1.160791
2016-06-07,44.0,4.0,47.0,16.0,8.0,0.0,17.0086,0.023541,0.034837,1.02111226,1.055949
2016-06-08,0.0,0.0,0.0,2.5,0.0,87.6,19.16,0.151626,0.224385,1.02111226,1.245497
2016-06-09,21.0,2.0,23.0,0.0,0.0,0.0,6.2831,0.0,0.0,1.02111226,1.021112
2016-06-10,0.0,0.0,1.0,32.0,15.0,2.0,8.5409,0.0,0.0,1.02111226,1.021112
2016-06-11,13.0,39.0,2.0,0.0,0.0,5.0,9.1464,0.0,0.0,1.02111226,1.021112
2016-06-12,0.0,2.0,0.0,0.0,0.0,13.0,3.1146,0.0,0.0,1.02111226,1.021112
2016-06-13,0.0,4.0,0.0,8.0,5.0,0.0,2.892,0.0,0.0,1.02111226,1.021112
2016-06-14,0.0,3.0,7.0,9.0,4.0,0.0,3.8439,0.0,0.0,1.02111226,1.021112
2016-06-15,33.0,9.0,19.0,8.0,10.0,41.2,20.0512,0.235545,0.348573,1.02111226,1.369685
2016-06-16,0.0,2.0,0.0,25.0,0.0,10.0,6.3611,0.0,0.0,1.02111226,1.021112
2016-06-17,0.0,0.0,0.0,0.0,1.0,0.0,0.1979,0.0,0.0,1.02111226,1.021112
2016-06-18,112.0,88.0,94.0,7.0,3.0,0.0,43.1675,7.167163,10.606405,1.02111226,11.627518
2016-06-19,15.0,5.0,36.0,57.0,2.0,103.6,39.7782,5.69341,8.425457,1.02111226,9.446569
2016-06-20,0.0,0.0,0.0,0.0,5.0,15.0,4.2037,0.0,0.0,1.02111226,1.021112
2016-06-21,0.0,0.0,0.0,0.0,10.0,0.0,1.9789,0.0,0.0,1.02111226,1.021112
2016-06-22,0.0,39.0,0.0,5.0,0.0,0.0,7.1927,0.0,0.0,1.02111226,1.021112
2016-06-23,0.0,0.0,0.0,2.0,2.0,13.0,3.4926,0.0,0.0,1.02111226,1.021112
2016-06-24,0.0,0.0,0.0,0.0,4.0,0.0,0.7916,0.0,0.0,1.02111226,1.021112
2016-06-25,0.0,0.0,0.0,0.0,0.0,0.0,0.0,0.0,0.0,1.02111226,1.021112
2016-06-26,11.0,0.0,18.0,0.0,3.0,0.0,4.6978,0.0,0.0,1.02111226,1.021112
2016-06-27,0.0,0.0,5.0,0.0,0.0,2.8,1.4276,0.0,0.0,1.02111226,1.021112
2016-06-28,1.0,0.0,1.0,0.0,0.0,11.2,2.6677,0.0,0.0,1.02111226,1.021112
2016-06-29,0.0,2.0,0.0,0.0,0.0,1.2,0.5861,0.0,0.0,1.02111226,1.021112
2016-06-30,0.0,1.0,0.0,0.0,0.0,0.0,0.1645,0.0,0.0,1.02111226,1.021112
2016-07-01,0.0,6.0,1.0,0.0,0.0,0.0,1.1524,0.0,0.0,1.02111226,1.021112
2016-07-02,1.0,0.0,1.0,0.0,0.0,1.2,0.5249,0.0,0.0,1.02111226,1.021112
2016-07-03,0.0,0.0,0.0,0.0,1.0,0.0,0.1979,0.0,0.0,1.02111226,1.021112
2016-07-04,0.0,0.0,0.0,0.0,0.0,0.0,0.0,0.0,0.0,1.02111226,1.021112
2016-07-05,0.0,0.0,0.0,0.0,0.0,0.0,0.0,0.0,0.0,1.02111226,1.021112
2016-07-06,0.0,0.0,0.0,0.0,0.0,0.0,0.0,0.0,0.0,1.02111226,1.021112
2016-07-07,0.0,0.0,2.0,0.0,0.0,0.0,0.3311,0.0,0.0,1.02111226,1.021112
2016-07-08,0.0,0.0,0.0,0.0,0.0,2.0,0.4286,0.0,0.0,1.02111226,1.021112
2016-07-09,0.0,0.0,0.0,0.0,0.0,0.0,0.0,0.0,0.0,1.02111226,1.021112
2016-07-10,7.0,0.0,46.0,0.0,0.0,0.0,8.3301,0.0,0.0,1.02111226,1.021112
2016-07-11,0.0,0.0,17.0,0.0,0.0,0.0,2.814,0.0,0.0,1.02111226,1.021112
2016-07-12,0.0,0.0,17.0,0.0,0.0,9.0,4.7426,0.0,0.0,1.02111226,1.021112
2016-07-13,0.0,0.0,13.0,0.0,0.0,0.0,2.1519,0.0,0.0,1.02111226,1.021112
2016-07-14,0.0,0.0,0.0,0.0,5.0,2.0,1.418,0.0,0.0,1.02111226,1.021112
2016-07-15,0.0,50.0,0.0,0.0,0.0,1.8,8.6099,0.0,0.0,1.02111226,1.021112
2016-07-16,0.0,10.0,4.0,55.0,18.0,10.0,16.5684,0.010894,0.016122,1.02111226,1.037235
2016-07-17,0.0,8.0,0.0,0.0,1.0,11.2,3.9137,0.0,0.0,1.02111226,1.021112
2016-07-18,10.0,0.0,5.0,2.0,0.0,0.0,2.1612,0.0,0.0,1.02111226,1.021112
2016-07-19,5.0,0.0,26.0,1.5,0.0,9.8,7.1483,0.0,0.0,1.02111226,1.021112
2016-07-20,28.0,0.0,36.0,0.0,0.0,0.0,8.8217,0.0,0.0,1.02111226,1.021112
2016-07-21,3.0,0.0,0.0,0.0,0.0,0.0,0.3067,0.0,0.0,1.02111226,1.021112
2016-07-22,0.0,3.0,1.0,0.0,0.0,8.4,2.4589,0.0,0.0,1.02111226,1.021112
2016-07-23,0.0,10.0,0.0,0.0,0.0,0.0,1.6448,0.0,0.0,1.02111226,1.021112
2016-07-24,0.0,0.0,0.0,0.0,0.0,0.0,0.0,0.0,0.0,1.02111226,1.021112
2016-07-25,5.0,0.0,3.0,0.0,3.0,0.0,1.6015,0.0,0.0,1.02111226,1.021112
2016-07-26,13.0,0.0,17.0,0.0,0.0,1.0,4.3574,0.0,0.0,1.02111226,1.021112
2016-07-27,0.0,0.0,0.0,4.0,0.0,9.4,2.6365,0.0,0.0,1.02111226,1.021112
2016-07-28,0.0,0.0,13.0,0.0,3.0,0.0,2.7456,0.0,0.0,1.02111226,1.021112
2016-07-29,13.0,0.0,10.0,0.0,1.0,1.2,3.4394,0.0,0.0,1.02111226,1.021112
2016-07-30,10.0,0.0,21.0,0.0,1.0,2.0,5.125,0.0,0.0,1.02111226,1.021112
2016-07-31,13.0,0.0,19.0,0.0,0.0,18.8,8.5026,0.0,0.0,1.02111226,1.021112
2016-08-01,0.0,0.0,0.0,0.0,0.0,1.0,0.2143,0.0,0.0,1.02111226,1.021112
2016-08-02,2.0,0.0,8.0,0.0,1.0,12.2,4.3409,0.0,0.0,1.02111226,1.021112
2016-08-03,38.0,10.0,44.0,1.0,1.0,10.4,15.3951,0.0,0.0,1.02111226,1.021112
2016-08-04,0.0,0.0,5.0,0.0,2.0,8.0,2.9377,0.0,0.0,1.02111226,1.021112
2016-08-05,2.0,0.0,1.0,4.0,0.0,4.4,1.9351,0.0,0.0,1.02111226,1.021112
2016-08-06,0.0,6.0,2.0,0.0,1.0,0.0,1.5159,0.0,0.0,1.02111226,1.021112
2016-08-07,0.0,25.0,0.0,5.0,9.0,3.0,7.3139,0.0,0.0,1.02111226,1.021112
2016-08-08,5.0,50.0,20.0,18.0,25.0,0.0,19.7937,0.209501,0.310032,1.02111226,1.331145
2016-08-09,0.0,0.0,0.0,24.0,50.0,15.6,16.9713,0.022286,0.03298,1.02111226,1.054093
2016-08-10,0.0,0.0,0.0,0.0,0.0,0.0,0.0,0.0,0.0,1.02111226,1.021112
2016-08-11,4.0,0.0,15.0,0.0,0.0,0.0,2.8919,0.0,0.0,1.02111226,1.021112
2016-08-12,83.0,10.0,23.0,0.0,5.0,0.0,14.9271,0.0,0.0,1.02111226,1.021112
2016-08-13,35.0,11.0,38.0,15.5,10.0,88.4,35.0106,3.845641,5.691015,1.02111226,6.712127
2016-08-14,0.0,0.0,3.0,12.0,2.0,196.2,44.8014,7.920809,11.721697,1.02111226,12.742809
2016-08-15,0.0,0.0,3.0,0.0,1.0,2.4,1.2088,0.0,0.0,1.02111226,1.021112
2016-08-16,0.0,0.0,38.0,1.0,0.0,0.0,6.4457,0.0,0.0,1.02111226,1.021112
2016-08-17,0.0,0.0,0.0,0.0,0.0,0.0,0.0,0.0,0.0,1.02111226,1.021112
2016-08-18,0.0,0.0,0.0,10.0,0.0,0.0,1.5557,0.0,0.0,1.02111226,1.021112
2016-08-19,0.0,0.0,0.0,0.0,0.0,0.0,0.0,0.0,0.0,1.02111226,1.021112
2016-08-20,0.0,0.0,0.0,0.0,0.0,0.0,0.0,0.0,0.0,1.02111226,1.021112
2016-08-21,0.0,0.0,0.0,0.0,0.0,0.0,0.0,0.0,0.0,1.02111226,1.021112
2016-08-22,0.0,0.0,0.0,0.0,0.0,0.0,0.0,0.0,0.0,1.02111226,1.021112
2016-08-23,0.0,0.0,5.0,0.0,0.0,0.0,0.8277,0.0,0.0,1.02111226,1.021112
2016-08-24,0.0,0.0,2.0,0.0,0.0,0.0,0.3311,0.0,0.0,1.02111226,1.021112
2016-08-25,0.0,0.0,0.0,0.0,0.0,0.0,0.0,0.0,0.0,1.02111226,1.021112
2016-08-26,0.0,0.0,0.0,0.0,0.0,0.0,0.0,0.0,0.0,1.02111226,1.021112
2016-08-27,2.0,47.0,0.0,0.0,0.0,0.0,7.9352,0.0,0.0,1.02111226,1.021112
2016-08-28,0.0,3.0,0.0,19.0,52.0,1.6,14.0827,0.0,0.0,1.02111226,1.021112
2016-08-29,0.0,0.0,0.0,1.5,25.0,0.0,5.1807,0.0,0.0,1.02111226,1.021112
2016-08-30,0.0,0.0,0.0,0.0,0.0,0.0,0.0,0.0,0.0,1.02111226,1.021112
2016-08-31,0.0,0.0,0.0,0.0,0.0,0.0,0.0,0.0,0.0,1.02111226,1.021112
2016-09-01,0.0,0.0,0.0,0.0,0.0,0.0,0.0,0.0,0.0,1.02111226,1.021112
2016-09-02,0.0,0.0,0.0,0.0,0.0,11.6,2.4857,0.0,0.0,1.02111226,1.021112
2016-09-03,0.0,0.0,0.0,0.0,0.0,0.0,0.0,0.0,0.0,1.02111226,1.021112
2016-09-04,0.0,23.0,0.0,0.0,0.0,0.0,3.7831,0.0,0.0,1.02111226,1.021112
2016-09-05,0.0,0.0,0.0,0.0,0.0,0.0,0.0,0.0,0.0,1.02111226,1.021112
2016-09-06,0.0,2.0,0.0,0.0,0.0,0.0,0.329,0.0,0.0,1.02111226,1.021112
2016-09-07,25.0,0.0,15.0,0.0,0.0,0.0,5.0388,0.0,0.0,1.02111226,1.021112
2016-09-08,2.0,0.0,24.0,0.0,0.0,0.0,4.1772,0.0,0.0,1.02111226,1.021112
2016-09-09,112.0,0.0,121.0,0.0,0.0,16.4,34.9938,3.839645,5.682141,1.02111226,6.703253
2016-09-10,30.0,0.0,13.0,0.0,0.0,6.0,6.5047,0.0,0.0,1.02111226,1.021112
2016-09-11,6.0,0.0,31.0,0.0,0.0,3.4,6.4734,0.0,0.0,1.02111226,1.021112
2016-09-12,2.0,5.0,8.0,0.0,0.0,0.0,2.3511,0.0,0.0,1.02111226,1.021112
2016-09-13,0.0,0.0,0.0,10.0,0.0,0.0,1.5557,0.0,0.0,1.02111226,1.021112
2016-09-14,0.0,0.0,1.0,0.0,0.0,0.0,0.1655,0.0,0.0,1.02111226,1.021112
2016-09-15,23.0,0.0,134.0,20.5,0.0,0.0,27.7218,1.616839,2.392697,1.02111226,3.413809
2016-09-16,14.0,0.0,16.0,0.0,4.0,0.0,4.8714,0.0,0.0,1.02111226,1.021112
2016-09-17,0.0,83.0,145.0,0.0,5.0,2.0,39.0721,5.402497,7.994945,1.02111226,9.016057
2016-09-18,34.0,0.0,10.0,50.0,55.0,6.6,25.2085,1.043156,1.543727,1.02111226,2.564839
2016-09-19,2.0,35.0,28.0,0.0,0.0,0.0,10.5963,0.0,0.0,1.02111226,1.021112
2016-09-20,0.0,0.0,8.0,41.0,25.0,57.0,24.8642,0.973263,1.440293,1.02111226,2.461406
2016-09-21,16.0,0.0,4.0,0.0,0.0,0.0,2.2979,0.0,0.0,1.02111226,1.021112
2016-09-22,8.0,0.0,4.0,22.0,0.0,11.8,7.4312,0.0,0.0,1.02111226,1.021112
2016-09-23,6.0,20.0,30.0,18.0,8.0,4.4,14.1953,0.0,0.0,1.02111226,1.021112
2016-09-24,17.0,16.0,18.0,4.0,57.0,6.4,20.623,0.298504,0.441745,1.02111226,1.462857
2016-09-25,0.0,4.0,2.0,0.0,27.0,24.0,11.4749,0.0,0.0,1.02111226,1.021112
2016-09-26,12.0,22.0,31.0,1.5,5.0,11.0,13.5569,0.0,0.0,1.02111226,1.021112
2016-09-27,99.0,0.0,124.0,9.0,44.0,10.4,42.9832,7.083853,10.483119,1.02111226,11.504231
2016-09-28,0.0,0.0,1.0,25.0,3.0,13.6,7.5628,0.0,0.0,1.02111226,1.021112
2016-09-29,1.0,0.0,3.0,0.0,1.0,0.0,0.7967,0.0,0.0,1.02111226,1.021112
2016-09-30,2.0,0.0,10.0,0.0,0.0,0.0,1.8598,0.0,0.0,1.02111226,1.021112
2016-10-01,27.0,16.0,22.0,3.5,1.0,0.0,9.7762,0.0,0.0,1.02111226,1.021112
2016-10-02,3.0,27.0,2.0,10.0,10.0,7.2,10.1563,0.0,0.0,1.02111226,1.021112
2016-10-03,0.0,0.0,0.0,30.0,30.0,31.4,17.3325,0.035857,0.053063,1.02111226,1.074175
2016-10-04,0.0,12.0,0.0,6.0,1.0,0.0,3.1051,0.0,0.0,1.02111226,1.021112
2016-10-05,0.0,11.0,2.0,0.0,8.0,2.4,4.2378,0.0,0.0,1.02111226,1.021112
2016-10-06,0.0,8.0,0.0,8.0,17.0,0.0,5.9247,0.0,0.0,1.02111226,1.021112
2016-10-07,0.0,15.0,0.0,20.0,22.0,6.0,11.2181,0.0,0.0,1.02111226,1.021112
2016-10-08,14.0,42.0,21.0,16.0,5.0,0.0,15.2944,0.0,0.0,1.02111226,1.021112
2016-10-09,7.0,52.0,18.0,17.5,45.0,26.0,29.4475,2.072086,3.066399,1.02111226,4.087511
2016-10-10,6.0,10.0,3.0,8.0,8.0,15.0,8.7968,0.0,0.0,1.02111226,1.021112
2016-10-11,0.0,0.0,0.0,3.5,0.0,1.4,0.8445,0.0,0.0,1.02111226,1.021112
2016-10-12,11.0,0.0,19.0,0.0,3.0,0.0,4.8634,0.0,0.0,1.02111226,1.021112
2016-10-13,28.0,0.0,7.0,0.0,0.0,0.0,4.0213,0.0,0.0,1.02111226,1.021112
2016-10-14,45.0,0.0,61.0,0.0,1.0,5.0,15.9673,0.001364,0.002019,1.02111226,1.023131
2016-10-15,0.0,2.0,1.0,3.0,2.0,48.2,11.6854,0.0,0.0,1.02111226,1.021112
2016-10-16,0.0,3.0,0.0,11.5,0.0,0.0,2.2825,0.0,0.0,1.02111226,1.021112
2016-10-17,0.0,0.0,0.0,0.0,1.0,5.2,1.3122,0.0,0.0,1.02111226,1.021112
2016-10-18,0.0,0.0,0.0,0.0,0.0,0.0,0.0,0.0,0.0,1.02111226,1.021112
2016-10-19,0.0,0.0,3.0,0.0,0.0,0.0,0.4966,0.0,0.0,1.02111226,1.021112
2016-10-20,18.0,19.0,21.0,0.0,0.0,2.6,8.9987,0.0,0.0,1.02111226,1.021112
2016-10-21,2.0,0.0,28.0,7.0,0.0,38.6,14.1996,0.0,0.0,1.02111226,1.021112
2016-10-22,1.0,0.0,5.0,6.0,6.0,0.0,3.0507,0.0,0.0,1.02111226,1.021112
2016-10-23,4.0,9.0,3.0,5.0,20.0,4.8,8.1502,0.0,0.0,1.02111226,1.021112
2016-10-24,10.0,9.0,6.0,2.0,0.0,0.0,3.807,0.0,0.0,1.02111226,1.021112
2016-10-25,4.0,1.0,2.0,0.0,2.0,11.6,3.7859,0.0,0.0,1.02111226,1.021112
2016-10-26,1.0,10.0,2.0,0.0,0.0,3.4,2.8067,0.0,0.0,1.02111226,1.021112
2016-10-27,2.0,25.0,9.0,1.5,18.0,4.0,10.4589,0.0,0.0,1.02111226,1.021112
2016-10-28,4.0,37.0,27.0,28.0,15.0,0.0,18.2886,0.086773,0.128413,1.02111226,1.149525
2016-10-29,1.0,0.0,2.0,32.0,20.0,0.0,9.3696,0.0,0.0,1.02111226,1.021112
2016-10-30,0.0,12.0,0.0,0.0,25.0,1.0,7.1354,0.0,0.0,1.02111226,1.021112
2016-10-31,1.0,0.0,2.0,30.0,15.0,7.8,9.7403,0.0,0.0,1.02111226,1.021112
2016-11-01,0.0,31.0,0.0,0.0,0.0,0.0,5.099,0.0,0.0,1.02111226,1.021112
2016-11-02,10.0,38.0,3.0,4.0,18.0,0.0,11.9537,0.0,0.0,1.02111226,1.021112
2016-11-03,17.0,6.0,6.0,2.5,25.0,34.6,16.4685,0.008687,0.012856,1.02111226,1.033968
2016-11-04,0.0,4.0,7.0,0.0,0.0,35.4,9.4022,0.0,0.0,1.02111226,1.021112
2016-11-05,1.0,2.0,8.0,0.0,0.0,7.8,3.4268,0.0,0.0,1.02111226,1.021112
2016-11-06,0.0,6.0,0.0,0.0,3.0,0.0,1.5806,0.0,0.0,1.02111226,1.021112
2016-11-07,9.0,2.0,5.0,0.0,18.0,0.0,5.6388,0.0,0.0,1.02111226,1.021112
2016-11-08,0.0,35.0,1.0,7.0,22.0,26.0,16.9365,0.021145,0.031291,1.02111226,1.052404
2016-11-09,27.0,17.0,29.0,3.5,25.0,2.4,16.3631,0.006626,0.009806,1.02111226,1.030918
2016-11-10,4.0,18.0,11.0,16.5,48.0,74.0,33.1133,3.191237,4.722588,1.02111226,5.7437
2016-11-11,5.0,6.0,10.0,42.0,0.0,27.0,15.4731,0.0,0.0,1.02111226,1.021112
2016-11-12,3.0,13.0,5.0,9.5,7.0,5.8,7.3787,0.0,0.0,1.02111226,1.021112
2016-11-13,2.0,44.0,8.0,6.0,25.0,17.6,18.4182,0.095314,0.141051,1.02111226,1.162164
2016-11-14,13.0,26.0,11.0,48.5,20.0,23.0,23.8582,0.781537,1.156566,1.02111226,2.177679
2016-11-15,2.0,10.0,7.0,25.0,5.0,16.4,11.4011,0.0,0.0,1.02111226,1.021112
2016-11-16,6.0,46.0,57.0,18.0,3.0,13.4,23.8803,0.78555,1.162505,1.02111226,2.183617
2016-11-17,15.0,12.0,8.0,10.5,5.0,6.0,8.7403,0.0,0.0,1.02111226,1.021112
2016-11-18,0.0,6.0,9.0,36.0,20.0,9.0,13.9638,0.0,0.0,1.02111226,1.021112
2016-11-19,0.0,8.0,0.0,17.0,16.0,3.6,7.8984,0.0,0.0,1.02111226,1.021112
2016-11-20,77.0,0.0,135.0,0.0,24.0,0.0,34.9683,3.830513,5.668628,1.02111226,6.68974
2016-11-21,16.0,3.0,17.0,53.0,26.0,42.0,27.3338,1.521182,2.251139,1.02111226,3.272251
2016-11-22,2.0,33.0,0.0,2.0,2.0,7.0,7.8393,0.0,0.0,1.02111226,1.021112
2016-11-23,22.0,59.0,53.0,46.0,0.0,2.4,28.3975,1.789353,2.647994,1.02111226,3.669106
2016-11-24,5.0,55.0,14.0,8.5,0.0,23.0,18.1261,0.076601,0.113359,1.02111226,1.134472
2016-11-25,4.0,6.0,2.0,47.0,9.0,4.8,11.8485,0.0,0.0,1.02111226,1.021112
2016-11-26,1.0,24.0,0.0,5.0,25.0,0.0,9.7751,0.0,0.0,1.02111226,1.021112
2016-11-27,13.0,43.0,7.0,7.0,45.0,3.6,20.3263,0.264957,0.392099,1.02111226,1.413212
2016-11-28,33.0,25.0,10.0,5.0,30.0,36.8,23.7414,0.76052,1.125464,1.02111226,2.146576
2016-11-29,2.0,18.0,8.0,59.0,16.0,29.4,23.1345,0.655442,0.969963,1.02111226,1.991075
2016-11-30,1.0,13.0,4.0,19.0,23.0,4.0,11.2672,0.0,0.0,1.02111226,1.021112
2016-12-01,142.0,63.0,191.0,13.5,13.0,0.0,61.1692,16.753598,24.792999,1.02111226,25.814111
2016-12-02,13.0,12.0,15.0,82.0,79.0,0.0,34.1765,3.551969,5.256421,1.02111226,6.277533
2016-12-03,40.0,13.0,64.0,17.0,8.0,0.0,21.0496,0.350008,0.517963,1.02111226,1.539075
2016-12-04,3.0,4.0,9.0,13.0,9.0,0.0,6.2579,0.0,0.0,1.02111226,1.021112
2016-12-05,0.0,8.0,1.0,9.0,5.0,0.0,3.871,0.0,0.0,1.02111226,1.021112
2016-12-06,5.0,3.0,12.0,5.5,0.0,0.0,3.8467,0.0,0.0,1.02111226,1.021112
2016-12-07,20.0,8.0,29.0,9.0,53.0,0.0,20.0495,0.235377,0.348326,1.02111226,1.369438
2016-12-08,51.0,10.0,70.0,9.0,51.0,0.0,29.9388,2.210369,3.271039,1.02111226,4.292152
2016-12-09,18.0,3.0,14.0,34.0,46.0,0.0,19.0438,0.141978,0.210108,1.02111226,1.23122
2016-12-10,18.0,0.0,3.0,7.0,2.0,0.0,3.8216,0.0,0.0,1.02111226,1.021112
2016-12-11,16.0,0.0,4.0,1.0,8.0,0.0,4.0366,0.0,0.0,1.02111226,1.021112
2016-12-12,7.0,11.0,2.0,1.5,10.0,0.0,5.0683,0.0,0.0,1.02111226,1.021112
2016-12-13,14.0,16.0,25.0,1.0,7.0,0.0,9.7421,0.0,0.0,1.02111226,1.021112
2016-12-14,22.0,0.0,36.0,36.0,6.0,0.0,14.9963,0.0,0.0,1.02111226,1.021112
2016-12-15,21.0,12.0,38.0,4.0,24.0,0.0,15.7827,0.00026,0.000385,1.02111226,1.021497
2016-12-16,14.0,3.0,24.0,10.0,1.0,0.0,7.6511,0.0,0.0,1.02111226,1.021112
2016-12-17,16.0,0.0,30.0,3.0,3.0,0.0,7.6621,0.0,0.0,1.02111226,1.021112
2016-12-18,0.0,9.0,0.0,1.0,20.0,0.0,5.5938,0.0,0.0,1.02111226,1.021112
2016-12-19,9.0,0.0,6.0,3.0,6.0,0.0,3.5674,0.0,0.0,1.02111226,1.021112
2016-12-20,14.0,7.0,21.0,0.0,0.0,0.0,6.0588,0.0,0.0,1.02111226,1.021112
2016-12-21,6.0,4.0,9.0,2.0,9.0,0.0,4.8533,0.0,0.0,1.02111226,1.021112
2016-12-22,5.0,6.0,5.0,4.0,0.0,0.0,2.948,0.0,0.0,1.02111226,1.021112
2016-12-23,0.0,7.0,0.0,0.0,9.0,0.0,2.9324,0.0,0.0,1.02111226,1.021112
2016-12-24,0.0,0.0,1.0,4.0,0.0,0.0,0.7878,0.0,0.0,1.02111226,1.021112
2016-12-25,0.0,0.0,0.0,0.0,0.0,0.0,0.0,0.0,0.0,1.02111226,1.021112
2016-12-26,2.0,36.0,7.0,0.0,0.0,0.0,7.2846,0.0,0.0,1.02111226,1.021112
2016-12-27,0.0,0.0,4.0,43.0,10.0,0.0,9.3307,0.0,0.0,1.02111226,1.021112
2016-12-28,20.0,2.0,14.0,0.0,0.0,0.0,4.6911,0.0,0.0,1.02111226,1.021112
2016-12-29,17.0,18.0,11.0,1.0,0.0,0.0,6.6751,0.0,0.0,1.02111226,1.021112
2016-12-30,10.0,27.0,15.0,15.0,0.0,8.1999,12.0371,0.0,0.0,1.02111226,1.021112
2016-12-31,1.0,4.0,0.0,19.0,29.0,0.0,9.455,0.0,0.0,1.02111226,1.021112
2017-01-01,13.0,10.0,29.0,0.0,0.0,0.0,7.7743,0.0,0.0,1.02111226,1.021112
2017-01-02,13.0,20.0,16.0,1.0,7.0,5.0,9.8795,0.0,0.0,1.02111226,1.021112
2017-01-03,42.0,8.0,43.0,6.0,0.0,10.0,15.8038,0.000343,0.000507,1.02111226,1.021619
2017-01-04,7.0,35.0,8.0,13.0,0.0,22.0,14.5335,0.0,0.0,1.02111226,1.021112
2017-01-05,1.0,38.0,1.0,30.0,6.0,0.0,12.3727,0.0,0.0,1.02111226,1.021112
2017-01-06,0.0,5.0,0.0,72.0,21.0,2.2,16.6509,0.012903,0.019095,1.02111226,1.040207
2017-01-07,0.0,0.0,2.0,1.0,27.0,1.0,6.0441,0.0,0.0,1.02111226,1.021112
2017-01-08,0.0,0.0,1.0,48.0,25.0,0.0,12.5804,0.0,0.0,1.02111226,1.021112
2017-01-09,25.0,7.0,2.0,12.5,60.0,0.0,17.8567,0.061104,0.090426,1.02111226,1.111538
2017-01-10,56.0,1.0,33.0,4.5,71.0,26.0,31.6741,2.728248,4.037428,1.02111226,5.05854
2017-01-11,0.0,18.0,0.0,32.0,0.0,41.2,16.7675,0.016026,0.023716,1.02111226,1.044828
2017-01-12,2.0,2.0,1.0,3.5,8.0,0.0,2.8266,0.0,0.0,1.02111226,1.021112
2017-01-13,10.0,11.0,23.0,33.0,0.0,1.4,12.0728,0.0,0.0,1.02111226,1.021112
2017-01-14,32.0,12.0,70.0,2.5,10.0,4.0,20.0575,0.236205,0.34955,1.02111226,1.370662
2017-01-15,5.0,2.0,15.0,7.5,26.0,93.4,29.6491,2.128381,3.149708,1.02111226,4.17082
2017-01-16,3.0,10.0,4.0,12.0,10.0,7.6,8.088,0.0,0.0,1.02111226,1.021112
2017-01-17,51.0,13.0,66.0,0.0,1.0,0.0,18.4752,0.0992,0.146802,1.02111226,1.167914
2017-01-18,13.0,5.0,14.0,11.5,4.0,21.0,11.5495,0.0,0.0,1.02111226,1.021112
2017-01-19,5.0,19.0,3.0,5.5,9.0,10.2,8.9553,0.0,0.0,1.02111226,1.021112
2017-01-20,5.0,3.0,5.0,1.5,2.0,0.0,2.4614,0.0,0.0,1.02111226,1.021112
2017-01-21,0.0,2.0,2.0,13.0,1.0,6.0,4.1661,0.0,0.0,1.02111226,1.021112
2017-01-22,3.0,0.0,4.0,2.0,12.0,10.0,5.7975,0.0,0.0,1.02111226,1.021112
2017-01-23,2.0,16.0,0.0,7.5,9.0,7.0,7.284,0.0,0.0,1.02111226,1.021112
2017-01-24,26.0,23.0,8.0,3.0,18.0,2.8,12.3943,0.0,0.0,1.02111226,1.021112
2017-01-25,24.0,0.0,18.0,14.0,13.0,25.0,15.5409,0.0,0.0,1.02111226,1.021112
2017-01-26,1.0,3.0,4.0,12.5,47.0,105.4,35.0888,3.873668,5.73249,1.02111226,6.753602
2017-01-27,5.0,12.0,9.0,0.0,1.0,21.0,8.6726,0.0,0.0,1.02111226,1.021112
2017-01-28,12.0,10.0,9.0,0.0,3.0,1.6,5.298,0.0,0.0,1.02111226,1.021112
2017-01-29,10.0,23.0,12.0,9.0,15.0,28.6,17.2889,0.034051,0.050391,1.02111226,1.071503
2017-01-30,8.0,2.0,19.0,11.0,7.0,27.0,13.1741,0.0,0.0,1.02111226,1.021112
2017-01-31,4.0,41.0,6.0,26.0,19.0,7.6,17.5794,0.046936,0.069459,1.02111226,1.090571
2017-02-01,20.0,47.0,23.0,0.0,4.0,5.0,15.4456,0.0,0.0,1.02111226,1.021112
2017-02-02,44.0,15.0,83.0,60.0,41.0,84.0,56.1525,13.825537,20.459875,1.02111226,21.480988
2017-02-03,10.0,5.0,22.0,38.0,47.0,35.0,28.1992,1.737937,2.571905,1.02111226,3.593017
2017-02-04,17.0,0.0,21.0,12.5,17.0,7.0,12.023,0.0,0.0,1.02111226,1.021112
2017-02-05,2.0,2.0,8.0,5.5,10.0,11.4,7.1351,0.0,0.0,1.02111226,1.021112
2017-02-06,1.0,22.0,2.0,0.0,5.0,10.0,7.1842,0.0,0.0,1.02111226,1.021112
2017-02-07,5.0,29.0,4.0,0.0,2.0,0.0,6.3391,0.0,0.0,1.02111226,1.021112
2017-02-08,19.0,14.0,27.0,28.5,4.0,5.4,15.0971,0.0,0.0,1.02111226,1.021112
2017-02-09,5.0,22.0,7.0,37.0,3.0,4.0,12.4956,0.0,0.0,1.02111226,1.021112
2017-02-10,17.0,3.0,32.0,17.0,1.0,3.6,11.1425,0.0,0.0,1.02111226,1.021112
2017-02-11,66.0,9.0,42.0,34.0,32.0,3.2,27.488,1.558907,2.306966,1.02111226,3.328078
2017-02-12,17.0,5.0,11.0,2.5,22.0,23.4,14.1381,0.0,0.0,1.02111226,1.021112
2017-02-13,28.0,17.0,36.0,20.0,25.0,5.0,20.7482,0.31322,0.463522,1.02111226,1.484634
2017-02-14,68.0,1.0,55.0,30.0,2.0,20.2,25.6122,1.127853,1.669065,1.02111226,2.690178
2017-02-15,0.0,3.0,1.0,41.5,10.0,0.0,9.0942,0.0,0.0,1.02111226,1.021112
2017-02-16,0.0,0.0,5.0,2.5,0.0,5.0,2.288,0.0,0.0,1.02111226,1.021112
2017-02-17,0.0,2.0,0.0,1.5,0.0,1.0,0.7766,0.0,0.0,1.02111226,1.021112
2017-02-18,0.0,15.0,0.0,0.0,10.0,0.0,4.4462,0.0,0.0,1.02111226,1.021112
2017-02-19,0.0,18.0,13.0,1.0,0.0,0.0,5.2682,0.0,0.0,1.02111226,1.021112
2017-02-20,3.0,61.0,1.0,23.5,27.0,12.0,22.0762,0.489457,0.724328,1.02111226,1.74544
2017-02-21,22.0,6.0,57.0,8.5,4.0,18.0,18.6424,0.111012,0.164282,1.02111226,1.185394
2017-02-22,2.0,0.0,1.0,35.0,74.0,45.6,30.2305,2.294254,3.395177,1.02111226,4.416289
2017-02-23,0.0,3.0,2.0,12.5,0.0,0.0,2.7692,0.0,0.0,1.02111226,1.021112
2017-02-24,0.0,0.0,0.0,0.0,7.0,0.0,1.3853,0.0,0.0,1.02111226,1.021112
2017-02-25,0.0,31.0,0.0,0.0,0.0,0.0,5.099,0.0,0.0,1.02111226,1.021112
2017-02-26,3.0,45.0,1.0,30.0,0.0,0.0,12.5412,0.0,0.0,1.02111226,1.021112
2017-02-27,4.0,0.0,5.0,12.5,5.0,2.6,4.7279,0.0,0.0,1.02111226,1.021112
2017-02-28,0.0,8.0,0.0,17.0,20.0,34.0,15.2041,0.0,0.0,1.02111226,1.021112
2017-03-01,5.0,43.0,4.0,22.5,1.0,0.0,11.9444,0.0,0.0,1.02111226,1.021112
2017-03-02,0.0,2.0,3.0,19.0,4.0,39.0,12.93,0.0,0.0,1.02111226,1.021112
2017-03-03,14.0,2.0,12.0,17.0,20.0,0.0,10.3493,0.0,0.0,1.02111226,1.021112
2017-03-04,22.0,1.0,1.0,0.0,5.0,6.0,4.8544,0.0,0.0,1.02111226,1.021112
2017-03-05,0.0,11.0,0.0,5.0,15.0,0.0,5.5556,0.0,0.0,1.02111226,1.021112
2017-03-06,8.0,1.0,40.0,0.0,9.0,13.4,12.256,0.0,0.0,1.02111226,1.021112
2017-03-07,0.0,0.0,0.0,1.0,0.0,0.0,0.1556,0.0,0.0,1.02111226,1.021112
2017-03-08,0.0,0.0,0.0,3.0,0.0,0.0,0.4667,0.0,0.0,1.02111226,1.021112
2017-03-09,0.0,0.0,0.0,0.0,0.0,0.0,0.0,0.0,0.0,1.02111226,1.021112
2017-03-10,0.0,21.0,0.0,0.0,0.0,0.0,3.4542,0.0,0.0,1.02111226,1.021112
2017-03-11,0.0,0.0,0.0,0.0,0.0,0.0,0.0,0.0,0.0,1.02111226,1.021112
2017-03-12,2.0,2.0,0.0,5.5,0.0,24.0,6.5319,0.0,0.0,1.02111226,1.021112
2017-03-13,4.0,21.0,8.0,0.0,8.0,0.0,6.7705,0.0,0.0,1.02111226,1.021112
2017-03-14,2.0,3.0,3.0,1.5,3.0,9.6,4.0787,0.0,0.0,1.02111226,1.021112
2017-03-15,6.0,14.0,3.0,22.5,3.0,13.4,10.3782,0.0,0.0,1.02111226,1.021112
2017-03-16,58.0,0.0,42.0,0.0,9.0,29.0,20.8772,0.328731,0.486476,1.02111226,1.507588
2017-03-17,1.0,34.0,1.0,26.0,20.0,1.2,14.1202,0.0,0.0,1.02111226,1.021112
2017-03-18,10.0,1.0,24.0,0.0,28.0,2.8,11.3006,0.0,0.0,1.02111226,1.021112
2017-03-19,44.0,6.0,41.0,50.0,1.0,11.0,22.6057,0.569732,0.843124,1.02111226,1.864236
2017-03-20,8.0,0.0,25.0,0.0,5.0,10.4,8.1742,0.0,0.0,1.02111226,1.021112
2017-03-21,2.0,0.0,6.0,9.0,1.0,30.0,9.2242,0.0,0.0,1.02111226,1.021112
2017-03-22,2.0,11.0,6.0,1.0,0.0,0.0,3.1625,0.0,0.0,1.02111226,1.021112
2017-03-23,6.0,50.0,0.0,0.0,0.0,1.0,9.0519,0.0,0.0,1.02111226,1.021112
2017-03-24,1.0,7.0,0.0,2.0,1.0,24.0,6.9054,0.0,0.0,1.02111226,1.021112
2017-03-25,23.0,1.0,35.0,19.5,1.0,3.2,12.2268,0.0,0.0,1.02111226,1.021112
2017-03-26,2.0,0.0,3.0,10.0,0.0,14.2,5.2996,0.0,0.0,1.02111226,1.021112
2017-03-27,0.0,0.0,1.0,1.0,0.0,0.0,0.3211,0.0,0.0,1.02111226,1.021112
2017-03-28,11.0,0.0,5.0,0.0,0.0,0.0,1.9522,0.0,0.0,1.02111226,1.021112
2017-03-29,0.0,0.0,0.0,0.0,0.0,1.4,0.3,0.0,0.0,1.02111226,1.021112
2017-03-30,0.0,16.0,4.0,0.0,0.0,0.0,3.2939,0.0,0.0,1.02111226,1.021112
2017-03-31,21.0,6.0,82.0,15.5,0.0,0.0,19.1188,0.148167,0.219266,1.02111226,1.240378
2017-04-01,0.0,10.0,0.0,4.0,30.0,10.4,10.4325,0.0,0.0,1.02111226,1.021112
2017-04-02,8.0,27.0,14.0,20.0,79.0,0.0,26.3215,1.283682,1.899671,1.02111226,2.920783
2017-04-03,3.0,18.0,9.0,4.0,0.0,1.2,5.6366,0.0,0.0,1.02111226,1.021112
2017-04-04,0.0,5.0,0.0,57.5,1.0,0.0,9.9658,0.0,0.0,1.02111226,1.021112
2017-04-05,4.0,30.0,2.0,15.0,4.0,4.0,9.6568,0.0,0.0,1.02111226,1.021112
2017-04-06,11.0,0.0,8.0,41.5,91.0,27.4,32.7849,3.083001,4.562414,1.02111226,5.583526
2017-04-07,0.0,1.0,0.0,56.0,110.0,41.6,39.5591,5.602552,8.290999,1.02111226,9.312111
2017-04-08,0.0,0.0,0.0,0.0,0.0,0.0,0.0,0.0,0.0,1.02111226,1.021112
2017-04-09,0.0,0.0,0.0,16.5,0.0,2.0,2.9955,0.0,0.0,1.02111226,1.021112
2017-04-10,0.0,0.0,0.0,0.0,0.0,0.0,0.0,0.0,0.0,1.02111226,1.021112
2017-04-11,0.0,0.0,2.0,0.0,0.0,0.0,0.3311,0.0,0.0,1.02111226,1.021112
2017-04-12,0.0,45.0,2.0,0.0,0.0,0.0,7.7328,0.0,0.0,1.02111226,1.021112
2017-04-13,0.0,0.0,0.0,0.0,0.0,3.0,0.6428,0.0,0.0,1.02111226,1.021112
2017-04-14,0.0,0.0,0.0,1.5,0.0,0.0,0.2334,0.0,0.0,1.02111226,1.021112
2017-04-15,0.0,0.0,0.0,3.5,0.0,1.0,0.7588,0.0,0.0,1.02111226,1.021112
2017-04-16,0.0,0.0,0.0,0.0,0.0,0.0,0.0,0.0,0.0,1.02111226,1.021112
2017-04-17,42.0,55.0,0.0,0.0,0.0,0.0,13.3405,0.0,0.0,1.02111226,1.021112
2017-04-18,2.0,2.0,9.0,0.0,0.0,0.0,2.0232,0.0,0.0,1.02111226,1.021112
2017-04-19,0.0,65.0,2.0,3.0,13.0,43.6,23.4045,0.701318,1.037854,1.02111226,2.058966
2017-04-20,7.0,1.0,64.0,4.0,3.0,1.0,12.9044,0.0,0.0,1.02111226,1.021112
2017-04-21,3.0,12.0,8.0,43.0,46.0,76.1,35.7044,4.096938,6.062899,1.02111226,7.084011
2017-04-22,2.0,21.0,5.0,2.5,0.0,6.0,6.1609,0.0,0.0,1.02111226,1.021112
2017-04-23,12.0,5.0,40.0,20.0,39.0,0.0,19.4998,0.181558,0.268681,1.02111226,1.289793
2017-04-24,12.0,71.0,16.0,23.0,1.0,44.0,28.7581,1.884474,2.78876,1.02111226,3.809872
2017-04-25,20.0,10.0,11.0,35.0,48.0,32.4,27.3971,1.536635,2.274006,1.02111226,3.295118
2017-04-26,0.0,41.0,0.0,30.0,25.0,0.0,16.3584,0.00654,0.009679,1.02111226,1.030791
2017-04-27,0.0,17.0,0.0,1.5,0.0,6.4,4.401,0.0,0.0,1.02111226,1.021112
2017-04-28,0.0,8.0,6.0,32.5,5.0,0.0,8.3547,0.0,0.0,1.02111226,1.021112
2017-04-29,0.0,8.0,47.0,35.0,3.0,0.0,15.1346,0.0,0.0,1.02111226,1.021112
2017-04-30,0.0,0.0,0.0,0.0,6.0,33.0,8.2587,0.0,0.0,1.02111226,1.021112
2017-05-01,0.0,0.0,1.0,0.0,3.0,0.0,0.7592,0.0,0.0,1.02111226,1.021112
2017-05-02,8.0,44.0,9.0,8.0,0.0,9.0,12.7181,0.0,0.0,1.02111226,1.021112
2017-05-03,3.0,64.0,5.0,0.0,0.0,2.0,12.0899,0.0,0.0,1.02111226,1.021112
2017-05-04,0.0,0.0,0.0,13.0,7.0,37.6,11.4647,0.0,0.0,1.02111226,1.021112
2017-05-05,0.0,0.0,0.0,38.0,67.0,0.0,19.1707,0.15253,0.225723,1.02111226,1.246835
2017-05-06,0.0,3.0,0.0,0.0,0.0,4.0,1.3506,0.0,0.0,1.02111226,1.021112
2017-05-07,0.0,1.0,0.0,0.0,0.0,0.0,0.1645,0.0,0.0,1.02111226,1.021112
2017-05-08,13.0,0.0,23.0,0.0,0.0,0.0,5.1363,0.0,0.0,1.02111226,1.021112
2017-05-09,0.0,0.0,0.0,1.5,9.0,29.4,8.3143,0.0,0.0,1.02111226,1.021112
2017-05-10,0.0,0.0,0.0,0.0,0.0,0.0,0.0,0.0,0.0,1.02111226,1.021112
2017-05-11,0.0,0.0,0.0,0.0,0.0,0.0,0.0,0.0,0.0,1.02111226,1.021112
2017-05-12,0.0,0.0,0.0,0.0,0.0,0.0,0.0,0.0,0.0,1.02111226,1.021112
2017-05-13,0.0,0.0,0.0,0.0,0.0,0.0,0.0,0.0,0.0,1.02111226,1.021112
2017-05-14,0.0,0.0,0.0,0.0,0.0,0.0,0.0,0.0,0.0,1.02111226,1.021112
2017-05-15,0.0,0.0,0.0,0.0,0.0,0.0,0.0,0.0,0.0,1.02111226,1.021112
2017-05-16,0.0,0.0,0.0,0.0,0.0,0.0,0.0,0.0,0.0,1.02111226,1.021112
2017-05-17,0.0,0.0,0.0,0.0,0.0,0.0,0.0,0.0,0.0,1.02111226,1.021112
2017-05-18,0.0,0.0,0.0,0.0,0.0,0.0,0.0,0.0,0.0,1.02111226,1.021112
2017-05-19,0.0,0.0,0.0,0.0,0.0,0.0,0.0,0.0,0.0,1.02111226,1.021112
2017-05-20,0.0,0.0,0.0,0.0,0.0,0.0,0.0,0.0,0.0,1.02111226,1.021112
2017-05-21,0.0,0.0,0.0,0.0,0.0,0.0,0.0,0.0,0.0,1.02111226,1.021112
2017-05-22,0.0,0.0,0.0,0.0,0.0,0.0,0.0,0.0,0.0,1.02111226,1.021112
2017-05-23,0.0,0.0,0.0,0.0,0.0,0.0,0.0,0.0,0.0,1.02111226,1.021112
2017-05-24,0.0,0.0,0.0,0.0,0.0,0.0,0.0,0.0,0.0,1.02111226,1.021112
2017-05-25,0.0,4.0,0.0,0.0,0.0,0.0,0.6579,0.0,0.0,1.02111226,1.021112
2017-05-26,0.0,0.0,0.0,0.0,0.0,0.0,0.0,0.0,0.0,1.02111226,1.021112
2017-05-27,0.0,11.0,0.0,0.0,0.0,0.0,1.8093,0.0,0.0,1.02111226,1.021112
2017-05-28,0.0,0.0,0.0,0.0,0.0,0.0,0.0,0.0,0.0,1.02111226,1.021112
2017-05-29,1.0,3.0,0.0,4.0,1.0,0.0,1.4159,0.0,0.0,1.02111226,1.021112
2017-05-30,0.0,0.0,0.0,0.0,0.0,0.0,0.0,0.0,0.0,1.02111226,1.021112
2017-05-31,4.0,0.0,0.0,1.0,41.0,1.0,8.8925,0.0,0.0,1.02111226,1.021112
2017-06-01,1.0,0.0,1.0,0.0,0.0,8.2,2.0249,0.0,0.0,1.02111226,1.021112
2017-06-02,0.0,0.0,0.0,0.0,0.0,3.2,0.6857,0.0,0.0,1.02111226,1.021112
2017-06-03,0.0,0.0,0.0,0.0,0.0,0.0,0.0,0.0,0.0,1.02111226,1.021112
2017-06-04,0.0,0.0,0.0,0.0,0.0,0.0,0.0,0.0,0.0,1.02111226,1.021112
2017-06-05,0.0,0.0,0.0,0.0,0.0,0.0,0.0,0.0,0.0,1.02111226,1.021112
2017-06-06,0.0,0.0,0.0,0.0,0.0,0.0,0.0,0.0,0.0,1.02111226,1.021112
2017-06-07,1.0,0.0,0.0,0.0,2.0,0.0,0.498,0.0,0.0,1.02111226,1.021112
2017-06-08,0.0,0.0,0.0,0.0,4.0,0.0,0.7916,0.0,0.0,1.02111226,1.021112
2017-06-09,0.0,0.0,1.0,0.0,0.0,0.0,0.1655,0.0,0.0,1.02111226,1.021112
2017-06-10,0.0,0.0,0.0,0.0,0.0,0.0,0.0,0.0,0.0,1.02111226,1.021112
2017-06-11,0.0,0.0,0.0,0.0,0.0,0.0,0.0,0.0,0.0,1.02111226,1.021112
2017-06-12,0.0,0.0,0.0,0.0,0.0,0.0,0.0,0.0,0.0,1.02111226,1.021112
2017-06-13,0.0,3.0,0.0,0.0,6.0,0.0,1.6808,0.0,0.0,1.02111226,1.021112
2017-06-14,0.0,0.0,0.0,0.0,0.0,0.0,0.0,0.0,0.0,1.02111226,1.021112
2017-06-15,2.0,0.0,4.0,0.0,0.0,0.0,0.8666,0.0,0.0,1.02111226,1.021112
2017-06-16,0.0,0.0,0.0,0.0,41.0,33.0,15.185,0.0,0.0,1.02111226,1.021112
2017-06-17,0.0,0.0,0.0,0.0,0.0,0.0,0.0,0.0,0.0,1.02111226,1.021112
2017-06-18,0.0,0.0,0.0,0.0,0.0,0.0,0.0,0.0,0.0,1.02111226,1.021112
2017-06-19,0.0,0.0,0.0,0.0,0.0,2.0,0.4286,0.0,0.0,1.02111226,1.021112
2017-06-20,0.0,56.0,0.0,0.0,0.0,0.0,9.2111,0.0,0.0,1.02111226,1.021112
2017-06-21,0.0,7.0,0.0,0.0,0.0,0.0,1.1514,0.0,0.0,1.02111226,1.021112
2017-06-22,0.0,0.0,0.0,0.0,4.0,0.0,0.7916,0.0,0.0,1.02111226,1.021112
2017-06-23,0.0,20.0,0.0,8.0,0.0,0.0,4.5343,0.0,0.0,1.02111226,1.021112
2017-06-24,22.0,3.0,15.0,5.0,0.0,0.0,6.0035,0.0,0.0,1.02111226,1.021112
2017-06-25,1.0,1.0,0.0,23.5,0.0,16.0,7.3512,0.0,0.0,1.02111226,1.021112
2017-06-26,0.0,11.0,1.0,5.0,3.0,0.0,3.3464,0.0,0.0,1.02111226,1.021112
2017-06-27,0.0,0.0,0.0,1.0,0.0,6.0,1.4413,0.0,0.0,1.02111226,1.021112
2017-06-28,0.0,0.0,0.0,0.0,0.0,7.4,1.5857,0.0,0.0,1.02111226,1.021112
2017-06-29,0.0,0.0,0.0,0.0,0.0,0.0,0.0,0.0,0.0,1.02111226,1.021112
2017-06-30,0.0,0.0,0.0,0.0,0.0,0.0,0.0,0.0,0.0,1.02111226,1.021112
2017-07-01,0.0,0.0,0.0,0.0,0.0,0.0,0.0,0.0,0.0,1.02111226,1.021112
2017-07-02,0.0,2.0,0.0,0.0,0.0,0.0,0.329,0.0,0.0,1.02111226,1.021112
2017-07-03,0.0,0.0,1.0,0.0,0.0,0.0,0.1655,0.0,0.0,1.02111226,1.021112
2017-07-04,0.0,0.0,0.0,0.0,0.0,0.0,0.0,0.0,0.0,1.02111226,1.021112
2017-07-05,1.0,0.0,0.0,0.0,0.0,0.0,0.1022,0.0,0.0,1.02111226,1.021112
2017-07-06,0.0,0.0,0.0,0.0,0.0,0.0,0.0,0.0,0.0,1.02111226,1.021112
2017-07-07,0.0,4.0,0.0,0.0,0.0,0.0,0.6579,0.0,0.0,1.02111226,1.021112
2017-07-08,3.0,0.0,12.0,0.0,0.0,0.0,2.2931,0.0,0.0,1.02111226,1.021112
2017-07-09,1.0,0.0,14.0,0.0,3.0,10.2,5.199,0.0,0.0,1.02111226,1.021112
2017-07-10,4.0,2.0,1.0,2.0,0.0,5.4,2.3717,0.0,0.0,1.02111226,1.021112
2017-07-11,0.0,0.0,1.0,0.0,0.0,1.0,0.3798,0.0,0.0,1.02111226,1.021112
2017-07-12,0.0,0.0,0.0,0.0,1.0,3.0,0.8407,0.0,0.0,1.02111226,1.021112
2017-07-13,4.0,0.0,12.0,0.0,0.0,0.0,2.3953,0.0,0.0,1.02111226,1.021112
2017-07-14,0.0,0.0,0.0,0.0,0.0,5.6,1.2,0.0,0.0,1.02111226,1.021112
2017-07-15,0.0,0.0,0.0,0.0,0.0,1.8,0.3857,0.0,0.0,1.02111226,1.021112
2017-07-16,0.0,5.0,0.0,0.0,0.0,0.0,0.8224,0.0,0.0,1.02111226,1.021112
2017-07-17,0.0,0.0,0.0,0.0,0.0,0.0,0.0,0.0,0.0,1.02111226,1.021112
2017-07-18,6.0,0.0,0.0,0.0,0.0,0.0,0.6134,0.0,0.0,1.02111226,1.021112
2017-07-19,0.0,0.0,0.0,11.0,4.0,3.6,3.2743,0.0,0.0,1.02111226,1.021112
2017-07-20,0.0,0.0,0.0,0.0,0.0,0.0,0.0,0.0,0.0,1.02111226,1.021112
2017-07-21,0.0,0.0,0.0,0.0,0.0,0.0,0.0,0.0,0.0,1.02111226,1.021112
2017-07-22,0.0,0.0,0.0,0.0,0.0,0.0,0.0,0.0,0.0,1.02111226,1.021112
2017-07-23,0.0,0.0,0.0,0.0,0.0,1.0,0.2143,0.0,0.0,1.02111226,1.021112
2017-07-24,0.0,0.0,0.0,0.0,0.0,0.0,0.0,0.0,0.0,1.02111226,1.021112
2017-07-25,0.0,0.0,0.0,0.0,0.0,0.0,0.0,0.0,0.0,1.02111226,1.021112
2017-07-26,2.0,9.0,6.0,0.0,0.0,0.0,2.678,0.0,0.0,1.02111226,1.021112
2017-07-27,21.0,0.0,29.0,5.0,0.0,1.2,7.9823,0.0,0.0,1.02111226,1.021112
2017-07-28,4.0,8.0,15.0,11.5,6.0,19.6,11.3842,0.0,0.0,1.02111226,1.021112
2017-07-29,0.0,0.0,19.0,3.0,0.0,18.0,7.4689,0.0,0.0,1.02111226,1.021112
2017-07-30,0.0,0.0,0.0,1.0,0.0,9.8,2.2555,0.0,0.0,1.02111226,1.021112
2017-07-31,0.0,0.0,0.0,0.0,0.0,0.0,0.0,0.0,0.0,1.02111226,1.021112
2017-08-01,25.0,0.0,11.0,0.0,0.0,0.0,4.3767,0.0,0.0,1.02111226,1.021112
2017-08-02,4.0,0.0,16.0,0.0,0.0,23.6,8.1145,0.0,0.0,1.02111226,1.021112
2017-08-03,0.0,0.0,3.0,0.0,0.0,12.8,3.2394,0.0,0.0,1.02111226,1.021112
2017-08-04,0.0,0.0,1.0,0.0,0.0,6.0,1.4512,0.0,0.0,1.02111226,1.021112
2017-08-05,0.0,0.0,0.0,0.0,0.0,0.0,0.0,0.0,0.0,1.02111226,1.021112
2017-08-06,0.0,0.0,0.0,0.0,0.0,0.0,0.0,0.0,0.0,1.02111226,1.021112
2017-08-07,2.0,0.0,1.0,0.0,0.0,2.0,0.7986,0.0,0.0,1.02111226,1.021112
2017-08-08,0.0,0.0,0.0,0.0,0.0,0.0,0.0,0.0,0.0,1.02111226,1.021112
2017-08-09,0.0,0.0,0.0,0.0,3.0,0.0,0.5937,0.0,0.0,1.02111226,1.021112
2017-08-10,0.0,0.0,0.0,0.0,0.0,0.0,0.0,0.0,0.0,1.02111226,1.021112
2017-08-11,0.0,0.0,0.0,0.0,0.0,0.0,0.0,0.0,0.0,1.02111226,1.021112
2017-08-12,0.0,0.0,0.0,0.0,0.0,0.0,0.0,0.0,0.0,1.02111226,1.021112
2017-08-13,0.0,0.0,0.0,0.0,0.0,0.0,0.0,0.0,0.0,1.02111226,1.021112
2017-08-14,0.0,0.0,0.0,0.0,0.0,0.0,0.0,0.0,0.0,1.02111226,1.021112
2017-08-15,0.0,0.0,0.0,0.0,0.0,0.0,0.0,0.0,0.0,1.02111226,1.021112
2017-08-16,0.0,0.0,0.0,0.0,0.0,0.0,0.0,0.0,0.0,1.02111226,1.021112
2017-08-17,0.0,0.0,0.0,0.0,0.0,0.0,0.0,0.0,0.0,1.02111226,1.021112
2017-08-18,0.0,0.0,0.0,0.0,0.0,0.0,0.0,0.0,0.0,1.02111226,1.021112
2017-08-19,0.0,0.0,3.0,0.0,0.0,0.0,0.4966,0.0,0.0,1.02111226,1.021112
2017-08-20,0.0,0.0,0.0,0.0,0.0,4.6,0.9857,0.0,0.0,1.02111226,1.021112
2017-08-21,0.0,0.0,0.0,0.0,0.0,0.0,0.0,0.0,0.0,1.02111226,1.021112
2017-08-22,0.0,0.0,0.0,0.0,0.0,0.0,0.0,0.0,0.0,1.02111226,1.021112
2017-08-23,0.0,0.0,0.0,0.0,0.0,0.0,0.0,0.0,0.0,1.02111226,1.021112
2017-08-24,0.0,0.0,0.0,0.0,0.0,0.0,0.0,0.0,0.0,1.02111226,1.021112
2017-08-25,0.0,0.0,0.0,0.0,0.0,0.0,0.0,0.0,0.0,1.02111226,1.021112
2017-08-26,0.0,0.0,0.0,0.0,0.0,0.0,0.0,0.0,0.0,1.02111226,1.021112
2017-08-27,0.0,0.0,0.0,0.0,0.0,0.0,0.0,0.0,0.0,1.02111226,1.021112
2017-08-28,0.0,0.0,0.0,0.0,0.0,0.0,0.0,0.0,0.0,1.02111226,1.021112
2017-08-29,0.0,0.0,0.0,0.0,0.0,0.0,0.0,0.0,0.0,1.02111226,1.021112
2017-08-30,0.0,0.0,0.0,0.0,0.0,0.0,0.0,0.0,0.0,1.02111226,1.021112
2017-08-31,0.0,0.0,0.0,0.0,0.0,0.0,0.0,0.0,0.0,1.02111226,1.021112
2017-09-01,0.0,0.0,0.0,0.0,0.0,0.0,0.0,0.0,0.0,1.02111226,1.021112
2017-09-02,0.0,0.0,0.0,0.0,0.0,0.0,0.0,0.0,0.0,1.02111226,1.021112
2017-09-03,0.0,0.0,1.0,0.0,0.0,0.0,0.1655,0.0,0.0,1.02111226,1.021112
2017-09-04,0.0,0.0,0.0,0.0,0.0,0.0,0.0,0.0,0.0,1.02111226,1.021112
2017-09-05,0.0,0.0,0.0,0.0,0.0,0.0,0.0,0.0,0.0,1.02111226,1.021112
2017-09-06,0.0,0.0,0.0,0.0,0.0,0.0,0.0,0.0,0.0,1.02111226,1.021112
2017-09-07,0.0,0.0,0.0,0.0,0.0,0.0,0.0,0.0,0.0,1.02111226,1.021112
2017-09-08,0.0,0.0,0.0,0.0,0.0,0.0,0.0,0.0,0.0,1.02111226,1.021112
2017-09-09,0.0,0.0,0.0,0.0,0.0,0.0,0.0,0.0,0.0,1.02111226,1.021112
2017-09-10,0.0,0.0,0.0,0.0,0.0,10.0,2.1428,0.0,0.0,1.02111226,1.021112
2017-09-11,0.0,0.0,0.0,0.0,0.0,0.0,0.0,0.0,0.0,1.02111226,1.021112
2017-09-12,0.0,0.0,2.0,0.0,0.0,2.0,0.7596,0.0,0.0,1.02111226,1.021112
2017-09-13,0.0,0.0,0.0,0.0,0.0,0.0,0.0,0.0,0.0,1.02111226,1.021112
2017-09-14,0.0,0.0,0.0,0.0,0.0,0.0,0.0,0.0,0.0,1.02111226,1.021112
2017-09-15,0.0,0.0,0.0,0.0,0.0,0.0,0.0,0.0,0.0,1.02111226,1.021112
2017-09-16,0.0,0.0,0.0,0.0,0.0,0.0,0.0,0.0,0.0,1.02111226,1.021112
2017-09-17,0.0,0.0,0.0,0.0,0.0,0.0,0.0,0.0,0.0,1.02111226,1.021112
2017-09-18,0.0,0.0,0.0,0.0,0.0,0.0,0.0,0.0,0.0,1.02111226,1.021112
2017-09-19,0.0,0.0,0.0,0.0,0.0,0.0,0.0,0.0,0.0,1.02111226,1.021112
2017-09-20,0.0,0.0,0.0,0.0,0.0,0.0,0.0,0.0,0.0,1.02111226,1.021112
2017-09-21,0.0,0.0,0.0,0.0,0.0,0.0,0.0,0.0,0.0,1.02111226,1.021112
2017-09-22,0.0,0.0,0.0,0.0,0.0,0.0,0.0,0.0,0.0,1.02111226,1.021112
2017-09-23,4.0,1.0,3.0,0.0,0.0,0.0,1.07,0.0,0.0,1.02111226,1.021112
2017-09-24,29.0,10.0,48.0,0.0,0.0,2.0,12.9837,0.0,0.0,1.02111226,1.021112
2017-09-25,2.0,30.0,13.0,2.0,0.0,8.0,9.3163,0.0,0.0,1.02111226,1.021112
2017-09-26,4.0,29.0,9.0,2.0,0.0,1.0,7.1942,0.0,0.0,1.02111226,1.021112
2017-09-27,39.0,18.0,49.0,14.0,92.0,2.0,35.8718,4.158486,6.153981,1.02111226,7.175093
2017-09-28,0.0,24.0,0.0,39.0,9.0,56.0,23.7958,0.770278,1.139905,1.02111226,2.161017
2017-09-29,0.0,0.0,0.0,21.0,21.0,0.0,7.4228,0.0,0.0,1.02111226,1.021112
2017-09-30,0.0,0.0,5.0,32.0,0.0,0.0,5.806,0.0,0.0,1.02111226,1.021112
2017-10-01,0.0,0.0,2.0,0.0,0.0,2.0,0.7596,0.0,0.0,1.02111226,1.021112
2017-10-02,0.0,3.0,2.0,0.0,0.0,0.0,0.8245,0.0,0.0,1.02111226,1.021112
2017-10-03,9.0,0.0,30.0,0.0,0.0,4.0,6.7432,0.0,0.0,1.02111226,1.021112
2017-10-04,0.0,0.0,5.0,0.0,0.0,0.0,0.8277,0.0,0.0,1.02111226,1.021112
2017-10-05,0.0,0.0,0.0,0.0,0.0,1.0,0.2143,0.0,0.0,1.02111226,1.021112
2017-10-06,0.0,0.0,12.0,0.0,0.0,0.0,1.9864,0.0,0.0,1.02111226,1.021112
2017-10-07,0.0,4.0,1.0,0.0,1.0,0.0,1.0214,0.0,0.0,1.02111226,1.021112
2017-10-08,3.0,0.0,3.0,0.0,0.0,3.0,1.4461,0.0,0.0,1.02111226,1.021112
2017-10-09,6.0,11.0,38.0,0.0,10.0,5.0,11.7633,0.0,0.0,1.02111226,1.021112
2017-10-10,0.0,5.0,0.0,0.0,1.0,0.0,1.0203,0.0,0.0,1.02111226,1.021112
2017-10-11,0.0,0.0,0.0,12.0,6.0,1.0,3.2685,0.0,0.0,1.02111226,1.021112
2017-10-12,0.0,18.0,0.0,0.0,0.0,0.0,2.9607,0.0,0.0,1.02111226,1.021112
2017-10-13,11.0,2.0,14.0,0.0,0.0,0.0,3.771,0.0,0.0,1.02111226,1.021112
2017-10-14,45.0,13.0,27.0,2.0,4.0,25.0,17.668,0.051265,0.075864,1.02111226,1.096977
2017-10-15,82.0,23.0,82.0,0.0,0.0,57.0,37.954,4.953712,7.330806,1.02111226,8.351918
2017-10-16,11.0,6.0,21.0,3.0,1.0,197.0,48.4658,9.705276,14.362461,1.02111226,15.383573
2017-10-17,38.0,25.0,71.0,3.0,9.0,0.0,21.9975,0.477997,0.707369,1.02111226,1.728481
2017-10-18,24.0,0.0,16.0,2.0,0.0,110.0,28.9843,1.945195,2.878618,1.02111226,3.89973
2017-10-19,3.0,0.0,12.0,2.0,0.0,199.0,45.2463,8.130668,12.03226,1.02111226,13.053372
2017-10-20,0.0,0.0,0.0,0.0,0.0,3.0,0.6428,0.0,0.0,1.02111226,1.021112
2017-10-21,0.0,0.0,0.0,0.0,0.0,0.0,0.0,0.0,0.0,1.02111226,1.021112
2017-10-22,0.0,0.0,0.0,0.0,0.0,0.0,0.0,0.0,0.0,1.02111226,1.021112
2017-10-23,0.0,0.0,4.0,0.0,0.0,0.0,0.6621,0.0,0.0,1.02111226,1.021112
2017-10-24,0.0,20.0,4.0,0.0,0.0,1.0,4.1661,0.0,0.0,1.02111226,1.021112
2017-10-25,0.0,19.0,1.0,0.0,0.0,0.0,3.2907,0.0,0.0,1.02111226,1.021112
2017-10-26,14.0,0.0,29.0,10.0,21.0,0.0,11.9432,0.0,0.0,1.02111226,1.021112
2017-10-27,3.0,24.0,8.0,0.0,18.0,40.0,17.7119,0.053481,0.079145,1.02111226,1.100257
2017-10-28,23.0,0.0,24.0,3.0,0.0,2.0,7.2194,0.0,0.0,1.02111226,1.021112
2017-10-29,0.0,0.0,0.0,12.0,1.0,5.0,3.1362,0.0,0.0,1.02111226,1.021112
2017-10-30,0.0,0.0,0.0,0.0,0.0,0.0,0.0,0.0,0.0,1.02111226,1.021112
2017-10-31,0.0,0.0,0.0,0.0,0.0,0.0,0.0,0.0,0.0,1.02111226,1.021112
2017-11-01,0.0,0.0,0.0,0.0,0.0,0.0,0.0,0.0,0.0,1.02111226,1.021112
2017-11-02,1.0,25.0,1.0,0.0,0.0,0.0,4.3799,0.0,0.0,1.02111226,1.021112
2017-11-03,0.0,3.0,0.0,0.0,0.0,0.0,0.4935,0.0,0.0,1.02111226,1.021112
2017-11-04,0.0,27.0,4.0,37.0,1.0,0.0,11.0573,0.0,0.0,1.02111226,1.021112
2017-11-05,2.0,20.0,4.0,9.0,16.0,8.0,10.437,0.0,0.0,1.02111226,1.021112
2017-11-06,1.0,0.0,1.0,27.0,74.0,52.0,30.2551,2.30138,3.405723,1.02111226,4.426835
2017-11-07,0.0,37.0,0.0,23.0,4.0,8.0,12.1699,0.0,0.0,1.02111226,1.021112
2017-11-08,0.0,17.0,0.0,0.0,9.0,33.0,11.6486,0.0,0.0,1.02111226,1.021112
2017-11-09,0.0,57.0,0.0,10.0,1.0,0.0,11.1292,0.0,0.0,1.02111226,1.021112
2017-11-10,2.0,1.0,3.0,16.0,25.0,0.0,8.3021,0.0,0.0,1.02111226,1.021112
2017-11-11,1.0,3.0,6.0,0.0,0.0,0.0,1.5889,0.0,0.0,1.02111226,1.021112
2017-11-12,33.0,1.0,17.0,10.0,6.0,53.0,20.4523,0.27898,0.412852,1.02111226,1.433964
2017-11-13,1.0,0.0,2.0,0.0,0.0,26.0,6.0046,0.0,0.0,1.02111226,1.021112
2017-11-14,3.0,40.0,1.0,1.0,1.0,0.0,7.405,0.0,0.0,1.02111226,1.021112
2017-11-15,4.0,103.0,68.0,0.0,0.0,0.0,28.6068,1.84431,2.729322,1.02111226,3.750434
2017-11-16,9.0,86.0,23.0,43.0,7.0,5.0,28.0193,1.691854,2.503709,1.02111226,3.524821
2017-11-17,9.0,2.0,10.0,51.0,71.0,20.0,29.1748,1.996976,2.955247,1.02111226,3.97636
2017-11-18,19.0,33.0,4.0,30.0,0.0,13.0,15.4854,0.0,0.0,1.02111226,1.021112
2017-11-19,25.0,5.0,28.0,1.0,0.0,6.0,9.4544,0.0,0.0,1.02111226,1.021112
2017-11-20,93.0,3.0,87.0,46.0,6.0,33.0,39.8176,5.709825,8.449748,1.02111226,9.470861
2017-11-21,23.0,24.0,32.0,7.0,11.0,51.0,25.7902,1.166133,1.725715,1.02111226,2.746827
2017-11-22,20.0,20.0,22.0,3.0,1.0,11.0,11.9978,0.0,0.0,1.02111226,1.021112
2017-11-23,49.0,3.0,58.0,26.0,0.0,22.0,23.8629,0.782392,1.157832,1.02111226,2.178944
2017-11-24,5.0,3.0,4.0,20.0,17.0,40.0,16.7137,0.014544,0.021523,1.02111226,1.042635
2017-11-25,0.0,18.0,0.0,2.0,2.0,1.0,3.8819,0.0,0.0,1.02111226,1.021112
2017-11-26,24.0,65.0,13.0,45.0,20.0,1.0,26.47,1.317411,1.949586,1.02111226,2.970698
2017-11-27,195.0,195.0,304.0,15.0,28.0,9.0,112.1347,53.300107,78.876755,1.02111226,79.897867
2017-11-28,245.0,15.0,301.0,78.0,68.0,126.0,129.9308,67.859895,100.42322,1.02111226,101.444332
2017-11-29,11.0,15.0,34.0,206.0,189.0,293.0,141.4548,77.589358,114.821473,1.02111226,115.842585
2017-11-30,0.0,2.0,0.0,16.0,6.0,10.0,6.1483,0.0,0.0,1.02111226,1.021112
2017-12-01,0.0,0.0,0.0,7.0,0.0,2.0,1.5176,0.0,0.0,1.02111226,1.021112
2017-12-02,0.0,0.0,0.0,1.0,0.0,1.0,0.3699,0.0,0.0,1.02111226,1.021112
2017-12-03,0.0,0.0,0.0,0.0,0.0,0.0,0.0,0.0,0.0,1.02111226,1.021112
2017-12-04,0.0,0.0,0.0,0.0,0.0,0.0,0.0,0.0,0.0,1.02111226,1.021112
2017-12-05,0.0,0.0,0.0,0.0,0.0,0.0,0.0,0.0,0.0,1.02111226,1.021112
2017-12-06,0.0,0.0,9.0,0.0,0.0,0.0,1.4898,0.0,0.0,1.02111226,1.021112
2017-12-07,0.0,0.0,1.0,0.0,0.0,0.0,0.1655,0.0,0.0,1.02111226,1.021112
2017-12-08,14.0,4.0,35.0,54.0,2.0,0.0,16.6796,0.01364,0.020185,1.02111226,1.041297
2017-12-09,7.0,2.0,22.0,7.0,0.0,10.0,7.9181,0.0,0.0,1.02111226,1.021112
2017-12-10,10.0,12.0,25.0,5.0,1.0,1.0,8.3245,0.0,0.0,1.02111226,1.021112
2017-12-11,21.0,11.0,34.0,2.0,10.0,17.0,15.5172,0.0,0.0,1.02111226,1.021112
2017-12-12,7.0,11.0,7.0,6.0,6.0,57.0,18.0186,0.070214,0.103906,1.02111226,1.125019
2017-12-13,1.0,15.0,1.0,17.0,9.0,16.0,10.5893,0.0,0.0,1.02111226,1.021112
2017-12-14,0.0,0.0,0.0,19.0,4.0,3.0,4.3903,0.0,0.0,1.02111226,1.021112
2017-12-15,19.0,8.0,0.0,0.0,2.0,0.0,3.6541,0.0,0.0,1.02111226,1.021112
2017-12-16,1.0,4.0,7.0,25.0,0.0,12.0,8.3796,0.0,0.0,1.02111226,1.021112
2017-12-17,15.0,3.0,7.0,15.0,0.0,22.0,10.2335,0.0,0.0,1.02111226,1.021112
2017-12-18,20.0,9.0,27.0,18.0,2.0,2.0,11.6191,0.0,0.0,1.02111226,1.021112
2017-12-19,47.0,23.0,52.0,7.0,25.0,16.0,26.6607,1.361301,2.014537,1.02111226,3.035649
2017-12-20,22.0,36.0,32.0,13.0,15.0,29.0,24.6726,0.935304,1.384119,1.02111226,2.405232
2017-12-21,5.0,3.0,2.0,69.0,38.0,16.0,23.0188,0.636221,0.941519,1.02111226,1.962631
2017-12-22,4.0,2.0,4.0,5.0,0.0,2.0,2.6065,0.0,0.0,1.02111226,1.021112
2017-12-23,0.0,0.0,0.0,2.0,0.0,1.0,0.5254,0.0,0.0,1.02111226,1.021112
2017-12-24,0.0,0.0,0.0,0.0,0.0,0.0,0.0,0.0,0.0,1.02111226,1.021112
2017-12-25,42.0,5.0,62.0,0.0,0.0,0.0,15.3792,0.0,0.0,1.02111226,1.021112
2017-12-26,49.0,38.0,43.0,2.0,11.0,2.0,21.2943,0.381272,0.56423,1.02111226,1.585342
2017-12-27,22.0,12.0,23.0,44.0,17.0,21.0,22.7396,0.59091,0.874464,1.02111226,1.895577
2017-12-28,0.0,0.0,0.0,6.0,12.0,12.0,5.8796,0.0,0.0,1.02111226,1.021112
2017-12-29,40.0,10.0,15.0,0.0,0.0,0.0,8.2172,0.0,0.0,1.02111226,1.021112
2017-12-30,0.0,1.0,6.0,5.0,5.0,0.0,2.925,0.0,0.0,1.02111226,1.021112
2017-12-31,0.0,0.0,0.0,3.0,18.0,1.0,4.2431,0.0,0.0,1.02111226,1.021112
2018-01-01,19.0,8.0,18.0,0.0,0.0,3.0,6.8807,0.0,0.0,1.02111226,1.021112
2018-01-02,5.0,30.0,3.0,1.0,0.0,14.0,9.0978,0.0,0.0,1.02111226,1.021112
2018-01-03,0.0,31.0,0.0,33.0,16.0,6.0,14.6849,0.0,0.0,1.02111226,1.021112
2018-01-04,25.0,19.0,86.0,26.0,0.0,23.0,28.8901,1.919811,2.841054,1.02111226,3.862166
2018-01-05,1.0,18.0,1.0,44.0,34.0,16.0,20.2306,0.25455,0.376698,1.02111226,1.39781
2018-01-06,1.0,0.0,4.0,24.0,64.0,16.0,20.5919,0.294901,0.436413,1.02111226,1.457525
2018-01-07,12.0,15.0,8.0,15.0,0.0,2.0,7.7805,0.0,0.0,1.02111226,1.021112
2018-01-08,11.0,37.0,9.0,13.0,19.0,8.0,16.197,0.003939,0.00583,1.02111226,1.026942
2018-01-09,1.0,4.0,17.0,6.0,20.0,12.0,11.0369,0.0,0.0,1.02111226,1.021112
2018-01-10,62.0,17.0,84.0,34.0,5.0,18.0,33.1755,3.211912,4.753184,1.02111226,5.774296
2018-01-11,43.0,68.0,50.0,44.0,20.0,43.0,43.8748,7.490094,11.084299,1.02111226,12.105412
2018-01-12,1.0,5.0,0.0,71.0,36.0,35.0,26.5945,1.345992,1.991881,1.02111226,3.012993
2018-01-13,14.0,18.0,19.0,1.0,0.0,0.0,7.6927,0.0,0.0,1.02111226,1.021112
2018-01-14,1.0,2.0,4.0,30.0,6.0,0.0,6.9479,0.0,0.0,1.02111226,1.021112
2018-01-15,8.0,0.0,6.0,0.0,0.0,10.0,3.9539,0.0,0.0,1.02111226,1.021112
2018-01-16,16.0,10.0,25.0,0.0,0.0,2.0,7.8474,0.0,0.0,1.02111226,1.021112
2018-01-17,58.0,11.0,55.0,8.0,17.0,11.0,23.8091,0.772664,1.143435,1.02111226,2.164547
2018-01-18,15.0,33.0,34.0,10.0,5.0,26.0,20.7061,0.308234,0.456144,1.02111226,1.477256
2018-01-19,68.0,33.0,75.0,28.0,37.0,34.0,43.7585,7.436655,11.005216,1.02111226,12.026328
2018-01-20,17.0,12.0,25.0,37.0,34.0,35.0,27.8346,1.645109,2.434533,1.02111226,3.455645
2018-01-21,53.0,12.0,89.0,7.0,11.0,16.0,28.8189,1.900704,2.812778,1.02111226,3.83389
2018-01-22,22.0,34.0,17.0,11.0,8.0,33.0,21.0214,0.346488,0.512755,1.02111226,1.533867
2018-01-23,6.0,9.0,5.0,25.0,13.0,6.0,10.6691,0.0,0.0,1.02111226,1.021112
2018-01-24,107.0,90.0,134.0,30.0,37.0,11.0,62.2702,17.418735,25.777308,1.02111226,26.79842
2018-01-25,24.0,6.0,26.0,68.0,58.0,93.0,49.7295,10.349107,15.315241,1.02111226,16.336353
2018-01-26,8.0,13.0,9.0,7.0,6.0,25.0,12.0794,0.0,0.0,1.02111226,1.021112
2018-01-27,13.0,10.0,12.0,11.0,0.0,3.0,7.3144,0.0,0.0,1.02111226,1.021112
2018-01-28,12.0,13.0,14.0,7.0,13.0,19.0,13.4155,0.0,0.0,1.02111226,1.021112
2018-01-29,6.0,0.0,5.0,16.0,25.0,0.0,8.8776,0.0,0.0,1.02111226,1.021112
2018-01-30,3.0,18.0,2.0,6.0,3.0,0.0,5.1256,0.0,0.0,1.02111226,1.021112
2018-01-31,20.0,18.0,23.0,1.0,0.0,3.0,9.611,0.0,0.0,1.02111226,1.021112
2018-02-01,32.0,48.0,31.0,22.0,20.0,7.0,25.1787,1.037025,1.534653,1.02111226,2.555765
2018-02-02,0.0,14.0,0.0,41.0,50.0,23.0,23.5045,0.718659,1.063516,1.02111226,2.084628
2018-02-03,33.0,13.0,35.0,7.0,25.0,10.0,19.4848,0.180182,0.266644,1.02111226,1.287757
2018-02-04,23.0,20.0,16.0,9.0,13.0,10.0,14.4052,0.0,0.0,1.02111226,1.021112
2018-02-05,0.0,0.0,0.0,18.0,2.0,8.0,4.9104,0.0,0.0,1.02111226,1.021112
2018-02-06,19.0,11.0,20.0,1.0,0.0,0.0,7.218,0.0,0.0,1.02111226,1.021112
2018-02-07,11.0,80.0,23.0,15.0,5.0,12.0,23.9849,0.804653,1.190774,1.02111226,2.211887
2018-02-08,4.0,12.0,7.0,40.0,9.0,16.0,14.974,0.0,0.0,1.02111226,1.021112
2018-02-09,1.0,4.0,4.0,12.0,0.0,9.0,5.2177,0.0,0.0,1.02111226,1.021112
2018-02-10,0.0,0.0,0.0,3.0,27.0,11.0,8.167,0.0,0.0,1.02111226,1.021112
2018-02-11,19.0,3.0,17.0,0.0,0.0,1.0,5.4642,0.0,0.0,1.02111226,1.021112
2018-02-12,4.0,31.0,5.0,61.0,27.0,82.0,38.7399,5.267584,7.795293,1.02111226,8.816405
2018-02-13,2.0,1.0,1.0,25.0,36.0,3.0,12.1909,0.0,0.0,1.02111226,1.021112
2018-02-14,20.0,0.0,24.0,6.0,2.0,14.0,10.3466,0.0,0.0,1.02111226,1.021112
2018-02-15,0.0,6.0,2.0,3.0,14.0,2.0,4.9838,0.0,0.0,1.02111226,1.021112
2018-02-16,5.0,3.0,7.0,1.0,0.0,1.0,2.5332,0.0,0.0,1.02111226,1.021112
2018-02-17,1.0,0.0,3.0,1.0,2.0,2.0,1.5788,0.0,0.0,1.02111226,1.021112
2018-02-18,1.0,0.0,0.0,0.0,0.0,1.0,0.3165,0.0,0.0,1.02111226,1.021112
2018-02-19,0.0,34.0,0.0,0.0,0.0,0.0,5.5924,0.0,0.0,1.02111226,1.021112
2018-02-20,9.0,15.0,4.0,6.0,0.0,0.0,4.9829,0.0,0.0,1.02111226,1.021112
2018-02-21,0.0,5.0,0.0,1.0,4.0,4.0,2.6267,0.0,0.0,1.02111226,1.021112
2018-02-22,0.0,3.0,0.0,9.0,2.0,1.0,2.5037,0.0,0.0,1.02111226,1.021112
2018-02-23,3.0,18.0,0.0,58.0,11.0,0.0,14.4675,0.0,0.0,1.02111226,1.021112
2018-02-24,9.0,13.0,39.0,22.0,38.0,4.0,21.3139,0.383826,0.56801,1.02111226,1.589122
2018-02-25,1.0,5.0,0.0,16.0,13.0,30.0,12.4149,0.0,0.0,1.02111226,1.021112
2018-02-26,3.0,12.0,4.0,23.0,2.0,0.0,6.9166,0.0,0.0,1.02111226,1.021112
2018-02-27,0.0,0.0,0.0,72.0,6.0,5.0,13.4601,0.0,0.0,1.02111226,1.021112
2018-02-28,0.0,5.0,0.0,0.0,0.0,0.0,0.8224,0.0,0.0,1.02111226,1.021112
2018-03-01,0.0,45.0,0.0,0.0,0.0,3.0,8.0446,0.0,0.0,1.02111226,1.021112
2018-03-02,0.0,10.0,1.0,95.0,96.0,1.0,35.802,4.13279,6.115955,1.02111226,7.137067
2018-03-03,5.0,66.0,0.0,22.0,0.0,1.0,15.004,0.0,0.0,1.02111226,1.021112
2018-03-04,34.0,0.0,0.0,71.0,2.0,0.0,14.9175,0.0,0.0,1.02111226,1.021112
2018-03-05,2.0,7.0,0.0,2.0,7.0,0.0,3.0523,0.0,0.0,1.02111226,1.021112
2018-03-06,0.0,22.0,0.0,49.0,17.0,1.0,14.8202,0.0,0.0,1.02111226,1.021112
2018-03-07,32.0,71.0,50.0,5.0,16.0,27.0,32.9562,3.13928,4.645698,1.02111226,5.66681
2018-03-08,12.0,14.0,46.0,31.0,0.0,49.0,26.4666,1.316645,1.948452,1.02111226,2.969564
2018-03-09,12.0,3.0,5.0,12.0,15.0,0.0,7.3832,0.0,0.0,1.02111226,1.021112
2018-03-10,18.0,48.0,6.0,13.0,3.0,0.0,13.3448,0.0,0.0,1.02111226,1.021112
2018-03-11,7.0,13.0,2.0,27.0,20.0,22.0,16.0576,0.002218,0.003283,1.02111226,1.024395
2018-03-12,0.0,0.0,0.0,15.0,0.0,12.0,4.905,0.0,0.0,1.02111226,1.021112
2018-03-13,0.0,8.0,0.0,0.0,2.0,0.0,1.7117,0.0,0.0,1.02111226,1.021112
2018-03-14,0.0,0.0,0.0,0.0,12.0,6.0,3.6604,0.0,0.0,1.02111226,1.021112
2018-03-15,1.0,0.0,0.0,0.0,0.0,0.0,0.1022,0.0,0.0,1.02111226,1.021112
2018-03-16,0.0,0.0,0.0,0.0,0.0,1.0,0.2143,0.0,0.0,1.02111226,1.021112
2018-03-17,0.0,5.0,0.0,0.0,1.0,10.0,3.1631,0.0,0.0,1.02111226,1.021112
2018-03-18,3.0,49.0,0.0,39.0,11.0,8.0,18.3249,0.089123,0.13189,1.02111226,1.153002
2018-03-19,0.0,0.0,0.0,2.0,16.0,5.0,4.5489,0.0,0.0,1.02111226,1.021112
2018-03-20,0.0,0.0,0.0,0.0,0.0,0.0,0.0,0.0,0.0,1.02111226,1.021112
2018-03-21,0.0,0.0,0.0,0.0,0.0,0.0,0.0,0.0,0.0,1.02111226,1.021112
2018-03-22,32.0,3.0,36.0,0.0,0.0,0.0,9.7241,0.0,0.0,1.02111226,1.021112
2018-03-23,0.0,0.0,0.0,2.0,14.0,55.0,14.8672,0.0,0.0,1.02111226,1.021112
2018-03-24,64.0,19.0,64.0,0.0,0.0,0.0,20.2622,0.257966,0.381753,1.02111226,1.402865
2018-03-25,51.0,34.0,47.0,12.0,9.0,54.0,33.8056,3.424345,5.067555,1.02111226,6.088667
2018-03-26,34.0,0.0,29.0,20.0,0.0,24.0,16.5306,0.01003,0.014843,1.02111226,1.035956
2018-03-27,4.0,0.0,15.0,0.0,0.0,0.0,2.8919,0.0,0.0,1.02111226,1.021112
2018-03-28,1.0,0.0,0.0,0.0,0.0,5.0,1.1736,0.0,0.0,1.02111226,1.021112
2018-03-29,1.0,0.0,14.0,2.0,0.0,0.0,2.7308,0.0,0.0,1.02111226,1.021112
2018-03-30,0.0,0.0,0.0,0.0,1.0,0.0,0.1979,0.0,0.0,1.02111226,1.021112
2018-03-31,3.0,0.0,0.0,0.0,0.0,0.0,0.3067,0.0,0.0,1.02111226,1.021112
2018-04-01,0.0,2.0,0.0,10.0,0.0,7.0,3.3847,0.0,0.0,1.02111226,1.021112
2018-04-02,19.0,43.0,25.0,1.0,1.0,0.0,13.507,0.0,0.0,1.02111226,1.021112
2018-04-03,0.0,0.0,0.0,29.0,26.0,32.0,16.5139,0.009659,0.014294,1.02111226,1.035407
2018-04-04,0.0,4.0,0.0,0.0,0.0,0.0,0.6579,0.0,0.0,1.02111226,1.021112
2018-04-05,0.0,23.0,2.0,0.0,0.0,0.0,4.1142,0.0,0.0,1.02111226,1.021112
2018-04-06,0.0,7.0,0.0,24.0,0.0,0.0,4.8852,0.0,0.0,1.02111226,1.021112
2018-04-07,0.0,12.5,0.0,10.0,15.0,0.0,6.5802,0.0,0.0,1.02111226,1.021112
2018-04-08,3.0,0.0,22.0,5.0,0.0,8.0,6.4405,0.0,0.0,1.02111226,1.021112
2018-04-09,2.0,7.0,1.0,0.0,0.0,5.0,2.5928,0.0,0.0,1.02111226,1.021112
2018-04-10,1.0,27.0,0.0,23.0,7.0,46.0,19.3637,0.169259,0.25048,1.02111226,1.271592
2018-04-11,0.0,0.0,3.0,0.0,1.0,0.0,0.6945,0.0,0.0,1.02111226,1.021112
2018-04-12,0.0,0.0,0.0,0.0,0.0,1.0,0.2143,0.0,0.0,1.02111226,1.021112
2018-04-13,0.0,0.0,0.0,0.0,0.0,0.0,0.0,0.0,0.0,1.02111226,1.021112
2018-04-14,0.0,2.0,2.0,0.0,0.0,0.0,0.66,0.0,0.0,1.02111226,1.021112
2018-04-15,0.0,0.0,0.0,1.0,0.0,0.0,0.1556,0.0,0.0,1.02111226,1.021112
2018-04-16,0.0,5.0,0.0,0.0,0.0,0.0,0.8224,0.0,0.0,1.02111226,1.021112
2018-04-17,4.0,2.0,4.0,0.0,0.0,0.0,1.4,0.0,0.0,1.02111226,1.021112
2018-04-18,6.0,11.0,0.0,5.0,11.0,4.0,6.2346,0.0,0.0,1.02111226,1.021112
2018-04-19,0.0,0.0,0.0,13.0,0.0,0.0,2.0225,0.0,0.0,1.02111226,1.021112
2018-04-20,0.0,5.0,0.0,0.0,0.0,0.0,0.8224,0.0,0.0,1.02111226,1.021112
2018-04-21,0.0,5.0,0.0,3.0,0.0,0.0,1.2891,0.0,0.0,1.02111226,1.021112
2018-04-22,5.0,22.0,7.0,0.0,0.0,0.0,5.2885,0.0,0.0,1.02111226,1.021112
2018-04-23,8.0,22.0,19.0,0.0,17.0,16.0,14.3743,0.0,0.0,1.02111226,1.021112
2018-04-24,0.0,9.0,0.0,4.0,21.0,50.0,16.9725,0.022327,0.033041,1.02111226,1.054153
2018-04-25,0.0,0.0,0.0,13.0,0.0,0.0,2.0225,0.0,0.0,1.02111226,1.021112
2018-04-26,0.0,0.0,0.0,0.0,0.0,0.0,0.0,0.0,0.0,1.02111226,1.021112
2018-04-27,1.0,0.0,0.0,0.0,0.0,9.0,2.0308,0.0,0.0,1.02111226,1.021112
2018-04-28,0.0,0.0,0.0,0.0,0.0,0.0,0.0,0.0,0.0,1.02111226,1.021112
2018-04-29,0.0,0.0,0.0,0.0,0.0,0.0,0.0,0.0,0.0,1.02111226,1.021112
2018-04-30,0.0,0.0,0.0,0.0,0.0,0.0,0.0,0.0,0.0,1.02111226,1.021112
2018-05-01,0.0,0.0,0.0,0.0,0.0,0.0,0.0,0.0,0.0,1.02111226,1.021112
2018-05-02,0.0,0.0,0.0,0.0,0.0,0.0,0.0,0.0,0.0,1.02111226,1.021112
2018-05-03,0.0,0.0,0.0,0.0,0.0,0.0,0.0,0.0,0.0,1.02111226,1.021112
2018-05-04,0.0,0.0,0.0,0.0,0.0,0.0,0.0,0.0,0.0,1.02111226,1.021112
2018-05-05,0.0,0.0,0.0,0.0,0.0,0.0,0.0,0.0,0.0,1.02111226,1.021112
2018-05-06,0.0,0.0,0.0,0.0,0.0,0.0,0.0,0.0,0.0,1.02111226,1.021112
2018-05-07,0.0,0.0,0.0,0.0,0.0,0.0,0.0,0.0,0.0,1.02111226,1.021112
2018-05-08,0.0,0.0,0.0,0.0,0.0,0.0,0.0,0.0,0.0,1.02111226,1.021112
2018-05-09,0.0,7.0,0.0,0.0,0.0,0.0,1.1514,0.0,0.0,1.02111226,1.021112
2018-05-10,0.0,0.0,0.0,0.0,0.0,0.0,0.0,0.0,0.0,1.02111226,1.021112
2018-05-11,0.0,0.0,0.0,0.0,0.0,0.0,0.0,0.0,0.0,1.02111226,1.021112
2018-05-12,0.0,0.0,0.0,0.0,0.0,0.0,0.0,0.0,0.0,1.02111226,1.021112
2018-05-13,0.0,0.0,0.0,0.0,0.0,0.0,0.0,0.0,0.0,1.02111226,1.021112
2018-05-14,0.0,0.0,0.0,0.0,0.0,0.0,0.0,0.0,0.0,1.02111226,1.021112
2018-05-15,0.0,21.0,0.0,0.0,0.0,0.0,3.4542,0.0,0.0,1.02111226,1.021112
2018-05-16,0.0,29.0,0.0,0.0,3.0,0.0,5.3637,0.0,0.0,1.02111226,1.021112
2018-05-17,0.0,3.0,0.0,39.0,2.0,0.0,6.9566,0.0,0.0,1.02111226,1.021112
2018-05-18,0.0,0.0,0.0,0.0,0.0,0.0,0.0,0.0,0.0,1.02111226,1.021112
2018-05-19,0.0,0.0,0.0,0.0,0.0,0.0,0.0,0.0,0.0,1.02111226,1.021112
2018-05-20,0.0,0.0,0.0,0.0,0.0,0.0,0.0,0.0,0.0,1.02111226,1.021112
2018-05-21,0.0,2.0,0.0,0.0,0.0,0.0,0.329,0.0,0.0,1.02111226,1.021112
2018-05-22,0.0,0.0,0.0,5.0,1.0,5.0,2.0472,0.0,0.0,1.02111226,1.021112
2018-05-23,0.0,0.0,0.0,0.0,0.0,4.0,0.8571,0.0,0.0,1.02111226,1.021112
2018-05-24,0.0,96.0,0.0,0.0,0.0,0.0,15.7904,0.000289,0.000427,1.02111226,1.02154
2018-05-25,0.0,5.0,0.0,0.0,2.0,0.0,1.2182,0.0,0.0,1.02111226,1.021112
2018-05-26,0.0,0.0,0.0,0.0,0.0,0.0,0.0,0.0,0.0,1.02111226,1.021112
2018-05-27,0.0,0.0,0.0,0.0,0.0,0.0,0.0,0.0,0.0,1.02111226,1.021112
2018-05-28,0.0,0.0,0.0,0.0,0.0,0.0,0.0,0.0,0.0,1.02111226,1.021112
2018-05-29,0.0,0.0,0.0,0.0,0.0,0.0,0.0,0.0,0.0,1.02111226,1.021112
2018-05-30,0.0,0.0,0.0,0.0,0.0,0.0,0.0,0.0,0.0,1.02111226,1.021112
2018-05-31,0.0,0.0,0.0,0.0,0.0,0.0,0.0,0.0,0.0,1.02111226,1.021112
2018-06-01,0.0,0.0,0.0,0.0,0.0,0.0,0.0,0.0,0.0,1.02111226,1.021112
2018-06-02,0.0,0.0,0.0,0.0,0.0,0.0,0.0,0.0,0.0,1.02111226,1.021112
2018-06-03,0.0,0.0,0.0,0.0,0.0,0.0,0.0,0.0,0.0,1.02111226,1.021112
2018-06-04,0.0,0.0,0.0,0.0,0.0,0.0,0.0,0.0,0.0,1.02111226,1.021112
2018-06-05,0.0,0.0,0.0,0.0,0.0,0.0,0.0,0.0,0.0,1.02111226,1.021112
2018-06-06,0.0,0.0,0.0,0.0,0.0,0.0,0.0,0.0,0.0,1.02111226,1.021112
2018-06-07,0.0,0.0,0.0,0.0,0.0,0.0,0.0,0.0,0.0,1.02111226,1.021112
2018-06-08,0.0,0.0,0.0,0.0,0.0,0.0,0.0,0.0,0.0,1.02111226,1.021112
2018-06-09,0.0,0.0,0.0,0.0,0.0,0.0,0.0,0.0,0.0,1.02111226,1.021112
2018-06-10,2.0,0.0,11.0,0.0,0.0,0.0,2.0253,0.0,0.0,1.02111226,1.021112
2018-06-11,0.0,0.0,0.0,0.0,0.0,0.0,0.0,0.0,0.0,1.02111226,1.021112
2018-06-12,0.0,0.0,0.0,0.0,0.0,0.0,0.0,0.0,0.0,1.02111226,1.021112
2018-06-13,0.0,0.0,0.0,0.0,0.0,0.0,0.0,0.0,0.0,1.02111226,1.021112
2018-06-14,0.0,0.0,0.0,0.0,0.0,0.0,0.0,0.0,0.0,1.02111226,1.021112
2018-06-15,0.0,0.0,0.0,0.0,0.0,0.0,0.0,0.0,0.0,1.02111226,1.021112
2018-06-16,0.0,0.0,0.0,0.0,0.0,0.0,0.0,0.0,0.0,1.02111226,1.021112
2018-06-17,0.0,0.0,0.0,0.0,0.0,0.0,0.0,0.0,0.0,1.02111226,1.021112
2018-06-18,0.0,0.0,0.0,0.0,0.0,0.0,0.0,0.0,0.0,1.02111226,1.021112
2018-06-19,0.0,0.0,15.0,0.0,0.0,0.0,2.483,0.0,0.0,1.02111226,1.021112
2018-06-20,13.0,3.0,11.0,0.0,0.0,0.0,3.6433,0.0,0.0,1.02111226,1.021112
2018-06-21,5.0,0.0,3.0,3.0,7.0,19.0,6.9311,0.0,0.0,1.02111226,1.021112
2018-06-22,0.0,0.0,0.0,0.0,0.0,1.0,0.2143,0.0,0.0,1.02111226,1.021112
2018-06-23,0.0,0.0,0.0,0.0,0.0,0.0,0.0,0.0,0.0,1.02111226,1.021112
2018-06-24,0.0,0.0,0.0,0.0,0.0,0.0,0.0,0.0,0.0,1.02111226,1.021112
2018-06-25,0.0,0.0,0.0,0.0,0.0,0.0,0.0,0.0,0.0,1.02111226,1.021112
2018-06-26,0.0,0.0,0.0,0.0,0.0,0.0,0.0,0.0,0.0,1.02111226,1.021112
2018-06-27,0.0,0.0,0.0,0.0,0.0,0.0,0.0,0.0,0.0,1.02111226,1.021112
2018-06-28,0.0,0.0,0.0,0.0,0.0,0.0,0.0,0.0,0.0,1.02111226,1.021112
2018-06-29,0.0,0.0,0.0,0.0,0.0,0.0,0.0,0.0,0.0,1.02111226,1.021112
2018-06-30,0.0,0.0,0.0,0.0,0.0,0.0,0.0,0.0,0.0,1.02111226,1.021112
2018-07-01,0.0,0.0,0.0,0.0,0.0,0.0,0.0,0.0,0.0,1.02111226,1.021112
2018-07-02,0.0,0.0,0.0,0.0,0.0,0.0,0.0,0.0,0.0,1.02111226,1.021112
2018-07-03,0.0,0.0,0.0,0.0,0.0,0.0,0.0,0.0,0.0,1.02111226,1.021112
2018-07-04,0.0,0.0,0.0,0.0,0.0,0.0,0.0,0.0,0.0,1.02111226,1.021112
2018-07-05,0.0,0.0,0.0,0.0,0.0,0.0,0.0,0.0,0.0,1.02111226,1.021112
2018-07-06,0.0,0.0,0.0,0.0,0.0,2.0,0.4286,0.0,0.0,1.02111226,1.021112
2018-07-07,0.0,0.0,0.0,0.0,0.0,0.0,0.0,0.0,0.0,1.02111226,1.021112
2018-07-08,0.0,0.0,0.0,0.0,0.0,0.0,0.0,0.0,0.0,1.02111226,1.021112
2018-07-09,0.0,0.0,0.0,0.0,0.0,0.0,0.0,0.0,0.0,1.02111226,1.021112
2018-07-10,0.0,0.0,0.0,0.0,0.0,0.0,0.0,0.0,0.0,1.02111226,1.021112
2018-07-11,0.0,0.0,0.0,0.0,0.0,0.0,0.0,0.0,0.0,1.02111226,1.021112
2018-07-12,0.0,0.0,0.0,0.0,0.0,0.0,0.0,0.0,0.0,1.02111226,1.021112
2018-07-13,0.0,0.0,0.0,0.0,0.0,0.0,0.0,0.0,0.0,1.02111226,1.021112
2018-07-14,0.0,0.0,0.0,0.0,0.0,0.0,0.0,0.0,0.0,1.02111226,1.021112
2018-07-15,0.0,0.0,0.0,0.0,0.0,0.0,0.0,0.0,0.0,1.02111226,1.021112
2018-07-16,0.0,0.0,0.0,0.0,0.0,0.0,0.0,0.0,0.0,1.02111226,1.021112
2018-07-17,0.0,0.0,0.0,0.0,0.0,0.0,0.0,0.0,0.0,1.02111226,1.021112
2018-07-18,0.0,0.0,0.0,0.0,0.0,0.0,0.0,0.0,0.0,1.02111226,1.021112
2018-07-19,0.0,0.0,0.0,0.0,0.0,0.0,0.0,0.0,0.0,1.02111226,1.021112
2018-07-20,0.0,0.0,0.0,0.0,0.0,0.0,0.0,0.0,0.0,1.02111226,1.021112
2018-07-21,0.0,0.0,0.0,0.0,0.0,0.0,0.0,0.0,0.0,1.02111226,1.021112
2018-07-22,0.0,0.0,0.0,0.0,0.0,0.0,0.0,0.0,0.0,1.02111226,1.021112
2018-07-23,0.0,0.0,0.0,0.0,0.0,0.0,0.0,0.0,0.0,1.02111226,1.021112
2018-07-24,0.0,0.0,0.0,0.0,0.0,0.0,0.0,0.0,0.0,1.02111226,1.021112
2018-07-25,0.0,0.0,0.0,0.0,0.0,0.0,0.0,0.0,0.0,1.02111226,1.021112
2018-07-26,0.0,0.0,0.0,0.0,0.0,0.0,0.0,0.0,0.0,1.02111226,1.021112
2018-07-27,0.0,0.0,0.0,0.0,0.0,0.0,0.0,0.0,0.0,1.02111226,1.021112
2018-07-28,0.0,0.0,0.0,0.0,0.0,0.0,0.0,0.0,0.0,1.02111226,1.021112
2018-07-29,0.0,0.0,0.0,0.0,0.0,0.0,0.0,0.0,0.0,1.02111226,1.021112
2018-07-30,0.0,0.0,0.0,0.0,0.0,0.0,0.0,0.0,0.0,1.02111226,1.021112
2018-07-31,0.0,0.0,0.0,0.0,0.0,0.0,0.0,0.0,0.0,1.02111226,1.021112
2018-08-01,0.0,0.0,0.0,0.0,0.0,0.0,0.0,0.0,0.0,1.02111226,1.021112
2018-08-02,2.0,2.0,1.0,0.0,0.0,0.0,0.699,0.0,0.0,1.02111226,1.021112
2018-08-03,0.0,0.0,1.0,1.0,0.0,4.0,1.1782,0.0,0.0,1.02111226,1.021112
2018-08-04,2.0,0.0,5.0,0.0,0.0,0.0,1.0321,0.0,0.0,1.02111226,1.021112
2018-08-05,0.0,0.0,0.0,0.0,0.0,0.0,0.0,0.0,0.0,1.02111226,1.021112
2018-08-06,0.0,0.0,0.0,0.0,0.0,0.0,0.0,0.0,0.0,1.02111226,1.021112
2018-08-07,0.0,0.0,0.0,0.0,0.0,0.0,0.0,0.0,0.0,1.02111226,1.021112
2018-08-08,0.0,0.0,0.0,0.0,0.0,0.0,0.0,0.0,0.0,1.02111226,1.021112
2018-08-09,0.0,0.0,0.0,0.0,0.0,0.0,0.0,0.0,0.0,1.02111226,1.021112
2018-08-10,0.0,0.0,0.0,0.0,0.0,0.0,0.0,0.0,0.0,1.02111226,1.021112
2018-08-11,0.0,0.0,0.0,0.0,0.0,0.0,0.0,0.0,0.0,1.02111226,1.021112
2018-08-12,0.0,0.0,0.0,0.0,0.0,0.0,0.0,0.0,0.0,1.02111226,1.021112
2018-08-13,0.0,0.0,0.0,0.0,0.0,0.0,0.0,0.0,0.0,1.02111226,1.021112
2018-08-14,0.0,0.0,0.0,0.0,0.0,0.0,0.0,0.0,0.0,1.02111226,1.021112
2018-08-15,0.0,0.0,0.0,0.0,0.0,0.0,0.0,0.0,0.0,1.02111226,1.021112
2018-08-16,0.0,0.0,0.0,0.0,0.0,0.0,0.0,0.0,0.0,1.02111226,1.021112
2018-08-17,0.0,0.0,0.0,0.0,0.0,0.0,0.0,0.0,0.0,1.02111226,1.021112
2018-08-18,0.0,0.0,0.0,0.0,0.0,0.0,0.0,0.0,0.0,1.02111226,1.021112
2018-08-19,0.0,0.0,0.0,0.0,0.0,0.0,0.0,0.0,0.0,1.02111226,1.021112
2018-08-20,0.0,0.0,0.0,0.0,0.0,0.0,0.0,0.0,0.0,1.02111226,1.021112
2018-08-21,0.0,0.0,0.0,0.0,0.0,0.0,0.0,0.0,0.0,1.02111226,1.021112
2018-08-22,0.0,0.0,0.0,0.0,0.0,13.0,2.7857,0.0,0.0,1.02111226,1.021112
2018-08-23,0.0,0.0,0.0,0.0,0.0,0.0,0.0,0.0,0.0,1.02111226,1.021112
2018-08-24,0.0,0.0,0.0,0.0,0.0,0.0,0.0,0.0,0.0,1.02111226,1.021112
2018-08-25,0.0,0.0,0.0,0.0,0.0,0.0,0.0,0.0,0.0,1.02111226,1.021112
2018-08-26,0.0,0.0,0.0,0.0,0.0,0.0,0.0,0.0,0.0,1.02111226,1.021112
2018-08-27,0.0,1.0,2.0,0.0,0.0,0.0,0.4955,0.0,0.0,1.02111226,1.021112
2018-08-28,0.0,0.0,0.0,0.0,0.0,1.0,0.2143,0.0,0.0,1.02111226,1.021112
2018-08-29,0.0,0.0,0.0,1.0,0.0,0.0,0.1556,0.0,0.0,1.02111226,1.021112
2018-08-30,0.0,0.0,3.0,0.0,0.0,1.0,0.7109,0.0,0.0,1.02111226,1.021112
2018-08-31,1.0,0.0,4.0,0.0,0.0,2.0,1.1929,0.0,0.0,1.02111226,1.021112
2018-09-01,0.0,0.0,0.0,0.0,0.0,2.0,0.4286,0.0,0.0,1.02111226,1.021112
2018-09-02,0.0,0.0,1.0,0.0,0.0,0.0,0.1655,0.0,0.0,1.02111226,1.021112
2018-09-03,0.0,0.0,0.0,0.0,0.0,1.0,0.2143,0.0,0.0,1.02111226,1.021112
2018-09-04,0.0,0.0,0.0,0.0,0.0,0.0,0.0,0.0,0.0,1.02111226,1.021112
2018-09-05,0.0,0.0,0.0,0.0,0.0,0.0,0.0,0.0,0.0,1.02111226,1.021112
2018-09-06,0.0,0.0,0.0,0.0,0.0,0.0,0.0,0.0,0.0,1.02111226,1.021112
2018-09-07,5.0,0.0,13.0,0.0,0.0,0.0,2.6631,0.0,0.0,1.02111226,1.021112
2018-09-08,0.0,0.0,0.0,0.0,0.0,9.0,1.9285,0.0,0.0,1.02111226,1.021112
2018-09-09,0.0,0.0,0.0,0.0,0.0,0.0,0.0,0.0,0.0,1.02111226,1.021112
2018-09-10,0.0,0.0,0.0,0.0,0.0,0.0,0.0,0.0,0.0,1.02111226,1.021112
2018-09-11,0.0,0.0,0.0,0.0,0.0,0.0,0.0,0.0,0.0,1.02111226,1.021112
2018-09-12,0.0,0.0,0.0,0.0,0.0,0.0,0.0,0.0,0.0,1.02111226,1.021112
2018-09-13,0.0,0.0,0.0,0.0,0.0,0.0,0.0,0.0,0.0,1.02111226,1.021112
2018-09-14,0.0,0.0,0.0,0.0,0.0,0.0,0.0,0.0,0.0,1.02111226,1.021112
2018-09-15,0.0,0.0,0.0,0.0,0.0,0.0,0.0,0.0,0.0,1.02111226,1.021112
2018-09-16,0.0,0.0,0.0,0.0,0.0,0.0,0.0,0.0,0.0,1.02111226,1.021112
2018-09-17,0.0,0.0,0.0,0.0,0.0,0.0,0.0,0.0,0.0,1.02111226,1.021112
2018-09-18,0.0,3.0,0.0,0.0,0.0,0.0,0.4935,0.0,0.0,1.02111226,1.021112
2018-09-19,0.0,12.0,9.0,0.0,0.0,0.0,3.4636,0.0,0.0,1.02111226,1.021112
2018-09-20,0.0,0.0,0.0,8.0,5.0,76.0,18.5195,0.102266,0.151339,1.02111226,1.172451
2018-09-21,0.0,0.0,0.0,0.0,3.0,0.0,0.5937,0.0,0.0,1.02111226,1.021112
2018-09-22,0.0,0.0,0.0,0.0,0.0,0.0,0.0,0.0,0.0,1.02111226,1.021112
2018-09-23,0.0,0.0,0.0,0.0,0.0,0.0,0.0,0.0,0.0,1.02111226,1.021112
2018-09-24,0.0,0.0,0.0,0.0,0.0,0.0,0.0,0.0,0.0,1.02111226,1.021112
2018-09-25,0.0,0.0,0.0,0.0,0.0,0.0,0.0,0.0,0.0,1.02111226,1.021112
2018-09-26,0.0,0.0,0.0,0.0,0.0,0.0,0.0,0.0,0.0,1.02111226,1.021112
2018-09-27,0.0,0.0,0.0,0.0,0.0,0.0,0.0,0.0,0.0,1.02111226,1.021112
2018-09-28,0.0,0.0,0.0,0.0,0.0,0.0,0.0,0.0,0.0,1.02111226,1.021112
2018-09-29,0.0,0.0,0.0,0.0,0.0,0.0,0.0,0.0,0.0,1.02111226,1.021112
2018-09-30,0.0,0.0,0.0,0.0,0.0,0.0,0.0,0.0,0.0,1.02111226,1.021112
2018-10-01,0.0,0.0,0.0,0.0,0.0,0.0,0.0,0.0,0.0,1.02111226,1.021112
2018-10-02,0.0,0.0,0.0,0.0,0.0,0.0,0.0,0.0,0.0,1.02111226,1.021112
2018-10-03,0.0,0.0,0.0,0.0,0.0,0.0,0.0,0.0,0.0,1.02111226,1.021112
2018-10-04,0.0,0.0,0.0,0.0,0.0,0.0,0.0,0.0,0.0,1.02111226,1.021112
2018-10-05,0.0,0.0,0.0,0.0,0.0,0.0,0.0,0.0,0.0,1.02111226,1.021112
2018-10-06,0.0,0.0,0.0,0.0,0.0,0.0,0.0,0.0,0.0,1.02111226,1.021112
2018-10-07,0.0,0.0,0.0,0.0,0.0,0.0,0.0,0.0,0.0,1.02111226,1.021112
2018-10-08,0.0,0.0,0.0,0.0,0.0,0.0,0.0,0.0,0.0,1.02111226,1.021112
2018-10-09,0.0,0.0,0.0,0.0,0.0,0.0,0.0,0.0,0.0,1.02111226,1.021112
2018-10-10,0.0,0.0,0.0,0.0,0.0,0.0,0.0,0.0,0.0,1.02111226,1.021112
2018-10-11,0.0,0.0,0.0,0.0,0.0,0.0,0.0,0.0,0.0,1.02111226,1.021112
2018-10-12,0.0,0.0,0.0,0.0,0.0,0.0,0.0,0.0,0.0,1.02111226,1.021112
2018-10-13,0.0,0.0,0.0,0.0,0.0,0.0,0.0,0.0,0.0,1.02111226,1.021112
2018-10-14,0.0,0.0,0.0,0.0,0.0,0.0,0.0,0.0,0.0,1.02111226,1.021112
2018-10-15,0.0,0.0,0.0,0.0,0.0,0.0,0.0,0.0,0.0,1.02111226,1.021112
2018-10-16,1.0,0.0,0.0,0.0,0.0,0.0,0.1022,0.0,0.0,1.02111226,1.021112
2018-10-17,0.0,0.0,0.0,0.0,0.0,3.0,0.6428,0.0,0.0,1.02111226,1.021112
2018-10-18,0.0,0.0,1.0,0.0,0.0,0.0,0.1655,0.0,0.0,1.02111226,1.021112
2018-10-19,2.0,0.0,0.0,0.0,0.0,0.0,0.2045,0.0,0.0,1.02111226,1.021112
2018-10-20,0.0,0.0,5.0,0.0,0.0,0.0,0.8277,0.0,0.0,1.02111226,1.021112
2018-10-21,1.0,0.0,0.0,3.0,0.0,17.0,4.2117,0.0,0.0,1.02111226,1.021112
2018-10-22,1.0,0.0,8.0,0.0,0.0,2.0,1.855,0.0,0.0,1.02111226,1.021112
2018-10-23,2.0,0.0,2.0,0.0,0.0,0.0,0.5355,0.0,0.0,1.02111226,1.021112
2018-10-24,1.0,0.0,3.0,0.0,0.0,4.0,1.456,0.0,0.0,1.02111226,1.021112
2018-10-25,0.0,0.0,6.0,0.0,0.0,3.0,1.636,0.0,0.0,1.02111226,1.021112
2018-10-26,2.0,0.0,0.0,0.0,0.0,2.0,0.633,0.0,0.0,1.02111226,1.021112
2018-10-27,0.0,0.0,2.0,0.0,0.0,0.0,0.3311,0.0,0.0,1.02111226,1.021112
2018-10-28,0.0,0.0,0.0,0.0,8.0,31.0,8.2259,0.0,0.0,1.02111226,1.021112
2018-10-29,0.0,0.0,0.0,0.0,0.0,0.0,0.0,0.0,0.0,1.02111226,1.021112
2018-10-30,0.0,0.0,0.0,0.0,0.0,0.0,0.0,0.0,0.0,1.02111226,1.021112
2018-10-31,0.0,0.0,0.0,0.0,0.0,0.0,0.0,0.0,0.0,1.02111226,1.021112
2018-11-01,0.0,3.0,0.0,0.0,0.0,0.0,0.4935,0.0,0.0,1.02111226,1.021112
2018-11-02,0.0,0.0,0.0,0.0,0.0,0.0,0.0,0.0,0.0,1.02111226,1.021112
2018-11-03,0.0,0.0,0.0,0.0,0.0,0.0,0.0,0.0,0.0,1.02111226,1.021112
2018-11-04,0.0,0.0,0.0,0.0,0.0,0.0,0.0,0.0,0.0,1.02111226,1.021112
2018-11-05,175.0,0.0,149.0,0.0,0.0,0.0,42.5553,6.891816,10.198931,1.02111226,11.220043
2018-11-06,56.0,2.0,58.0,0.0,0.0,88.0,34.5117,3.668879,5.429431,1.02111226,6.450543
2018-11-07,23.0,18.0,56.0,4.0,2.0,59.0,28.2426,1.749131,2.588471,1.02111226,3.609583
2018-11-08,30.0,18.0,20.0,8.0,8.0,31.0,18.8089,0.123412,0.182633,1.02111226,1.203746
2018-11-09,14.0,48.0,21.0,34.0,26.0,34.0,30.523,2.379651,3.521552,1.02111226,4.542665
2018-11-10,10.0,16.0,20.0,23.0,14.0,9.0,15.242,0.0,0.0,1.02111226,1.021112
2018-11-11,2.0,0.0,0.0,58.0,0.0,57.0,21.4418,0.400724,0.593016,1.02111226,1.614128
2018-11-12,7.0,27.0,88.0,0.0,0.0,24.0,24.8662,0.973657,1.440878,1.02111226,2.46199
2018-11-13,2.0,9.0,13.0,0.0,0.0,102.0,25.6935,1.145261,1.694827,1.02111226,2.715939
2018-11-14,1.0,29.0,1.0,2.0,0.0,8.0,7.0632,0.0,0.0,1.02111226,1.021112
2018-11-15,1.0,0.0,0.0,0.0,0.0,17.0,3.745,0.0,0.0,1.02111226,1.021112
2018-11-16,0.0,0.0,0.0,0.0,0.0,0.0,0.0,0.0,0.0,1.02111226,1.021112
2018-11-17,1.0,2.0,0.0,0.0,0.0,0.0,0.4312,0.0,0.0,1.02111226,1.021112
2018-11-18,0.0,0.0,0.0,0.0,0.0,0.0,0.0,0.0,0.0,1.02111226,1.021112
2018-11-19,0.0,0.0,0.0,0.0,0.0,0.0,0.0,0.0,0.0,1.02111226,1.021112
2018-11-20,0.0,0.0,1.0,0.0,0.0,0.0,0.1655,0.0,0.0,1.02111226,1.021112
2018-11-21,0.0,0.0,0.0,0.0,0.0,0.0,0.0,0.0,0.0,1.02111226,1.021112
2018-11-22,0.0,0.0,0.0,0.0,0.0,0.0,0.0,0.0,0.0,1.02111226,1.021112
2018-11-23,0.0,0.0,1.0,0.0,0.0,0.0,0.1655,0.0,0.0,1.02111226,1.021112
2018-11-24,0.0,0.0,0.0,0.0,0.0,0.0,0.0,0.0,0.0,1.02111226,1.021112
2018-11-25,3.0,35.0,1.0,0.0,0.0,0.0,6.2292,0.0,0.0,1.02111226,1.021112
2018-11-26,1.0,16.0,1.0,10.0,2.0,23.0,9.7795,0.0,0.0,1.02111226,1.021112
2018-11-27,139.0,49.0,122.0,19.0,31.0,12.0,54.1272,12.694347,18.78587,1.02111226,19.806982
2018-11-28,0.0,23.0,1.0,20.0,25.0,164.0,47.1497,9.049936,13.392648,1.02111226,14.413761
2018-11-29,64.0,45.0,49.0,30.0,0.0,0.0,26.723,1.375791,2.035979,1.02111226,3.057091
2018-11-30,0.0,2.0,7.0,52.0,60.0,98.0,42.4508,6.845226,10.129984,1.02111226,11.151097
2018-12-01,0.0,0.0,0.0,1.0,0.0,12.0,2.727,0.0,0.0,1.02111226,1.021112
2018-12-02,0.0,1.0,1.0,0.0,0.0,2.0,0.7586,0.0,0.0,1.02111226,1.021112
2018-12-03,10.0,6.0,24.0,0.0,0.0,0.0,5.982,0.0,0.0,1.02111226,1.021112
2018-12-04,65.0,24.0,107.0,3.0,1.0,13.0,31.755,2.753477,4.074763,1.02111226,5.095875
2018-12-05,14.0,2.0,15.0,13.0,5.0,37.0,15.1836,0.0,0.0,1.02111226,1.021112
2018-12-06,1.0,0.0,3.0,1.0,11.0,26.0,8.5026,0.0,0.0,1.02111226,1.021112
2018-12-07,90.0,4.0,140.0,7.0,5.0,7.0,36.6119,4.434951,6.563111,1.02111226,7.584223
2018-12-08,0.0,0.0,0.0,6.0,3.0,9.0,3.4557,0.0,0.0,1.02111226,1.021112
2018-12-09,0.0,1.0,2.0,0.0,0.0,0.0,0.4955,0.0,0.0,1.02111226,1.021112
2018-12-10,3.0,0.0,3.0,0.0,0.0,0.0,0.8033,0.0,0.0,1.02111226,1.021112
2018-12-11,0.0,0.0,0.0,0.0,0.0,20.0,4.2856,0.0,0.0,1.02111226,1.021112
2018-12-12,0.0,0.0,0.0,0.0,0.0,0.0,0.0,0.0,0.0,1.02111226,1.021112
2018-12-13,1.0,2.0,0.0,0.0,0.0,0.0,0.4312,0.0,0.0,1.02111226,1.021112
2018-12-14,0.0,3.0,4.0,0.0,0.0,0.0,1.1556,0.0,0.0,1.02111226,1.021112
2018-12-15,27.0,35.0,76.0,4.0,0.0,0.0,21.7199,0.438608,0.649079,1.02111226,1.670191
2018-12-16,10.0,2.0,11.0,8.0,13.0,234.0,57.1314,14.383133,21.285039,1.02111226,22.306151
2018-12-17,0.0,0.0,1.0,0.0,0.0,8.0,1.8798,0.0,0.0,1.02111226,1.021112
2018-12-18,2.0,0.0,0.0,0.0,0.0,0.0,0.2045,0.0,0.0,1.02111226,1.021112
2018-12-19,0.0,0.0,0.0,0.0,0.0,3.0,0.6428,0.0,0.0,1.02111226,1.021112
2018-12-20,64.0,54.0,65.0,0.0,0.0,0.0,26.1847,1.252932,1.854165,1.02111226,2.875277
2018-12-21,0.0,0.0,1.0,23.0,46.0,67.0,27.2038,1.489706,2.204558,1.02111226,3.225671
2018-12-22,16.0,1.0,17.0,2.0,0.0,4.0,5.7825,0.0,0.0,1.02111226,1.021112
2018-12-23,6.0,4.0,13.0,0.0,4.0,25.0,9.5719,0.0,0.0,1.02111226,1.021112
2018-12-24,10.0,10.0,5.0,10.0,1.0,11.0,7.6056,0.0,0.0,1.02111226,1.021112
2018-12-25,16.0,40.0,16.0,15.0,1.0,4.0,14.2522,0.0,0.0,1.02111226,1.021112
2018-12-26,14.0,6.0,1.0,2.0,12.0,48.0,15.5551,0.0,0.0,1.02111226,1.021112
2018-12-27,0.0,0.0,0.0,0.0,2.0,0.0,0.3958,0.0,0.0,1.02111226,1.021112
2018-12-28,0.0,0.0,2.0,0.0,0.0,0.0,0.3311,0.0,0.0,1.02111226,1.021112
2018-12-29,5.0,3.0,10.0,0.0,0.0,0.0,2.6599,0.0,0.0,1.02111226,1.021112
2018-12-30,25.0,12.0,21.0,2.0,1.0,0.0,8.5149,0.0,0.0,1.02111226,1.021112
2018-12-31,0.0,2.0,0.0,14.0,13.0,22.0,9.7938,0.0,0.0,1.02111226,1.021112
2019-01-01,1.0,2.0,3.0,2.0,0.0,0.0,1.2389,0.0,0.0,1.02111226,1.021112
2019-01-02,22.0,17.0,32.0,2.0,2.0,2.0,11.4779,0.0,0.0,1.02111226,1.021112
2019-01-03,0.0,3.0,0.0,14.0,3.0,3.0,3.908,0.0,0.0,1.02111226,1.021112
2019-01-04,0.0,3.0,0.0,2.0,1.0,0.0,1.0025,0.0,0.0,1.02111226,1.021112
2019-01-05,0.0,0.0,0.0,1.0,3.0,24.0,5.892,0.0,0.0,1.02111226,1.021112
2019-01-06,0.0,4.0,0.0,3.0,3.0,0.0,1.7183,0.0,0.0,1.02111226,1.021112
2019-01-07,7.0,12.0,15.0,23.0,46.0,0.0,17.8538,0.060946,0.090191,1.02111226,1.111304
2019-01-08,1.0,0.0,4.0,10.0,0.0,9.0,4.2486,0.0,0.0,1.02111226,1.021112
2019-01-09,4.0,6.0,5.0,0.0,0.0,0.0,2.2235,0.0,0.0,1.02111226,1.021112
2019-01-10,0.0,5.0,0.0,16.0,11.0,12.0,8.0598,0.0,0.0,1.02111226,1.021112
2019-01-11,35.0,31.0,35.0,2.0,0.0,0.0,14.782,0.0,0.0,1.02111226,1.021112
2019-01-12,17.0,0.0,9.0,0.0,2.0,0.0,3.6236,0.0,0.0,1.02111226,1.021112
2019-01-13,2.0,9.0,4.0,0.0,0.0,0.0,2.3469,0.0,0.0,1.02111226,1.021112
2019-01-14,7.0,17.0,33.0,22.0,16.0,12.0,18.1347,0.077127,0.114137,1.02111226,1.135249
2019-01-15,79.0,19.0,38.0,35.0,45.0,38.0,39.985,5.779721,8.553184,1.02111226,9.574297
2019-01-16,17.0,4.0,28.0,37.0,36.0,55.0,31.6967,2.735298,4.047861,1.02111226,5.068974
2019-01-17,22.0,43.0,45.0,4.0,5.0,13.0,21.1683,0.365018,0.540177,1.02111226,1.561289
2019-01-18,1.0,7.0,2.0,54.0,30.0,25.0,21.2796,0.379355,0.561393,1.02111226,1.582505
2019-01-19,2.0,2.0,0.0,34.0,2.0,2.0,6.6473,0.0,0.0,1.02111226,1.021112
2019-01-20,5.0,10.0,9.0,1.0,0.0,1.0,4.0156,0.0,0.0,1.02111226,1.021112
2019-01-21,75.0,25.0,87.0,13.0,3.0,2.0,29.2256,2.010886,2.975833,1.02111226,3.996945
2019-01-22,40.0,18.0,46.0,23.0,13.0,29.0,27.0295,1.447965,2.142787,1.02111226,3.163899
2019-01-23,3.0,2.0,6.0,19.0,33.0,33.0,18.1866,0.080316,0.118857,1.02111226,1.139969
2019-01-24,18.0,14.0,14.0,2.0,7.0,15.0,11.3711,0.0,0.0,1.02111226,1.021112
2019-01-25,16.0,20.0,19.0,15.0,19.0,29.0,20.3783,0.270705,0.400606,1.02111226,1.421718
2019-01-26,2.0,0.0,2.0,7.0,7.0,13.0,5.7955,0.0,0.0,1.02111226,1.021112
2019-01-27,6.0,0.0,0.0,0.0,5.0,0.0,1.6029,0.0,0.0,1.02111226,1.021112
2019-01-28,0.0,0.0,0.0,0.0,3.0,0.0,0.5937,0.0,0.0,1.02111226,1.021112
2019-01-29,0.0,0.0,0.0,0.0,0.0,0.0,0.0,0.0,0.0,1.02111226,1.021112
2019-01-30,50.0,63.0,44.0,0.0,0.0,0.0,22.7576,0.593788,0.878723,1.02111226,1.899835
2019-01-31,30.0,9.0,1.0,26.0,0.0,126.0,35.7574,4.116372,6.091659,1.02111226,7.112771
2019-02-01,5.0,7.0,4.0,3.0,5.0,0.0,3.7809,0.0,0.0,1.02111226,1.021112
2019-02-02,0.0,3.0,1.0,14.0,5.0,13.0,6.6122,0.0,0.0,1.02111226,1.021112
2019-02-03,0.0,12.0,0.0,3.0,0.0,5.0,3.5119,0.0,0.0,1.02111226,1.021112
2019-02-04,1.0,4.0,1.0,12.0,0.0,0.0,2.7926,0.0,0.0,1.02111226,1.021112
2019-02-05,2.0,0.0,1.0,2.0,4.0,3.0,2.1156,0.0,0.0,1.02111226,1.021112
2019-02-06,0.0,4.0,5.0,0.0,1.0,0.0,1.6835,0.0,0.0,1.02111226,1.021112
2019-02-07,4.0,31.0,2.0,0.0,1.0,3.0,6.6797,0.0,0.0,1.02111226,1.021112
2019-02-08,8.0,2.0,2.0,0.0,0.0,2.0,1.9065,0.0,0.0,1.02111226,1.021112
2019-02-09,1.0,2.0,0.0,4.0,0.0,0.0,1.0535,0.0,0.0,1.02111226,1.021112
2019-02-10,3.0,0.0,5.0,0.0,0.0,0.0,1.1344,0.0,0.0,1.02111226,1.021112
2019-02-11,0.0,0.0,0.0,0.0,1.0,16.0,3.6264,0.0,0.0,1.02111226,1.021112
2019-02-12,0.0,0.0,0.0,0.0,0.0,0.0,0.0,0.0,0.0,1.02111226,1.021112
2019-02-13,1.0,8.0,0.0,0.0,0.0,0.0,1.4181,0.0,0.0,1.02111226,1.021112
2019-02-14,4.0,2.0,4.0,2.0,8.0,2.0,3.7229,0.0,0.0,1.02111226,1.021112
2019-02-15,0.0,1.0,10.0,20.0,8.0,0.0,6.5144,0.0,0.0,1.02111226,1.021112
2019-02-16,17.0,40.0,57.0,4.0,1.0,0.0,18.5728,0.106017,0.15689,1.02111226,1.178003
2019-02-17,9.0,10.0,8.0,11.0,12.0,12.0,10.5466,0.0,0.0,1.02111226,1.021112
2019-02-18,0.0,12.0,0.0,3.0,20.0,0.0,6.3984,0.0,0.0,1.02111226,1.021112
2019-02-19,17.0,7.0,5.0,14.0,1.0,0.0,6.093,0.0,0.0,1.02111226,1.021112
2019-02-20,43.0,10.0,73.0,18.0,38.0,4.0,29.3022,2.031911,3.006945,1.02111226,4.028058
2019-02-21,0.0,73.0,16.0,40.0,8.0,119.0,47.9614,9.452274,13.988053,1.02111226,15.009165
2019-02-22,0.0,10.0,0.0,3.0,31.0,42.0,17.2461,0.032325,0.047837,1.02111226,1.068949
2019-02-23,0.0,4.0,0.0,8.0,9.0,17.0,7.3264,0.0,0.0,1.02111226,1.021112
2019-02-24,0.0,16.0,1.0,3.0,14.0,1.0,6.2488,0.0,0.0,1.02111226,1.021112
2019-02-25,0.0,4.0,0.0,3.0,47.0,5.0,11.4971,0.0,0.0,1.02111226,1.021112
2019-02-26,0.0,0.0,0.0,11.0,0.0,3.0,2.3542,0.0,0.0,1.02111226,1.021112
2019-02-27,0.0,1.0,1.0,0.0,4.0,0.0,1.1216,0.0,0.0,1.02111226,1.021112
2019-02-28,0.0,0.0,2.0,5.0,0.0,34.0,8.3945,0.0,0.0,1.02111226,1.021112
2019-03-01,46.0,59.0,53.0,23.0,8.0,0.0,28.3418,1.774857,2.626542,1.02111226,3.647654
2019-03-02,2.0,6.0,26.0,73.0,56.0,17.0,31.577,2.698067,3.992764,1.02111226,5.013876
2019-03-03,0.0,33.0,4.0,33.0,28.0,7.0,18.265,0.085258,0.12617,1.02111226,1.147282
2019-03-04,3.0,55.0,5.0,27.0,29.0,0.0,20.1204,0.242792,0.359299,1.02111226,1.380411
2019-03-05,47.0,18.0,44.0,51.0,15.0,0.0,25.9518,1.201355,1.777839,1.02111226,2.798951
2019-03-06,101.0,128.0,114.0,14.0,16.0,21.0,60.0944,16.111948,23.843446,1.02111226,24.864558
2019-03-07,5.0,5.0,7.0,138.0,157.0,102.0,76.8877,26.90104,39.809803,1.02111226,40.830915
2019-03-08,1.0,0.0,0.0,3.0,4.0,5.0,2.4319,0.0,0.0,1.02111226,1.021112
2019-03-09,0.0,5.0,0.0,0.0,0.0,0.0,0.8224,0.0,0.0,1.02111226,1.021112
2019-03-10,2.0,2.0,5.0,0.0,0.0,4.0,2.2182,0.0,0.0,1.02111226,1.021112
2019-03-11,0.0,2.0,1.0,0.0,0.0,0.0,0.4945,0.0,0.0,1.02111226,1.021112
2019-03-12,17.0,1.0,3.0,0.0,0.0,3.0,3.0419,0.0,0.0,1.02111226,1.021112
2019-03-13,0.0,4.0,0.0,0.0,5.0,9.0,3.5759,0.0,0.0,1.02111226,1.021112
2019-03-14,3.0,1.0,9.0,3.0,0.0,0.0,2.4277,0.0,0.0,1.02111226,1.021112
2019-03-15,78.0,39.0,85.0,8.0,5.0,8.0,32.4077,2.960542,4.38119,1.02111226,5.402303
2019-03-16,26.0,21.0,34.0,41.0,33.0,65.0,38.5777,5.202214,7.698554,1.02111226,8.719666
2019-03-17,29.0,36.0,36.0,20.0,27.0,54.0,34.8712,3.795915,5.617427,1.02111226,6.638539
2019-03-18,9.0,10.0,0.0,30.0,19.0,9.0,12.9207,0.0,0.0,1.02111226,1.021112
2019-03-19,18.0,64.0,20.0,15.0,11.0,2.0,20.6168,0.297787,0.440683,1.02111226,1.461795
2019-03-20,0.0,0.0,0.0,85.0,11.0,28.0,21.4005,0.395232,0.584888,1.02111226,1.606001
2019-03-21,3.0,3.0,1.0,0.0,2.0,1.0,1.5758,0.0,0.0,1.02111226,1.021112
2019-03-22,1.0,29.0,3.0,1.0,0.0,9.0,7.453,0.0,0.0,1.02111226,1.021112
2019-03-23,8.0,7.0,22.0,29.0,18.0,10.0,15.8275,0.000449,0.000664,1.02111226,1.021776
2019-03-24,1.0,0.0,0.0,7.0,9.0,14.0,5.9723,0.0,0.0,1.02111226,1.021112
2019-03-25,5.0,0.0,0.0,0.0,1.0,0.0,0.7091,0.0,0.0,1.02111226,1.021112
2019-03-26,0.0,0.0,0.0,0.0,0.0,0.0,0.0,0.0,0.0,1.02111226,1.021112
2019-03-27,0.0,0.0,1.0,0.0,0.0,0.0,0.1655,0.0,0.0,1.02111226,1.021112
2019-03-28,0.0,1.0,0.0,2.0,0.0,5.0,1.547,0.0,0.0,1.02111226,1.021112
2019-03-29,0.0,0.0,0.0,0.0,19.0,0.0,3.76,0.0,0.0,1.02111226,1.021112
2019-03-30,0.0,3.0,0.0,0.0,0.0,0.0,0.4935,0.0,0.0,1.02111226,1.021112
2019-03-31,0.0,0.0,0.0,13.0,17.0,0.0,5.3867,0.0,0.0,1.02111226,1.021112
2019-04-01,0.0,0.0,0.0,0.0,0.0,0.0,0.0,0.0,0.0,1.02111226,1.021112
2019-04-02,0.0,0.0,0.0,52.0,0.0,0.0,8.0898,0.0,0.0,1.02111226,1.021112
2019-04-03,2.0,12.0,0.0,0.0,0.0,0.0,2.1783,0.0,0.0,1.02111226,1.021112
2019-04-04,0.0,19.0,0.0,0.0,1.0,6.0,4.6088,0.0,0.0,1.02111226,1.021112
2019-04-05,1.0,14.0,2.0,4.0,0.0,0.0,3.3584,0.0,0.0,1.02111226,1.021112
2019-04-06,32.0,15.0,43.0,25.0,34.0,19.0,27.5457,1.573122,2.328002,1.02111226,3.349114
2019-04-07,2.0,0.0,0.0,32.0,3.0,21.0,10.2764,0.0,0.0,1.02111226,1.021112
2019-04-08,0.0,3.0,0.0,0.0,7.0,0.0,1.8787,0.0,0.0,1.02111226,1.021112
2019-04-09,0.0,0.0,2.0,14.0,8.0,0.0,4.0923,0.0,0.0,1.02111226,1.021112
2019-04-10,0.0,3.0,0.0,0.0,0.0,0.0,0.4935,0.0,0.0,1.02111226,1.021112
2019-04-11,0.0,2.0,0.0,0.0,0.0,0.0,0.329,0.0,0.0,1.02111226,1.021112
2019-04-12,0.0,0.0,0.0,0.0,0.0,0.0,0.0,0.0,0.0,1.02111226,1.021112
2019-04-13,0.0,0.0,5.0,0.0,0.0,0.0,0.8277,0.0,0.0,1.02111226,1.021112
2019-04-14,0.0,0.0,0.0,13.0,3.0,0.0,2.6161,0.0,0.0,1.02111226,1.021112
2019-04-15,0.0,31.0,0.0,2.0,0.0,0.0,5.4101,0.0,0.0,1.02111226,1.021112
2019-04-16,1.0,36.0,0.0,0.0,26.0,9.0,13.0974,0.0,0.0,1.02111226,1.021112
2019-04-17,3.0,8.0,18.0,15.0,11.0,24.0,14.2553,0.0,0.0,1.02111226,1.021112
2019-04-18,0.0,0.0,0.0,5.0,0.0,4.0,1.635,0.0,0.0,1.02111226,1.021112
2019-04-19,7.0,36.0,16.0,0.0,0.0,0.0,9.2855,0.0,0.0,1.02111226,1.021112
2019-04-20,0.0,0.0,0.0,1.0,8.0,2.0,2.1673,0.0,0.0,1.02111226,1.021112
2019-04-21,0.0,0.0,0.0,0.0,0.0,0.0,0.0,0.0,0.0,1.02111226,1.021112
2019-04-22,0.0,2.0,0.0,0.0,0.0,0.0,0.329,0.0,0.0,1.02111226,1.021112
2019-04-23,0.0,0.0,0.0,0.0,5.0,0.0,0.9895,0.0,0.0,1.02111226,1.021112
2019-04-24,0.0,5.0,0.0,0.0,1.0,0.0,1.0203,0.0,0.0,1.02111226,1.021112
2019-04-25,0.0,0.0,0.0,0.0,4.0,0.0,0.7916,0.0,0.0,1.02111226,1.021112
2019-04-26,0.0,0.0,0.0,0.0,0.0,0.0,0.0,0.0,0.0,1.02111226,1.021112
2019-04-27,0.0,18.0,0.0,0.0,0.0,0.0,2.9607,0.0,0.0,1.02111226,1.021112
2019-04-28,1.0,46.0,2.0,23.0,28.0,0.0,17.1188,0.027446,0.040617,1.02111226,1.061729
2019-04-29,0.0,9.0,0.0,36.0,40.0,3.0,15.6396,0.0,0.0,1.02111226,1.021112
2019-04-30,0.0,23.0,0.0,5.0,0.0,0.0,4.561,0.0,0.0,1.02111226,1.021112
2019-05-01,0.0,1.0,0.0,25.0,25.0,0.0,9.0012,0.0,0.0,1.02111226,1.021112
2019-05-02,0.0,0.0,0.0,53.0,1.0,0.0,8.4433,0.0,0.0,1.02111226,1.021112
2019-05-03,0.0,0.0,0.0,0.0,0.0,0.0,0.0,0.0,0.0,1.02111226,1.021112
2019-05-04,0.0,0.0,0.0,0.0,0.0,0.0,0.0,0.0,0.0,1.02111226,1.021112
2019-05-05,0.0,0.0,0.0,0.0,0.0,0.0,0.0,0.0,0.0,1.02111226,1.021112
2019-05-06,0.0,37.0,0.0,0.0,0.0,0.0,6.0859,0.0,0.0,1.02111226,1.021112
2019-05-07,0.0,5.0,10.0,0.0,0.0,0.0,2.4777,0.0,0.0,1.02111226,1.021112
2019-05-08,0.0,0.0,0.0,13.0,0.0,0.0,2.0225,0.0,0.0,1.02111226,1.021112
2019-05-09,0.0,0.0,0.0,0.0,0.0,0.0,0.0,0.0,0.0,1.02111226,1.021112
2019-05-10,0.0,0.0,0.0,0.0,0.0,0.0,0.0,0.0,0.0,1.02111226,1.021112
2019-05-11,0.0,0.0,0.0,0.0,0.0,0.0,0.0,0.0,0.0,1.02111226,1.021112
2019-05-12,0.0,0.0,0.0,0.0,0.0,0.0,0.0,0.0,0.0,1.02111226,1.021112
2019-05-13,0.0,1.0,0.0,0.0,0.0,0.0,0.1645,0.0,0.0,1.02111226,1.021112
2019-05-14,0.0,0.0,0.0,0.0,0.0,0.0,0.0,0.0,0.0,1.02111226,1.021112
2019-05-15,0.0,0.0,0.0,0.0,0.0,0.0,0.0,0.0,0.0,1.02111226,1.021112
2019-05-16,0.0,0.0,0.0,0.0,0.0,0.0,0.0,0.0,0.0,1.02111226,1.021112
2019-05-17,0.0,0.0,0.0,0.0,0.0,0.0,0.0,0.0,0.0,1.02111226,1.021112
2019-05-18,0.0,0.0,0.0,0.0,0.0,0.0,0.0,0.0,0.0,1.02111226,1.021112
2019-05-19,0.0,0.0,0.0,0.0,0.0,0.0,0.0,0.0,0.0,1.02111226,1.021112
2019-05-20,0.0,0.0,0.0,0.0,0.0,0.0,0.0,0.0,0.0,1.02111226,1.021112
2019-05-21,0.0,0.0,0.0,0.0,0.0,0.0,0.0,0.0,0.0,1.02111226,1.021112
2019-05-22,0.0,0.0,0.0,0.0,0.0,0.0,0.0,0.0,0.0,1.02111226,1.021112
2019-05-23,0.0,0.0,0.0,0.0,0.0,0.0,0.0,0.0,0.0,1.02111226,1.021112
2019-05-24,0.0,0.0,0.0,0.0,1.0,3.0,0.8407,0.0,0.0,1.02111226,1.021112
2019-05-25,1.0,0.0,3.0,0.0,0.0,0.0,0.5988,0.0,0.0,1.02111226,1.021112
2019-05-26,0.0,0.0,1.0,0.0,2.0,0.0,0.5613,0.0,0.0,1.02111226,1.021112
2019-05-27,0.0,0.0,0.0,1.0,1.0,0.0,0.3535,0.0,0.0,1.02111226,1.021112
2019-05-28,0.0,0.0,0.0,0.0,0.0,0.0,0.0,0.0,0.0,1.02111226,1.021112
2019-05-29,0.0,4.0,0.0,0.0,0.0,0.0,0.6579,0.0,0.0,1.02111226,1.021112
2019-05-30,0.0,0.0,0.0,0.0,0.0,0.0,0.0,0.0,0.0,1.02111226,1.021112
2019-05-31,0.0,0.0,0.0,0.0,0.0,0.0,0.0,0.0,0.0,1.02111226,1.021112
2019-06-01,0.0,0.0,0.0,0.0,0.0,0.0,0.0,0.0,0.0,1.02111226,1.021112
2019-06-02,0.0,0.0,0.0,0.0,0.0,0.0,0.0,0.0,0.0,1.02111226,1.021112
2019-06-03,0.0,0.0,0.0,0.0,0.0,0.0,0.0,0.0,0.0,1.02111226,1.021112
2019-06-04,0.0,0.0,0.0,0.0,0.0,0.0,0.0,0.0,0.0,1.02111226,1.021112
2019-06-05,0.0,0.0,0.0,0.0,0.0,0.0,0.0,0.0,0.0,1.02111226,1.021112
2019-06-06,0.0,0.0,0.0,0.0,0.0,0.0,0.0,0.0,0.0,1.02111226,1.021112
2019-06-07,0.0,0.0,0.0,0.0,0.0,0.0,0.0,0.0,0.0,1.02111226,1.021112
2019-06-08,0.0,0.0,0.0,0.0,0.0,0.0,0.0,0.0,0.0,1.02111226,1.021112
2019-06-09,0.0,0.0,0.0,0.0,0.0,0.0,0.0,0.0,0.0,1.02111226,1.021112
2019-06-10,0.0,0.0,0.0,0.0,0.0,0.0,0.0,0.0,0.0,1.02111226,1.021112
2019-06-11,0.0,0.0,0.0,0.0,0.0,0.0,0.0,0.0,0.0,1.02111226,1.021112
2019-06-12,0.0,0.0,0.0,0.0,0.0,0.0,0.0,0.0,0.0,1.02111226,1.021112
2019-06-13,0.0,0.0,0.0,0.0,0.0,0.0,0.0,0.0,0.0,1.02111226,1.021112
2019-06-14,0.0,0.0,1.0,0.0,0.0,0.0,0.1655,0.0,0.0,1.02111226,1.021112
2019-06-15,0.0,0.0,0.0,0.0,0.0,2.0,0.4286,0.0,0.0,1.02111226,1.021112
2019-06-16,0.0,0.0,0.0,0.0,0.0,0.0,0.0,0.0,0.0,1.02111226,1.021112
2019-06-17,0.0,0.0,0.0,0.0,0.0,0.0,0.0,0.0,0.0,1.02111226,1.021112
2019-06-18,0.0,0.0,0.0,0.0,0.0,0.0,0.0,0.0,0.0,1.02111226,1.021112
2019-06-19,0.0,0.0,0.0,0.0,0.0,0.0,0.0,0.0,0.0,1.02111226,1.021112
2019-06-20,0.0,0.0,0.0,0.0,0.0,0.0,0.0,0.0,0.0,1.02111226,1.021112
2019-06-21,0.0,0.0,0.0,0.0,0.0,0.0,0.0,0.0,0.0,1.02111226,1.021112
2019-06-22,0.0,0.0,0.0,0.0,0.0,0.0,0.0,0.0,0.0,1.02111226,1.021112
2019-06-23,0.0,0.0,0.0,0.0,0.0,0.0,0.0,0.0,0.0,1.02111226,1.021112
2019-06-24,0.0,0.0,0.0,0.0,0.0,0.0,0.0,0.0,0.0,1.02111226,1.021112
2019-06-25,0.0,0.0,0.0,0.0,0.0,0.0,0.0,0.0,0.0,1.02111226,1.021112
2019-06-26,0.0,0.0,0.0,0.0,0.0,0.0,0.0,0.0,0.0,1.02111226,1.021112
2019-06-27,0.0,0.0,0.0,0.0,0.0,0.0,0.0,0.0,0.0,1.02111226,1.021112
2019-06-28,0.0,0.0,0.0,0.0,0.0,0.0,0.0,0.0,0.0,1.02111226,1.021112
2019-06-29,0.0,0.0,0.0,0.0,0.0,0.0,0.0,0.0,0.0,1.02111226,1.021112
2019-06-30,0.0,0.0,0.0,0.0,0.0,0.0,0.0,0.0,0.0,1.02111226,1.021112
2019-07-01,0.0,0.0,0.0,0.0,0.0,0.0,0.0,0.0,0.0,1.02111226,1.021112
2019-07-02,0.0,0.0,0.0,0.0,0.0,0.0,0.0,0.0,0.0,1.02111226,1.021112
2019-07-03,0.0,0.0,0.0,0.0,0.0,0.0,0.0,0.0,0.0,1.02111226,1.021112
2019-07-04,0.0,8.0,0.0,0.0,0.0,0.0,1.3159,0.0,0.0,1.02111226,1.021112
2019-07-05,0.0,0.0,0.0,0.0,0.0,4.0,0.8571,0.0,0.0,1.02111226,1.021112
2019-07-06,0.0,0.0,0.0,0.0,0.0,0.0,0.0,0.0,0.0,1.02111226,1.021112
2019-07-07,0.0,0.0,0.0,0.0,0.0,0.0,0.0,0.0,0.0,1.02111226,1.021112
2019-07-08,0.0,0.0,0.0,0.0,0.0,0.0,0.0,0.0,0.0,1.02111226,1.021112
2019-07-09,0.0,0.0,0.0,0.0,0.0,0.0,0.0,0.0,0.0,1.02111226,1.021112
2019-07-10,0.0,0.0,0.0,0.0,0.0,0.0,0.0,0.0,0.0,1.02111226,1.021112
2019-07-11,0.0,0.0,0.0,0.0,0.0,0.0,0.0,0.0,0.0,1.02111226,1.021112
2019-07-12,0.0,0.0,0.0,0.0,0.0,0.0,0.0,0.0,0.0,1.02111226,1.021112
2019-07-13,0.0,0.0,0.0,0.0,0.0,0.0,0.0,0.0,0.0,1.02111226,1.021112
2019-07-14,0.0,0.0,0.0,0.0,0.0,0.0,0.0,0.0,0.0,1.02111226,1.021112
2019-07-15,0.0,0.0,0.0,0.0,0.0,0.0,0.0,0.0,0.0,1.02111226,1.021112
2019-07-16,0.0,0.0,0.0,0.0,0.0,0.0,0.0,0.0,0.0,1.02111226,1.021112
2019-07-17,0.0,0.0,0.0,0.0,0.0,0.0,0.0,0.0,0.0,1.02111226,1.021112
2019-07-18,0.0,0.0,0.0,0.0,0.0,0.0,0.0,0.0,0.0,1.02111226,1.021112
2019-07-19,0.0,0.0,2.0,0.0,0.0,0.0,0.3311,0.0,0.0,1.02111226,1.021112
2019-07-20,0.0,0.0,0.0,0.0,0.0,0.0,0.0,0.0,0.0,1.02111226,1.021112
2019-07-21,0.0,0.0,0.0,0.0,0.0,0.0,0.0,0.0,0.0,1.02111226,1.021112
2019-07-22,0.0,0.0,0.0,0.0,0.0,0.0,0.0,0.0,0.0,1.02111226,1.021112
2019-07-23,0.0,0.0,0.0,0.0,0.0,0.0,0.0,0.0,0.0,1.02111226,1.021112
2019-07-24,0.0,0.0,0.0,0.0,0.0,0.0,0.0,0.0,0.0,1.02111226,1.021112
2019-07-25,0.0,0.0,0.0,0.0,0.0,0.0,0.0,0.0,0.0,1.02111226,1.021112
2019-07-26,0.0,0.0,0.0,0.0,0.0,0.0,0.0,0.0,0.0,1.02111226,1.021112
2019-07-27,0.0,0.0,0.0,0.0,0.0,0.0,0.0,0.0,0.0,1.02111226,1.021112
2019-07-28,0.0,0.0,0.0,0.0,0.0,0.0,0.0,0.0,0.0,1.02111226,1.021112
2019-07-29,0.0,0.0,0.0,0.0,0.0,0.0,0.0,0.0,0.0,1.02111226,1.021112
2019-07-30,0.0,0.0,0.0,0.0,0.0,0.0,0.0,0.0,0.0,1.02111226,1.021112
2019-07-31,0.0,0.0,0.0,0.0,0.0,0.0,0.0,0.0,0.0,1.02111226,1.021112
2019-08-01,0.0,0.0,0.0,0.0,0.0,0.0,0.0,0.0,0.0,1.02111226,1.021112
2019-08-02,0.0,0.0,0.0,0.0,0.0,0.0,0.0,0.0,0.0,1.02111226,1.021112
2019-08-03,0.0,0.0,0.0,0.0,0.0,0.0,0.0,0.0,0.0,1.02111226,1.021112
2019-08-04,0.0,0.0,0.0,0.0,0.0,0.0,0.0,0.0,0.0,1.02111226,1.021112
2019-08-05,0.0,0.0,0.0,0.0,0.0,0.0,0.0,0.0,0.0,1.02111226,1.021112
2019-08-06,0.0,0.0,0.0,0.0,0.0,0.0,0.0,0.0,0.0,1.02111226,1.021112
2019-08-07,0.0,0.0,0.0,0.0,0.0,0.0,0.0,0.0,0.0,1.02111226,1.021112
2019-08-08,0.0,0.0,0.0,0.0,0.0,0.0,0.0,0.0,0.0,1.02111226,1.021112
2019-08-09,0.0,0.0,0.0,0.0,0.0,0.0,0.0,0.0,0.0,1.02111226,1.021112
2019-08-10,0.0,0.0,0.0,0.0,0.0,0.0,0.0,0.0,0.0,1.02111226,1.021112
2019-08-11,0.0,0.0,0.0,0.0,0.0,0.0,0.0,0.0,0.0,1.02111226,1.021112
2019-08-12,0.0,0.0,0.0,0.0,0.0,0.0,0.0,0.0,0.0,1.02111226,1.021112
2019-08-13,0.0,0.0,0.0,0.0,0.0,0.0,0.0,0.0,0.0,1.02111226,1.021112
2019-08-14,0.0,0.0,0.0,0.0,0.0,0.0,0.0,0.0,0.0,1.02111226,1.021112
2019-08-15,0.0,0.0,0.0,0.0,0.0,0.0,0.0,0.0,0.0,1.02111226,1.021112
2019-08-16,0.0,0.0,0.0,0.0,0.0,0.0,0.0,0.0,0.0,1.02111226,1.021112
2019-08-17,0.0,0.0,0.0,0.0,0.0,0.0,0.0,0.0,0.0,1.02111226,1.021112
2019-08-18,0.0,0.0,0.0,0.0,0.0,0.0,0.0,0.0,0.0,1.02111226,1.021112
2019-08-19,0.0,0.0,0.0,0.0,0.0,0.0,0.0,0.0,0.0,1.02111226,1.021112
2019-08-20,0.0,0.0,0.0,0.0,0.0,0.0,0.0,0.0,0.0,1.02111226,1.021112
2019-08-21,0.0,0.0,0.0,0.0,0.0,0.0,0.0,0.0,0.0,1.02111226,1.021112
2019-08-22,0.0,0.0,0.0,0.0,0.0,0.0,0.0,0.0,0.0,1.02111226,1.021112
2019-08-23,0.0,0.0,0.0,0.0,0.0,0.0,0.0,0.0,0.0,1.02111226,1.021112
2019-08-24,0.0,0.0,0.0,0.0,0.0,0.0,0.0,0.0,0.0,1.02111226,1.021112
2019-08-25,0.0,0.0,2.0,0.0,0.0,0.0,0.3311,0.0,0.0,1.02111226,1.021112
2019-08-26,0.0,0.0,0.0,0.0,0.0,0.0,0.0,0.0,0.0,1.02111226,1.021112
2019-08-27,0.0,0.0,0.0,0.0,0.0,0.0,0.0,0.0,0.0,1.02111226,1.021112
2019-08-28,0.0,0.0,0.0,0.0,0.0,0.0,0.0,0.0,0.0,1.02111226,1.021112
2019-08-29,0.0,0.0,0.0,0.0,0.0,0.0,0.0,0.0,0.0,1.02111226,1.021112
2019-08-30,0.0,0.0,0.0,0.0,0.0,0.0,0.0,0.0,0.0,1.02111226,1.021112
2019-08-31,0.0,0.0,0.0,0.0,0.0,0.0,0.0,0.0,0.0,1.02111226,1.021112
2019-09-01,0.0,0.0,0.0,0.0,0.0,0.0,0.0,0.0,0.0,1.02111226,1.021112
2019-09-02,0.0,0.0,0.0,0.0,0.0,0.0,0.0,0.0,0.0,1.02111226,1.021112
2019-09-03,0.0,0.0,0.0,0.0,0.0,0.0,0.0,0.0,0.0,1.02111226,1.021112
2019-09-04,0.0,0.0,0.0,0.0,0.0,0.0,0.0,0.0,0.0,1.02111226,1.021112
2019-09-05,0.0,0.0,0.0,0.0,0.0,0.0,0.0,0.0,0.0,1.02111226,1.021112
2019-09-06,0.0,0.0,0.0,0.0,0.0,0.0,0.0,0.0,0.0,1.02111226,1.021112
2019-09-07,0.0,0.0,1.0,0.0,0.0,0.0,0.1655,0.0,0.0,1.02111226,1.021112
2019-09-08,0.0,0.0,0.0,0.0,0.0,0.0,0.0,0.0,0.0,1.02111226,1.021112
2019-09-09,0.0,0.0,0.0,0.0,0.0,0.0,0.0,0.0,0.0,1.02111226,1.021112
2019-09-10,0.0,0.0,0.0,0.0,0.0,0.0,0.0,0.0,0.0,1.02111226,1.021112
2019-09-11,0.0,0.0,0.0,0.0,0.0,0.0,0.0,0.0,0.0,1.02111226,1.021112
2019-09-12,0.0,0.0,0.0,0.0,0.0,0.0,0.0,0.0,0.0,1.02111226,1.021112
2019-09-13,0.0,0.0,0.0,0.0,0.0,0.0,0.0,0.0,0.0,1.02111226,1.021112
2019-09-14,0.0,0.0,0.0,0.0,0.0,0.0,0.0,0.0,0.0,1.02111226,1.021112
2019-09-15,0.0,0.0,0.0,0.0,0.0,0.0,0.0,0.0,0.0,1.02111226,1.021112
2019-09-16,0.0,0.0,0.0,0.0,0.0,0.0,0.0,0.0,0.0,1.02111226,1.021112
2019-09-17,0.0,0.0,0.0,0.0,0.0,0.0,0.0,0.0,0.0,1.02111226,1.021112
2019-09-18,0.0,0.0,0.0,0.0,0.0,0.0,0.0,0.0,0.0,1.02111226,1.021112
2019-09-19,0.0,0.0,0.0,0.0,0.0,0.0,0.0,0.0,0.0,1.02111226,1.021112
2019-09-20,0.0,0.0,0.0,0.0,0.0,0.0,0.0,0.0,0.0,1.02111226,1.021112
2019-09-21,0.0,0.0,0.0,0.0,0.0,0.0,0.0,0.0,0.0,1.02111226,1.021112
2019-09-22,0.0,0.0,0.0,0.0,0.0,0.0,0.0,0.0,0.0,1.02111226,1.021112
2019-09-23,0.0,0.0,0.0,0.0,0.0,0.0,0.0,0.0,0.0,1.02111226,1.021112
2019-09-24,0.0,0.0,0.0,0.0,0.0,0.0,0.0,0.0,0.0,1.02111226,1.021112
2019-09-25,0.0,0.0,0.0,0.0,0.0,0.0,0.0,0.0,0.0,1.02111226,1.021112
2019-09-26,0.0,0.0,0.0,0.0,0.0,0.0,0.0,0.0,0.0,1.02111226,1.021112
2019-09-27,0.0,0.0,0.0,0.0,0.0,0.0,0.0,0.0,0.0,1.02111226,1.021112
2019-09-28,0.0,0.0,1.0,0.0,0.0,0.0,0.1655,0.0,0.0,1.02111226,1.021112
2019-09-29,0.0,0.0,0.0,0.0,0.0,0.0,0.0,0.0,0.0,1.02111226,1.021112
2019-09-30,0.0,0.0,0.0,0.0,0.0,0.0,0.0,0.0,0.0,1.02111226,1.021112
2019-10-01,0.0,0.0,0.0,0.0,0.0,0.0,0.0,0.0,0.0,1.02111226,1.021112
2019-10-02,0.0,0.0,0.0,0.0,0.0,0.0,0.0,0.0,0.0,1.02111226,1.021112
2019-10-03,0.0,0.0,0.0,0.0,0.0,0.0,0.0,0.0,0.0,1.02111226,1.021112
2019-10-04,0.0,0.0,0.0,0.0,0.0,0.0,0.0,0.0,0.0,1.02111226,1.021112
2019-10-05,0.0,0.0,0.0,0.0,0.0,0.0,0.0,0.0,0.0,1.02111226,1.021112
2019-10-06,0.0,0.0,0.0,0.0,0.0,0.0,0.0,0.0,0.0,1.02111226,1.021112
2019-10-07,0.0,0.0,0.0,0.0,0.0,0.0,0.0,0.0,0.0,1.02111226,1.021112
2019-10-08,0.0,0.0,0.0,0.0,0.0,0.0,0.0,0.0,0.0,1.02111226,1.021112
2019-10-09,0.0,0.0,0.0,0.0,0.0,0.0,0.0,0.0,0.0,1.02111226,1.021112
2019-10-10,0.0,0.0,0.0,0.0,0.0,0.0,0.0,0.0,0.0,1.02111226,1.021112
2019-10-11,0.0,0.0,0.0,0.0,0.0,0.0,0.0,0.0,0.0,1.02111226,1.021112
2019-10-12,0.0,0.0,0.0,0.0,0.0,0.0,0.0,0.0,0.0,1.02111226,1.021112
2019-10-13,0.0,0.0,0.0,0.0,0.0,0.0,0.0,0.0,0.0,1.02111226,1.021112
2019-10-14,0.0,0.0,0.0,0.0,0.0,0.0,0.0,0.0,0.0,1.02111226,1.021112
2019-10-15,0.0,0.0,0.0,0.0,0.0,0.0,0.0,0.0,0.0,1.02111226,1.021112
2019-10-16,0.0,0.0,0.0,0.0,0.0,0.0,0.0,0.0,0.0,1.02111226,1.021112
2019-10-17,0.0,0.0,0.0,0.0,0.0,0.0,0.0,0.0,0.0,1.02111226,1.021112
2019-10-18,0.0,0.0,0.0,0.0,0.0,0.0,0.0,0.0,0.0,1.02111226,1.021112
2019-10-19,0.0,0.0,0.0,0.0,0.0,0.0,0.0,0.0,0.0,1.02111226,1.021112
2019-10-20,0.0,0.0,0.0,0.0,0.0,0.0,0.0,0.0,0.0,1.02111226,1.021112
2019-10-21,0.0,0.0,0.0,0.0,0.0,0.0,0.0,0.0,0.0,1.02111226,1.021112
2019-10-22,0.0,0.0,0.0,0.0,0.0,0.0,0.0,0.0,0.0,1.02111226,1.021112
2019-10-23,0.0,0.0,0.0,0.0,0.0,0.0,0.0,0.0,0.0,1.02111226,1.021112
2019-10-24,0.0,0.0,0.0,0.0,0.0,0.0,0.0,0.0,0.0,1.02111226,1.021112
2019-10-25,0.0,0.0,0.0,0.0,0.0,0.0,0.0,0.0,0.0,1.02111226,1.021112
2019-10-26,0.0,0.0,0.0,0.0,0.0,0.0,0.0,0.0,0.0,1.02111226,1.021112
2019-10-27,0.0,0.0,0.0,0.0,0.0,0.0,0.0,0.0,0.0,1.02111226,1.021112
2019-10-28,0.0,0.0,0.0,0.0,0.0,0.0,0.0,0.0,0.0,1.02111226,1.021112
2019-10-29,0.0,0.0,0.0,0.0,0.0,0.0,0.0,0.0,0.0,1.02111226,1.021112
2019-10-30,0.0,0.0,0.0,0.0,0.0,0.0,0.0,0.0,0.0,1.02111226,1.021112
2019-10-31,13.0,2.0,79.0,0.0,0.0,0.0,14.735,0.0,0.0,1.02111226,1.021112
2019-11-01,13.0,3.0,12.0,18.0,2.0,44.0,16.4334,0.00797,0.011794,1.02111226,1.032906
2019-11-02,3.0,5.0,20.0,0.0,6.0,20.0,9.9127,0.0,0.0,1.02111226,1.021112
2019-11-03,4.0,7.0,4.0,3.0,4.0,14.0,6.4807,0.0,0.0,1.02111226,1.021112
2019-11-04,2.0,2.0,1.0,0.0,1.0,10.0,3.0397,0.0,0.0,1.02111226,1.021112
2019-11-05,0.0,0.0,0.0,0.0,1.0,13.0,2.9836,0.0,0.0,1.02111226,1.021112
2019-11-06,0.0,0.0,0.0,0.0,0.0,0.0,0.0,0.0,0.0,1.02111226,1.021112
2019-11-07,0.0,0.0,0.0,0.0,0.0,0.0,0.0,0.0,0.0,1.02111226,1.021112
2019-11-08,0.0,6.0,0.0,0.0,0.0,0.0,0.9869,0.0,0.0,1.02111226,1.021112
2019-11-09,0.0,0.0,0.0,11.0,4.0,0.0,2.5029,0.0,0.0,1.02111226,1.021112
2019-11-10,0.0,0.0,0.0,0.0,0.0,0.0,0.0,0.0,0.0,1.02111226,1.021112
2019-11-11,0.0,0.0,0.0,0.0,0.0,0.0,0.0,0.0,0.0,1.02111226,1.021112
2019-11-12,0.0,0.0,0.0,0.0,0.0,0.0,0.0,0.0,0.0,1.02111226,1.021112
2019-11-13,0.0,0.0,0.0,6.0,3.0,0.0,1.5271,0.0,0.0,1.02111226,1.021112
2019-11-14,0.0,2.0,0.0,0.0,0.0,5.0,1.4004,0.0,0.0,1.02111226,1.021112
2019-11-15,0.0,0.0,0.0,0.0,0.0,0.0,0.0,0.0,0.0,1.02111226,1.021112
2019-11-16,0.0,0.0,0.0,0.0,1.0,0.0,0.1979,0.0,0.0,1.02111226,1.021112
2019-11-17,0.0,0.0,0.0,0.0,0.0,0.0,0.0,0.0,0.0,1.02111226,1.021112
2019-11-18,0.0,0.0,0.0,0.0,0.0,0.0,0.0,0.0,0.0,1.02111226,1.021112
2019-11-19,0.0,7.0,0.0,0.0,0.0,0.0,1.1514,0.0,0.0,1.02111226,1.021112
2019-11-20,0.0,0.0,0.0,29.0,13.0,0.0,7.0843,0.0,0.0,1.02111226,1.021112
2019-11-21,0.0,0.0,0.0,0.0,0.0,0.0,0.0,0.0,0.0,1.02111226,1.021112
2019-11-22,0.0,0.0,0.0,1.0,0.0,0.0,0.1556,0.0,0.0,1.02111226,1.021112
2019-11-23,0.0,0.0,1.0,0.0,0.0,0.0,0.1655,0.0,0.0,1.02111226,1.021112
2019-11-24,0.0,3.0,0.0,0.0,1.0,3.0,1.3342,0.0,0.0,1.02111226,1.021112
2019-11-25,0.0,0.0,0.0,0.0,0.0,1.0,0.2143,0.0,0.0,1.02111226,1.021112
2019-11-26,0.0,0.0,0.0,0.0,0.0,0.0,0.0,0.0,0.0,1.02111226,1.021112
2019-11-27,0.0,0.0,0.0,0.0,0.0,0.0,0.0,0.0,0.0,1.02111226,1.021112
2019-11-28,0.0,0.0,1.0,0.0,0.0,0.0,0.1655,0.0,0.0,1.02111226,1.021112
2019-11-29,0.0,0.0,0.0,0.0,0.0,0.0,0.0,0.0,0.0,1.02111226,1.021112
2019-11-30,0.0,25.0,0.0,0.0,0.0,0.0,4.1121,0.0,0.0,1.02111226,1.021112
2019-12-01,0.0,0.0,4.0,1.0,24.0,0.0,5.5672,0.0,0.0,1.02111226,1.021112
2019-12-02,0.0,20.0,0.0,1.0,2.0,0.0,3.841,0.0,0.0,1.02111226,1.021112
2019-12-03,0.0,0.0,1.0,0.0,0.0,0.0,0.1655,0.0,0.0,1.02111226,1.021112
2019-12-04,0.0,0.0,0.0,0.0,0.0,0.0,0.0,0.0,0.0,1.02111226,1.021112
2019-12-05,0.0,7.0,0.0,3.0,0.0,0.0,1.6181,0.0,0.0,1.02111226,1.021112
2019-12-06,0.0,32.0,12.0,2.0,1.0,0.0,7.7589,0.0,0.0,1.02111226,1.021112
2019-12-07,2.0,8.0,0.0,5.0,39.0,9.0,11.9446,0.0,0.0,1.02111226,1.021112
2019-12-08,0.0,0.0,0.0,0.0,0.0,0.0,0.0,0.0,0.0,1.02111226,1.021112
2019-12-09,0.0,0.0,0.0,0.0,0.0,0.0,0.0,0.0,0.0,1.02111226,1.021112
2019-12-10,3.0,70.0,2.0,0.0,0.0,0.0,12.1516,0.0,0.0,1.02111226,1.021112
2019-12-11,0.0,0.0,1.0,20.0,4.0,0.0,4.0686,0.0,0.0,1.02111226,1.021112
2019-12-12,23.0,3.0,0.0,3.0,0.0,0.0,3.3116,0.0,0.0,1.02111226,1.021112
2019-12-13,0.0,9.0,0.0,8.0,3.0,0.0,3.3186,0.0,0.0,1.02111226,1.021112
2019-12-14,17.0,4.0,2.0,43.0,7.0,0.0,10.8019,0.0,0.0,1.02111226,1.021112
2019-12-15,3.0,4.0,1.0,11.0,2.0,0.0,3.2373,0.0,0.0,1.02111226,1.021112
2019-12-16,0.0,36.0,0.0,3.0,0.0,0.0,6.3881,0.0,0.0,1.02111226,1.021112
2019-12-17,0.0,29.0,0.0,3.0,4.0,0.0,6.0283,0.0,0.0,1.02111226,1.021112
2019-12-18,0.0,31.0,0.0,64.0,50.0,0.0,24.9504,0.990568,1.465902,1.02111226,2.487015
2019-12-19,5.0,21.0,0.0,6.0,11.0,0.0,7.0756,0.0,0.0,1.02111226,1.021112
2019-12-20,0.0,0.0,0.0,5.0,2.0,13.0,3.9593,0.0,0.0,1.02111226,1.021112
2019-12-21,0.0,0.0,0.0,0.0,0.0,0.0,0.0,0.0,0.0,1.02111226,1.021112
2019-12-22,9.0,29.0,3.0,0.0,0.0,0.0,6.1867,0.0,0.0,1.02111226,1.021112
2019-12-23,2.0,0.0,0.0,8.0,1.0,4.0,2.5041,0.0,0.0,1.02111226,1.021112
2019-12-24,0.0,2.0,0.0,20.0,0.0,0.0,3.4404,0.0,0.0,1.02111226,1.021112
2019-12-25,0.0,4.0,0.0,30.0,20.0,0.0,9.283,0.0,0.0,1.02111226,1.021112
2019-12-26,0.0,0.0,0.0,36.0,14.0,0.0,8.3712,0.0,0.0,1.02111226,1.021112
2019-12-27,17.0,43.0,3.0,5.0,1.0,0.0,10.2831,0.0,0.0,1.02111226,1.021112
2019-12-28,0.0,0.0,19.0,47.0,6.0,16.0,15.0729,0.0,0.0,1.02111226,1.021112
2019-12-29,8.0,0.0,2.0,0.0,0.0,0.0,1.1489,0.0,0.0,1.02111226,1.021112
2019-12-30,2.0,37.0,6.0,1.0,1.0,37.0,15.5654,0.0,0.0,1.02111226,1.021112
2019-12-31,0.0,10.0,8.0,38.0,0.0,6.0,10.1666,0.0,0.0,1.02111226,1.021112
2020-01-01,73.0,51.0,103.0,13.0,38.0,40.0,51.0152,11.018349,16.305626,1.02111226,17.326738
2020-01-02,17.0,23.0,35.0,57.0,45.0,61.0,42.1589,6.715624,9.938191,1.02111226,10.959304
2020-01-03,29.0,34.0,50.0,24.0,22.0,22.0,29.6355,2.124552,3.144042,1.02111226,4.165154
2020-01-04,12.0,9.0,11.0,33.0,40.0,33.0,24.649,0.930677,1.377273,1.02111226,2.398385
2020-01-05,4.0,42.0,3.0,13.0,18.0,7.0,14.8984,0.0,0.0,1.02111226,1.021112
2020-01-06,25.0,22.0,16.0,27.0,63.0,2.0,25.9194,1.19426,1.767339,1.02111226,2.788451
2020-01-07,7.0,9.0,7.0,20.0,23.0,28.0,17.0177,0.023851,0.035297,1.02111226,1.056409
2020-01-08,10.0,15.0,5.0,3.0,38.0,4.0,13.1611,0.0,0.0,1.02111226,1.021112
2020-01-09,2.0,20.0,8.0,17.0,10.0,7.0,10.9421,0.0,0.0,1.02111226,1.021112
2020-01-10,4.0,7.0,13.0,13.0,3.0,4.0,7.1855,0.0,0.0,1.02111226,1.021112
2020-01-11,10.0,4.0,20.0,3.0,8.0,2.0,7.4693,0.0,0.0,1.02111226,1.021112
2020-01-12,0.0,0.0,0.0,13.0,4.0,3.0,3.4569,0.0,0.0,1.02111226,1.021112
2020-01-13,0.0,0.0,0.0,0.0,3.0,0.0,0.5937,0.0,0.0,1.02111226,1.021112
2020-01-14,0.0,28.0,0.0,0.0,0.0,0.0,4.6055,0.0,0.0,1.02111226,1.021112
2020-01-15,0.0,6.0,2.0,23.0,14.0,0.0,7.6667,0.0,0.0,1.02111226,1.021112
2020-01-16,0.0,0.0,0.0,34.0,12.0,7.0,9.1642,0.0,0.0,1.02111226,1.021112
2020-01-17,0.0,0.0,0.0,0.0,0.0,0.0,0.0,0.0,0.0,1.02111226,1.021112
2020-01-18,0.0,0.0,0.0,0.0,0.0,0.0,0.0,0.0,0.0,1.02111226,1.021112
2020-01-19,0.0,0.0,0.0,0.0,0.0,0.0,0.0,0.0,0.0,1.02111226,1.021112
2020-01-20,0.0,0.0,0.0,0.0,0.0,0.0,0.0,0.0,0.0,1.02111226,1.021112
2020-01-21,0.0,12.0,0.0,0.0,0.0,0.0,1.9738,0.0,0.0,1.02111226,1.021112
2020-01-22,1.0,73.0,0.0,7.0,5.0,7.0,15.688,2.9e-05,4.4e-05,1.02111226,1.021156
2020-01-23,3.0,7.0,0.0,24.0,1.0,0.0,5.3898,0.0,0.0,1.02111226,1.021112
2020-01-24,5.0,37.0,6.0,3.0,1.0,0.0,8.2549,0.0,0.0,1.02111226,1.021112
2020-01-25,0.0,2.0,2.0,5.0,20.0,0.0,5.3958,0.0,0.0,1.02111226,1.021112
2020-01-26,10.0,23.0,11.0,39.0,6.0,4.0,14.7382,0.0,0.0,1.02111226,1.021112
2020-01-27,1.0,0.0,11.0,22.0,64.0,10.0,20.1538,0.246325,0.364526,1.02111226,1.385639
2020-01-28,0.0,36.0,19.0,0.0,0.0,38.0,17.2092,0.03087,0.045684,1.02111226,1.066796
2020-01-29,10.0,27.0,7.0,30.0,6.0,13.0,15.2624,0.0,0.0,1.02111226,1.021112
2020-01-30,34.0,2.0,62.0,50.0,16.0,39.0,33.3699,3.276875,4.84932,1.02111226,5.870432
2020-01-31,0.0,69.0,0.0,8.0,6.0,22.0,18.4955,0.1006,0.148874,1.02111226,1.169986
2020-02-01,0.0,55.0,0.0,29.0,38.0,4.0,21.9354,0.469043,0.694118,1.02111226,1.71523
2020-02-02,0.0,17.0,0.0,68.0,9.0,28.0,21.1562,0.363474,0.537891,1.02111226,1.559004
2020-02-03,0.0,38.0,0.0,17.0,20.0,4.0,13.7101,0.0,0.0,1.02111226,1.021112
2020-02-04,6.0,0.0,9.0,58.0,1.0,0.0,11.3244,0.0,0.0,1.02111226,1.021112
2020-02-05,0.0,0.0,0.0,6.0,0.0,0.0,0.9334,0.0,0.0,1.02111226,1.021112
2020-02-06,0.0,0.0,0.0,0.0,0.0,0.0,0.0,0.0,0.0,1.02111226,1.021112
2020-02-07,0.0,52.0,0.0,4.0,0.0,0.0,9.1754,0.0,0.0,1.02111226,1.021112
2020-02-08,13.0,0.0,8.0,15.0,15.0,0.0,7.9553,0.0,0.0,1.02111226,1.021112
2020-02-09,2.0,27.0,4.0,2.0,1.0,5.0,6.8881,0.0,0.0,1.02111226,1.021112
2020-02-10,0.0,0.0,0.0,32.0,33.0,23.0,16.4374,0.008049,0.011911,1.02111226,1.033024
2020-02-11,2.0,2.0,1.0,0.0,0.0,0.0,0.699,0.0,0.0,1.02111226,1.021112
2020-02-12,1.0,2.0,1.0,0.0,1.0,4.0,1.6518,0.0,0.0,1.02111226,1.021112
2020-02-13,20.0,28.0,44.0,38.0,22.0,12.0,26.7705,1.386853,2.05235,1.02111226,3.073462
2020-02-14,13.0,44.0,33.0,29.0,6.0,9.0,21.6564,0.429815,0.636066,1.02111226,1.657178
2020-02-15,0.0,13.0,6.0,23.0,8.0,61.0,21.364,0.390411,0.577754,1.02111226,1.598866
2020-02-16,8.0,7.0,8.0,14.0,8.0,70.0,22.0544,0.48627,0.719613,1.02111226,1.740725
2020-02-17,4.0,2.0,5.0,4.0,2.0,12.0,5.155,0.0,0.0,1.02111226,1.021112
2020-02-18,8.0,3.0,20.0,0.0,1.0,3.0,5.4627,0.0,0.0,1.02111226,1.021112
2020-02-19,17.0,9.0,10.0,9.0,9.0,2.0,8.4834,0.0,0.0,1.02111226,1.021112
2020-02-20,35.0,9.0,27.0,26.0,31.0,24.0,24.8503,0.970492,1.436194,1.02111226,2.457306
2020-02-21,7.0,67.0,20.0,14.0,5.0,21.0,22.7141,0.586851,0.868458,1.02111226,1.88957
2020-02-22,0.0,27.0,0.0,62.0,52.0,42.0,33.377,3.27926,4.852849,1.02111226,5.873961
2020-02-23,0.0,10.0,0.0,13.0,1.0,0.0,3.8652,0.0,0.0,1.02111226,1.021112
2020-02-24,5.0,18.0,32.0,1.0,0.0,0.0,8.9244,0.0,0.0,1.02111226,1.021112
2020-02-25,16.0,35.0,32.0,13.0,31.0,0.0,20.8469,0.325055,0.481036,1.02111226,1.502149
2020-02-26,1.0,3.0,6.0,11.0,4.0,12.0,6.6631,0.0,0.0,1.02111226,1.021112
2020-02-27,0.0,2.0,0.0,5.0,8.0,3.0,3.3328,0.0,0.0,1.02111226,1.021112
2020-02-28,0.0,8.0,0.0,2.0,15.0,6.0,5.8811,0.0,0.0,1.02111226,1.021112
2020-02-29,3.0,3.0,4.0,28.0,13.0,4.0,9.2481,0.0,0.0,1.02111226,1.021112
2020-03-01,5.0,21.0,2.0,2.0,4.0,10.0,7.5419,0.0,0.0,1.02111226,1.021112
2020-03-02,2.0,73.0,2.0,38.0,56.0,2.0,29.9653,2.217935,3.282236,1.02111226,4.303348
2020-03-03,34.0,12.0,4.0,54.0,44.0,19.0,27.2916,1.510951,2.235998,1.02111226,3.25711
2020-03-04,65.0,24.0,43.0,19.0,3.0,14.0,24.2603,0.855901,1.266615,1.02111226,2.287727
2020-03-05,0.0,1.0,0.0,25.0,34.0,10.0,12.9251,0.0,0.0,1.02111226,1.021112
2020-03-06,56.0,54.0,51.0,2.0,0.0,0.0,23.3605,0.693744,1.026645,1.02111226,2.047757
2020-03-07,65.0,22.0,68.0,46.0,40.0,45.0,46.2349,8.603812,12.732446,1.02111226,13.753559
2020-03-08,3.0,9.0,6.0,23.0,15.0,38.0,17.4696,0.041828,0.061899,1.02111226,1.083011
2020-03-09,50.0,13.0,76.0,5.0,8.0,2.0,22.62,0.571974,0.846442,1.02111226,1.867554
2020-03-10,0.0,16.0,0.0,9.0,18.0,32.0,14.451,0.0,0.0,1.02111226,1.021112
2020-03-11,26.0,20.0,26.0,5.0,2.0,0.0,11.4252,0.0,0.0,1.02111226,1.021112
2020-03-12,1.0,0.0,0.0,58.0,66.0,24.0,27.3293,1.520105,2.249545,1.02111226,3.270657
2020-03-13,0.0,0.0,0.0,2.0,12.0,31.0,9.3286,0.0,0.0,1.02111226,1.021112
2020-03-14,0.0,1.0,0.0,0.0,1.0,0.0,0.3624,0.0,0.0,1.02111226,1.021112
2020-03-15,0.0,0.0,0.0,1.0,15.0,0.0,3.124,0.0,0.0,1.02111226,1.021112
2020-03-16,0.0,5.0,0.0,2.0,3.0,0.0,1.7272,0.0,0.0,1.02111226,1.021112
2020-03-17,0.0,0.0,0.0,8.0,0.0,0.0,1.2446,0.0,0.0,1.02111226,1.021112
2020-03-18,2.0,20.0,14.0,5.0,4.0,8.0,9.0953,0.0,0.0,1.02111226,1.021112
2020-03-19,3.0,28.0,5.0,11.0,34.0,13.0,16.9653,0.022087,0.032686,1.02111226,1.053798
2020-03-20,11.0,43.0,3.0,30.0,25.0,17.0,21.9513,0.471339,0.697516,1.02111226,1.718628
2020-03-21,0.0,2.0,1.0,12.0,75.0,5.0,18.2749,0.085889,0.127103,1.02111226,1.148216
2020-03-22,15.0,83.0,17.0,3.0,21.0,0.0,22.6222,0.57232,0.846954,1.02111226,1.868066
2020-03-23,0.0,15.0,0.0,87.0,43.0,59.0,37.1543,4.641923,6.869401,1.02111226,7.890513
2020-03-24,3.0,12.0,10.0,2.0,3.0,4.0,5.6978,0.0,0.0,1.02111226,1.021112
2020-03-25,0.0,36.0,0.0,24.0,10.0,10.0,13.7769,0.0,0.0,1.02111226,1.021112
2020-03-26,0.0,0.0,0.0,2.0,8.0,4.0,2.7514,0.0,0.0,1.02111226,1.021112
2020-03-27,0.0,1.0,0.0,0.0,0.0,0.0,0.1645,0.0,0.0,1.02111226,1.021112
2020-03-28,55.0,6.0,27.0,4.0,0.0,0.0,11.7015,0.0,0.0,1.02111226,1.021112
2020-03-29,5.0,17.0,19.0,20.0,4.0,22.0,15.0697,0.0,0.0,1.02111226,1.021112
2020-03-30,0.0,24.0,0.0,14.0,5.0,18.0,10.9722,0.0,0.0,1.02111226,1.021112
2020-03-31,3.0,38.0,21.0,15.0,26.0,0.0,17.5121,0.043771,0.064775,1.02111226,1.085888
2020-04-01,1.0,11.0,28.0,33.0,31.0,20.0,22.1007,0.493044,0.729636,1.02111226,1.750748
2020-04-02,1.0,1.0,25.0,0.0,17.0,14.0,10.7691,0.0,0.0,1.02111226,1.021112
2020-04-03,12.0,12.0,6.0,20.0,41.0,45.0,25.0617,1.013086,1.499226,1.02111226,2.520338
2020-04-04,4.0,7.0,0.0,31.0,27.0,6.0,13.012,0.0,0.0,1.02111226,1.021112
2020-04-05,0.0,43.0,17.0,34.0,4.0,12.0,18.5393,0.103651,0.15339,1.02111226,1.174502
2020-04-06,2.0,2.0,18.0,5.0,18.0,0.0,7.853,0.0,0.0,1.02111226,1.021112
2020-04-07,0.0,5.0,2.0,27.0,3.0,6.0,7.2333,0.0,0.0,1.02111226,1.021112
2020-04-08,1.0,0.0,2.0,2.0,1.0,12.0,3.5137,0.0,0.0,1.02111226,1.021112
2020-04-09,0.0,0.0,1.0,0.0,1.0,0.0,0.3634,0.0,0.0,1.02111226,1.021112
2020-04-10,0.0,15.0,0.0,0.0,0.0,0.0,2.4673,0.0,0.0,1.02111226,1.021112
2020-04-11,0.0,0.0,0.0,12.0,0.0,0.0,1.8669,0.0,0.0,1.02111226,1.021112
2020-04-12,0.0,0.0,0.0,0.0,0.0,3.0,0.6428,0.0,0.0,1.02111226,1.021112
2020-04-13,0.0,0.0,0.0,5.0,0.0,0.0,0.7779,0.0,0.0,1.02111226,1.021112
2020-04-14,2.0,0.0,7.0,0.0,0.0,0.0,1.3632,0.0,0.0,1.02111226,1.021112
2020-04-15,7.0,0.0,0.0,0.0,0.0,0.0,0.7156,0.0,0.0,1.02111226,1.021112
2020-04-16,0.0,5.0,6.0,0.0,0.0,1.0,2.0299,0.0,0.0,1.02111226,1.021112
2020-04-17,1.0,5.0,30.0,0.0,0.0,0.0,5.8906,0.0,0.0,1.02111226,1.021112
2020-04-18,4.0,2.0,0.0,0.0,0.0,15.0,3.9521,0.0,0.0,1.02111226,1.021112
2020-04-19,0.0,1.0,2.0,0.0,11.0,6.0,3.9581,0.0,0.0,1.02111226,1.021112
2020-04-20,5.0,4.0,0.0,0.0,44.0,6.0,11.1622,0.0,0.0,1.02111226,1.021112
2020-04-21,0.0,0.0,0.0,40.0,1.0,13.0,9.2065,0.0,0.0,1.02111226,1.021112
2020-04-22,0.0,0.0,0.0,0.0,1.0,0.0,0.1979,0.0,0.0,1.02111226,1.021112
2020-04-23,0.0,0.0,0.0,0.0,0.0,0.0,0.0,0.0,0.0,1.02111226,1.021112
2020-04-24,0.0,0.0,0.0,0.0,0.0,0.0,0.0,0.0,0.0,1.02111226,1.021112
2020-04-25,0.0,0.0,0.0,0.0,0.0,0.0,0.0,0.0,0.0,1.02111226,1.021112
2020-04-26,5.0,6.0,0.0,0.0,15.0,0.0,4.4665,0.0,0.0,1.02111226,1.021112
2020-04-27,0.0,3.0,0.0,20.0,3.0,14.0,7.1986,0.0,0.0,1.02111226,1.021112
2020-04-28,0.0,0.0,0.0,0.0,4.0,5.0,1.863,0.0,0.0,1.02111226,1.021112
2020-04-29,0.0,0.0,0.0,0.0,0.0,11.0,2.3571,0.0,0.0,1.02111226,1.021112
2020-04-30,0.0,37.0,0.0,4.0,1.0,1.0,7.1204,0.0,0.0,1.02111226,1.021112
2020-05-01,0.0,0.0,0.0,0.0,0.0,0.0,0.0,0.0,0.0,1.02111226,1.021112
2020-05-02,0.0,0.0,0.0,0.0,0.0,0.0,0.0,0.0,0.0,1.02111226,1.021112
2020-05-03,0.0,0.0,0.0,0.0,0.0,0.0,0.0,0.0,0.0,1.02111226,1.021112
2020-05-04,0.0,27.0,0.0,0.0,0.0,0.0,4.4411,0.0,0.0,1.02111226,1.021112
2020-05-05,0.0,0.0,0.0,2.0,0.0,0.0,0.3111,0.0,0.0,1.02111226,1.021112
2020-05-06,0.0,0.0,0.0,0.0,40.0,0.0,7.9158,0.0,0.0,1.02111226,1.021112
2020-05-07,0.0,10.0,0.0,0.0,0.0,0.0,1.6448,0.0,0.0,1.02111226,1.021112
2020-05-08,7.0,53.0,2.0,0.0,0.0,0.0,9.7643,0.0,0.0,1.02111226,1.021112
2020-05-09,0.0,0.0,0.0,22.0,39.0,39.0,19.4975,0.181344,0.268364,1.02111226,1.289476
2020-05-10,0.0,43.0,0.0,73.0,24.0,25.0,28.5362,1.825684,2.701759,1.02111226,3.722871
2020-05-11,4.0,0.0,4.0,25.0,0.0,0.0,4.9604,0.0,0.0,1.02111226,1.021112
2020-05-12,0.0,0.0,0.0,137.0,64.0,32.0,40.8359,6.139849,9.086123,1.02111226,10.107236
2020-05-13,50.0,0.0,88.0,0.0,0.0,0.0,19.6785,0.198321,0.293488,1.02111226,1.3146
2020-05-14,2.0,0.0,2.0,0.0,6.0,0.0,1.7229,0.0,0.0,1.02111226,1.021112
2020-05-15,0.0,0.0,17.0,0.0,0.0,20.0,7.0997,0.0,0.0,1.02111226,1.021112
2020-05-16,3.0,0.0,11.0,0.0,0.0,0.0,2.1275,0.0,0.0,1.02111226,1.021112
2020-05-17,14.0,0.0,10.0,0.0,0.0,8.0,4.8009,0.0,0.0,1.02111226,1.021112
2020-05-18,1.0,9.0,4.0,0.0,0.0,3.0,2.8876,0.0,0.0,1.02111226,1.021112
2020-05-19,4.0,28.0,3.0,33.0,19.0,9.0,16.3335,0.006097,0.009023,1.02111226,1.030136
2020-05-20,1.0,3.0,9.0,13.0,7.0,7.0,6.9932,0.0,0.0,1.02111226,1.021112
2020-05-21,11.0,3.0,22.0,0.0,8.0,6.0,8.1286,0.0,0.0,1.02111226,1.021112
2020-05-22,0.0,0.0,0.0,0.0,3.0,15.0,3.8079,0.0,0.0,1.02111226,1.021112
2020-05-23,0.0,0.0,0.0,0.0,0.0,0.0,0.0,0.0,0.0,1.02111226,1.021112
2020-05-24,0.0,0.0,0.0,0.0,0.0,0.0,0.0,0.0,0.0,1.02111226,1.021112
2020-05-25,13.0,11.0,13.0,0.0,0.0,0.0,5.2903,0.0,0.0,1.02111226,1.021112
2020-05-26,4.0,58.0,9.0,0.0,6.0,0.0,12.6261,0.0,0.0,1.02111226,1.021112
2020-05-27,0.0,15.0,0.0,75.0,12.0,8.0,18.2243,0.082673,0.122344,1.02111226,1.143457
2020-05-28,8.0,3.0,7.0,15.0,0.0,0.0,4.8037,0.0,0.0,1.02111226,1.021112
2020-05-29,0.0,0.0,0.0,13.0,8.0,10.0,5.7484,0.0,0.0,1.02111226,1.021112
2020-05-30,44.0,2.0,22.0,0.0,0.0,0.0,8.469,0.0,0.0,1.02111226,1.021112
2020-05-31,2.0,0.0,0.0,1.0,0.0,2.0,0.7886,0.0,0.0,1.02111226,1.021112
2020-06-01,1.0,0.0,3.0,0.0,1.0,7.0,2.2967,0.0,0.0,1.02111226,1.021112
2020-06-02,3.0,0.0,0.0,0.0,0.0,0.0,0.3067,0.0,0.0,1.02111226,1.021112
2020-06-03,0.0,0.0,0.0,0.0,0.0,0.0,0.0,0.0,0.0,1.02111226,1.021112
2020-06-04,8.0,0.0,11.0,0.0,0.0,0.0,2.6387,0.0,0.0,1.02111226,1.021112
2020-06-05,11.0,0.0,20.0,0.0,1.0,18.0,8.4902,0.0,0.0,1.02111226,1.021112
2020-06-06,26.0,5.0,23.0,2.0,3.0,20.0,12.4782,0.0,0.0,1.02111226,1.021112
2020-06-07,2.0,11.0,5.0,2.0,4.0,14.0,6.9441,0.0,0.0,1.02111226,1.021112
2020-06-08,0.0,15.0,0.0,5.0,1.0,0.0,3.443,0.0,0.0,1.02111226,1.021112
2020-06-09,0.0,0.0,0.0,30.0,5.0,0.0,5.6567,0.0,0.0,1.02111226,1.021112
2020-06-10,0.0,0.0,0.0,0.0,0.0,0.0,0.0,0.0,0.0,1.02111226,1.021112
2020-06-11,0.0,0.0,0.0,0.0,0.0,0.0,0.0,0.0,0.0,1.02111226,1.021112
2020-06-12,0.0,0.0,0.0,0.0,0.0,0.0,0.0,0.0,0.0,1.02111226,1.021112
2020-06-13,89.0,2.0,170.0,0.0,0.0,0.0,37.5682,4.802308,7.106748,1.02111226,8.127861
2020-06-14,9.0,0.0,19.0,0.0,5.0,2.0,5.4832,0.0,0.0,1.02111226,1.021112
2020-06-15,1.0,9.0,10.0,3.0,6.0,22.0,9.6062,0.0,0.0,1.02111226,1.021112
2020-06-16,2.0,0.0,4.0,0.0,6.0,4.0,2.9111,0.0,0.0,1.02111226,1.021112
2020-06-17,1.0,0.0,1.0,0.0,0.0,0.0,0.2678,0.0,0.0,1.02111226,1.021112
2020-06-18,11.0,0.0,30.0,0.0,0.0,0.0,6.0905,0.0,0.0,1.02111226,1.021112
2020-06-19,0.0,0.0,5.0,0.0,7.0,16.0,5.6414,0.0,0.0,1.02111226,1.021112
2020-06-20,0.0,0.0,0.0,3.0,0.0,0.0,0.4667,0.0,0.0,1.02111226,1.021112
2020-06-21,0.0,35.0,0.0,0.0,0.0,0.0,5.7569,0.0,0.0,1.02111226,1.021112
2020-06-22,0.0,0.0,0.0,0.0,0.0,0.0,0.0,0.0,0.0,1.02111226,1.021112
2020-06-23,18.0,0.0,23.0,0.0,0.0,0.0,5.6474,0.0,0.0,1.02111226,1.021112
2020-06-24,1.0,0.0,0.0,0.0,0.0,0.0,0.1022,0.0,0.0,1.02111226,1.021112
2020-06-25,0.0,0.0,0.0,0.0,0.0,7.0,1.5,0.0,0.0,1.02111226,1.021112
2020-06-26,0.0,0.0,0.0,0.0,0.0,0.0,0.0,0.0,0.0,1.02111226,1.021112
2020-06-27,0.0,0.0,0.0,0.0,0.0,0.0,0.0,0.0,0.0,1.02111226,1.021112
2020-06-28,0.0,0.0,0.0,0.0,0.0,0.0,0.0,0.0,0.0,1.02111226,1.021112
2020-06-29,0.0,0.0,0.0,0.0,0.0,0.0,0.0,0.0,0.0,1.02111226,1.021112
2020-06-30,0.0,0.0,0.0,0.0,1.0,2.0,0.6265,0.0,0.0,1.02111226,1.021112
2020-07-01,0.0,0.0,2.0,0.0,0.0,0.0,0.3311,0.0,0.0,1.02111226,1.021112
2020-07-02,0.0,0.0,0.0,0.0,0.0,0.0,0.0,0.0,0.0,1.02111226,1.021112
2020-07-03,0.0,0.0,0.0,0.0,0.0,0.0,0.0,0.0,0.0,1.02111226,1.021112
2020-07-04,0.0,0.0,0.0,0.0,0.0,0.0,0.0,0.0,0.0,1.02111226,1.021112
2020-07-05,0.0,0.0,0.0,0.0,0.0,0.0,0.0,0.0,0.0,1.02111226,1.021112
2020-07-06,0.0,0.0,0.0,0.0,0.0,0.0,0.0,0.0,0.0,1.02111226,1.021112
2020-07-07,0.0,0.0,0.0,0.0,1.0,0.0,0.1979,0.0,0.0,1.02111226,1.021112
2020-07-08,2.0,0.0,3.0,0.0,0.0,0.0,0.7011,0.0,0.0,1.02111226,1.021112
2020-07-09,0.0,0.0,0.0,0.0,0.0,1.0,0.2143,0.0,0.0,1.02111226,1.021112
2020-07-10,0.0,0.0,0.0,0.0,0.0,3.0,0.6428,0.0,0.0,1.02111226,1.021112
2020-07-11,0.0,0.0,0.0,0.0,0.0,0.0,0.0,0.0,0.0,1.02111226,1.021112
2020-07-12,0.0,0.0,0.0,0.0,0.0,0.0,0.0,0.0,0.0,1.02111226,1.021112
2020-07-13,0.0,0.0,0.0,0.0,0.0,0.0,0.0,0.0,0.0,1.02111226,1.021112
2020-07-14,0.0,0.0,1.0,0.0,0.0,0.0,0.1655,0.0,0.0,1.02111226,1.021112
2020-07-15,2.0,0.0,1.0,0.0,0.0,0.0,0.37,0.0,0.0,1.02111226,1.021112
2020-07-16,0.0,0.0,0.0,14.0,0.0,0.0,2.178,0.0,0.0,1.02111226,1.021112
2020-07-17,0.0,0.0,0.0,0.0,0.0,0.0,0.0,0.0,0.0,1.02111226,1.021112
2020-07-18,0.0,0.0,0.0,0.0,0.0,0.0,0.0,0.0,0.0,1.02111226,1.021112
2020-07-19,1.0,0.0,3.0,0.0,0.0,0.0,0.5988,0.0,0.0,1.02111226,1.021112
2020-07-20,0.0,0.0,1.0,0.0,0.0,19.0,4.2369,0.0,0.0,1.02111226,1.021112
2020-07-21,0.0,0.0,0.0,0.0,0.0,0.0,0.0,0.0,0.0,1.02111226,1.021112
2020-07-22,0.0,0.0,0.0,0.0,0.0,0.0,0.0,0.0,0.0,1.02111226,1.021112
2020-07-23,0.0,0.0,0.0,0.0,0.0,0.0,0.0,0.0,0.0,1.02111226,1.021112
2020-07-24,0.0,0.0,0.0,0.0,0.0,0.0,0.0,0.0,0.0,1.02111226,1.021112
2020-07-25,0.0,0.0,0.0,0.0,0.0,0.0,0.0,0.0,0.0,1.02111226,1.021112
2020-07-26,0.0,0.0,0.0,0.0,0.0,0.0,0.0,0.0,0.0,1.02111226,1.021112
2020-07-27,0.0,0.0,0.0,0.0,0.0,0.0,0.0,0.0,0.0,1.02111226,1.021112
2020-07-28,0.0,0.0,0.0,0.0,0.0,0.0,0.0,0.0,0.0,1.02111226,1.021112
2020-07-29,0.0,0.0,0.0,0.0,0.0,0.0,0.0,0.0,0.0,1.02111226,1.021112
2020-07-30,0.0,0.0,0.0,0.0,0.0,0.0,0.0,0.0,0.0,1.02111226,1.021112
2020-07-31,0.0,0.0,0.0,0.0,0.0,0.0,0.0,0.0,0.0,1.02111226,1.021112
2020-08-01,0.0,0.0,0.0,0.0,0.0,0.0,0.0,0.0,0.0,1.02111226,1.021112
2020-08-02,0.0,0.0,0.0,0.0,0.0,0.0,0.0,0.0,0.0,1.02111226,1.021112
2020-08-03,0.0,0.0,0.0,0.0,0.0,0.0,0.0,0.0,0.0,1.02111226,1.021112
2020-08-04,0.0,0.0,0.0,0.0,0.0,0.0,0.0,0.0,0.0,1.02111226,1.021112
2020-08-05,0.0,0.0,0.0,0.0,0.0,0.0,0.0,0.0,0.0,1.02111226,1.021112
2020-08-06,0.0,0.0,0.0,0.0,0.0,0.0,0.0,0.0,0.0,1.02111226,1.021112
2020-08-07,0.0,0.0,0.0,0.0,0.0,0.0,0.0,0.0,0.0,1.02111226,1.021112
2020-08-08,0.0,0.0,0.0,0.0,0.0,0.0,0.0,0.0,0.0,1.02111226,1.021112
2020-08-09,0.0,0.0,0.0,0.0,0.0,0.0,0.0,0.0,0.0,1.02111226,1.021112
2020-08-10,0.0,0.0,0.0,0.0,0.0,0.0,0.0,0.0,0.0,1.02111226,1.021112
2020-08-11,1.0,75.0,1.0,0.0,0.0,0.0,12.604,0.0,0.0,1.02111226,1.021112
2020-08-12,0.0,0.0,1.0,35.0,2.0,0.0,6.0064,0.0,0.0,1.02111226,1.021112
2020-08-13,0.0,11.0,0.0,0.0,0.0,0.0,1.8093,0.0,0.0,1.02111226,1.021112
2020-08-14,2.0,0.0,7.0,0.0,0.0,6.0,2.6489,0.0,0.0,1.02111226,1.021112
2020-08-15,0.0,0.0,2.0,0.0,0.0,1.0,0.5453,0.0,0.0,1.02111226,1.021112
2020-08-16,2.0,0.0,4.0,0.0,0.0,1.0,1.0809,0.0,0.0,1.02111226,1.021112
2020-08-17,0.0,0.0,0.0,0.0,0.0,0.0,0.0,0.0,0.0,1.02111226,1.021112
2020-08-18,0.0,0.0,2.0,0.0,0.0,0.0,0.3311,0.0,0.0,1.02111226,1.021112
2020-08-19,0.0,0.0,0.0,0.0,0.0,0.0,0.0,0.0,0.0,1.02111226,1.021112
2020-08-20,0.0,0.0,0.0,0.0,0.0,0.0,0.0,0.0,0.0,1.02111226,1.021112
2020-08-21,0.0,0.0,0.0,0.0,0.0,0.0,0.0,0.0,0.0,1.02111226,1.021112
2020-08-22,0.0,0.0,0.0,0.0,0.0,0.0,0.0,0.0,0.0,1.02111226,1.021112
2020-08-23,0.0,0.0,0.0,0.0,0.0,0.0,0.0,0.0,0.0,1.02111226,1.021112
2020-08-24,0.0,0.0,0.0,0.0,0.0,0.0,0.0,0.0,0.0,1.02111226,1.021112
2020-08-25,0.0,0.0,0.0,0.0,0.0,0.0,0.0,0.0,0.0,1.02111226,1.021112
2020-08-26,0.0,0.0,0.0,0.0,0.0,0.0,0.0,0.0,0.0,1.02111226,1.021112
2020-08-27,0.0,0.0,0.0,0.0,0.0,0.0,0.0,0.0,0.0,1.02111226,1.021112
2020-08-28,0.0,7.0,1.0,0.0,0.0,0.0,1.3169,0.0,0.0,1.02111226,1.021112
2020-08-29,0.0,0.0,0.0,0.0,0.0,2.0,0.4286,0.0,0.0,1.02111226,1.021112
2020-08-30,0.0,0.0,0.0,0.0,0.0,0.0,0.0,0.0,0.0,1.02111226,1.021112
2020-08-31,0.0,0.0,0.0,0.0,0.0,0.0,0.0,0.0,0.0,1.02111226,1.021112
2020-09-01,0.0,0.0,2.0,0.0,0.0,1.0,0.5453,0.0,0.0,1.02111226,1.021112
2020-09-02,2.0,0.0,5.0,0.0,0.0,4.0,1.8893,0.0,0.0,1.02111226,1.021112
2020-09-03,25.0,0.0,31.0,0.0,0.0,6.0,8.973,0.0,0.0,1.02111226,1.021112
2020-09-04,0.0,0.0,0.0,15.0,2.0,15.0,5.9436,0.0,0.0,1.02111226,1.021112
2020-09-05,0.0,0.0,0.0,0.0,0.0,0.0,0.0,0.0,0.0,1.02111226,1.021112
2020-09-06,0.0,0.0,0.0,0.0,0.0,0.0,0.0,0.0,0.0,1.02111226,1.021112
2020-09-07,2.0,0.0,6.0,0.0,0.0,3.0,1.8405,0.0,0.0,1.02111226,1.021112
2020-09-08,0.0,0.0,0.0,0.0,0.0,0.0,0.0,0.0,0.0,1.02111226,1.021112
2020-09-09,0.0,0.0,0.0,0.0,0.0,0.0,0.0,0.0,0.0,1.02111226,1.021112
2020-09-10,0.0,0.0,0.0,0.0,0.0,0.0,0.0,0.0,0.0,1.02111226,1.021112
2020-09-11,0.0,0.0,0.0,0.0,0.0,0.0,0.0,0.0,0.0,1.02111226,1.021112
2020-09-12,0.0,0.0,0.0,0.0,0.0,0.0,0.0,0.0,0.0,1.02111226,1.021112
2020-09-13,0.0,0.0,0.0,0.0,0.0,0.0,0.0,0.0,0.0,1.02111226,1.021112
2020-09-14,0.0,0.0,0.0,0.0,0.0,0.0,0.0,0.0,0.0,1.02111226,1.021112
2020-09-15,0.0,0.0,0.0,0.0,0.0,0.0,0.0,0.0,0.0,1.02111226,1.021112
2020-09-16,0.0,0.0,0.0,0.0,0.0,0.0,0.0,0.0,0.0,1.02111226,1.021112
2020-09-17,0.0,0.0,0.0,0.0,0.0,0.0,0.0,0.0,0.0,1.02111226,1.021112
2020-09-18,0.0,0.0,0.0,0.0,0.0,0.0,0.0,0.0,0.0,1.02111226,1.021112
2020-09-19,0.0,0.0,0.0,0.0,0.0,0.0,0.0,0.0,0.0,1.02111226,1.021112
2020-09-20,0.0,0.0,0.0,0.0,0.0,0.0,0.0,0.0,0.0,1.02111226,1.021112
2020-09-21,74.0,7.0,102.0,0.0,0.0,5.0,26.6724,1.36401,2.018545,1.02111226,3.039657
2020-09-22,12.0,0.0,9.0,0.0,3.0,97.0,24.0956,0.825086,1.221013,1.02111226,2.242125
2020-09-23,0.0,0.0,0.0,3.0,1.0,42.0,9.6645,0.0,0.0,1.02111226,1.021112
2020-09-24,0.0,0.0,3.0,0.0,0.0,0.0,0.4966,0.0,0.0,1.02111226,1.021112
2020-09-25,0.0,0.0,0.0,0.0,0.0,0.0,0.0,0.0,0.0,1.02111226,1.021112
2020-09-26,0.0,0.0,0.0,0.0,0.0,0.0,0.0,0.0,0.0,1.02111226,1.021112
2020-09-27,0.0,0.0,0.0,0.0,0.0,0.0,0.0,0.0,0.0,1.02111226,1.021112
2020-09-28,3.0,0.0,4.0,0.0,0.0,0.0,0.9688,0.0,0.0,1.02111226,1.021112
2020-09-29,0.0,0.0,7.0,0.0,0.0,2.0,1.5873,0.0,0.0,1.02111226,1.021112
2020-09-30,4.0,0.0,20.0,0.0,0.0,3.0,4.3624,0.0,0.0,1.02111226,1.021112
2020-10-01,0.0,0.0,4.0,0.0,0.0,0.0,0.6621,0.0,0.0,1.02111226,1.021112
2020-10-02,57.0,9.0,8.0,0.0,0.0,0.0,8.632,0.0,0.0,1.02111226,1.021112
2020-10-03,13.0,17.0,30.0,2.0,0.0,158.0,43.2589,7.2086,10.667727,1.02111226,11.688839
2020-10-04,8.0,20.0,8.0,13.0,18.0,16.0,14.4449,0.0,0.0,1.02111226,1.021112
2020-10-05,2.0,5.0,4.0,2.0,13.0,12.0,7.1442,0.0,0.0,1.02111226,1.021112
2020-10-06,0.0,0.0,2.0,1.0,0.0,9.0,2.4152,0.0,0.0,1.02111226,1.021112
2020-10-07,0.0,0.0,2.0,0.0,0.0,10.0,2.4739,0.0,0.0,1.02111226,1.021112
2020-10-08,0.0,0.0,1.0,0.0,0.0,0.0,0.1655,0.0,0.0,1.02111226,1.021112
2020-10-09,0.0,0.0,0.0,0.0,0.0,0.0,0.0,0.0,0.0,1.02111226,1.021112
2020-10-10,0.0,5.0,0.0,0.0,0.0,7.0,2.3224,0.0,0.0,1.02111226,1.021112
2020-10-11,108.0,11.0,107.0,11.0,1.0,0.0,32.4717,2.981205,4.411769,1.02111226,5.432882
2020-10-12,3.0,5.0,7.0,4.0,17.0,67.0,20.6312,0.299464,0.443164,1.02111226,1.464277
2020-10-13,1.0,0.0,1.0,1.0,0.0,0.0,0.4233,0.0,0.0,1.02111226,1.021112
2020-10-14,0.0,0.0,0.0,0.0,1.0,0.0,0.1979,0.0,0.0,1.02111226,1.021112
2020-10-15,7.0,0.0,15.0,0.0,0.0,0.0,3.1986,0.0,0.0,1.02111226,1.021112
2020-10-16,0.0,0.0,0.0,0.0,0.0,0.0,0.0,0.0,0.0,1.02111226,1.021112
2020-10-17,0.0,0.0,0.0,0.0,0.0,2.0,0.4286,0.0,0.0,1.02111226,1.021112
2020-10-18,0.0,0.0,1.0,0.0,0.0,0.0,0.1655,0.0,0.0,1.02111226,1.021112
2020-10-19,3.0,1.0,3.0,0.0,0.0,0.0,0.9678,0.0,0.0,1.02111226,1.021112
2020-10-20,19.0,27.0,21.0,4.0,0.0,7.0,11.9819,0.0,0.0,1.02111226,1.021112
2020-10-21,1.0,25.0,1.0,18.0,4.0,97.0,28.7571,1.884198,2.788352,1.02111226,3.809464
2020-10-22,0.0,2.0,0.0,89.0,12.0,8.0,18.264,0.085194,0.126075,1.02111226,1.147187
2020-10-23,0.0,0.0,0.0,4.0,0.0,0.0,0.6223,0.0,0.0,1.02111226,1.021112
2020-10-24,0.0,11.0,0.0,0.0,0.0,0.0,1.8093,0.0,0.0,1.02111226,1.021112
2020-10-25,65.0,34.0,56.0,5.0,0.0,0.0,22.2853,0.520488,0.770249,1.02111226,1.791362
2020-10-26,27.0,10.0,37.0,7.0,1.0,0.0,11.8167,0.0,0.0,1.02111226,1.021112
2020-10-27,17.0,7.0,26.0,17.0,0.0,88.0,28.6948,1.867603,2.763792,1.02111226,3.784905
2020-10-28,8.0,18.0,12.0,1.0,26.0,34.0,18.3514,0.090861,0.134462,1.02111226,1.155575
2020-10-29,0.0,0.0,0.0,0.0,0.0,5.0,1.0714,0.0,0.0,1.02111226,1.021112
2020-10-30,9.0,47.0,14.0,0.0,0.0,0.0,10.9683,0.0,0.0,1.02111226,1.021112
2020-10-31,5.0,26.0,5.0,24.0,10.0,0.0,11.3281,0.0,0.0,1.02111226,1.021112
2020-11-01,125.0,71.0,176.0,53.0,16.0,0.0,65.0029,19.101962,28.268251,1.02111226,29.289363
2020-11-02,11.0,12.0,2.0,54.0,48.0,67.0,35.6863,4.090278,6.053044,1.02111226,7.074156
2020-11-03,2.0,3.0,6.0,16.0,6.0,1.0,5.5819,0.0,0.0,1.02111226,1.021112
2020-11-04,1.0,0.0,2.0,0.0,10.0,73.0,18.0548,0.072338,0.107051,1.02111226,1.128163
2020-11-05,5.0,0.0,13.0,3.0,1.0,0.0,3.3277,0.0,0.0,1.02111226,1.021112
2020-11-06,0.0,0.0,0.0,2.0,30.0,36.0,13.9621,0.0,0.0,1.02111226,1.021112
2020-11-07,0.0,0.0,0.0,0.0,0.0,0.0,0.0,0.0,0.0,1.02111226,1.021112
2020-11-08,0.0,0.0,0.0,0.0,0.0,0.0,0.0,0.0,0.0,1.02111226,1.021112
2020-11-09,5.0,0.0,15.0,0.0,0.0,0.0,2.9941,0.0,0.0,1.02111226,1.021112
2020-11-10,1.0,0.0,23.0,0.0,0.0,0.0,3.9094,0.0,0.0,1.02111226,1.021112
2020-11-11,0.0,0.0,0.0,0.0,0.0,0.0,0.0,0.0,0.0,1.02111226,1.021112
2020-11-12,2.0,0.0,2.0,0.0,0.0,0.0,0.5355,0.0,0.0,1.02111226,1.021112
2020-11-13,3.0,0.0,11.0,4.0,3.0,5.0,4.4149,0.0,0.0,1.02111226,1.021112
2020-11-14,40.0,49.0,70.0,0.0,1.0,2.0,24.3627,0.875336,1.295375,1.02111226,2.316487
2020-11-15,30.0,47.0,188.0,22.0,35.0,6.0,53.5522,12.378885,18.319031,1.02111226,19.340143
2020-11-16,10.0,0.0,12.0,28.0,1.0,92.0,27.2766,1.507313,2.230614,1.02111226,3.251726
2020-11-17,42.0,0.0,47.0,0.0,0.0,0.0,12.0738,0.0,0.0,1.02111226,1.021112
2020-11-18,0.0,0.0,5.0,0.0,0.0,1.0,1.0419,0.0,0.0,1.02111226,1.021112
2020-11-19,3.0,5.0,12.0,0.0,0.0,0.0,3.1155,0.0,0.0,1.02111226,1.021112
2020-11-20,1.0,0.0,1.0,11.0,19.0,4.0,6.5962,0.0,0.0,1.02111226,1.021112
2020-11-21,9.0,9.0,21.0,0.0,0.0,0.0,5.8766,0.0,0.0,1.02111226,1.021112
2020-11-22,11.0,14.0,60.0,11.0,1.0,0.0,15.2684,0.0,0.0,1.02111226,1.021112
2020-11-23,21.0,21.0,26.0,5.0,6.0,48.0,22.1557,0.50114,0.741617,1.02111226,1.762729
2020-11-24,27.0,10.0,19.0,1.0,26.0,0.0,12.8511,0.0,0.0,1.02111226,1.021112
2020-11-25,7.0,17.0,8.0,2.0,1.0,4.0,6.2023,0.0,0.0,1.02111226,1.021112
2020-11-26,4.0,21.0,1.0,36.0,10.0,71.0,26.8222,1.398974,2.070288,1.02111226,3.0914
2020-11-27,0.0,3.0,1.0,19.0,0.0,29.0,9.8291,0.0,0.0,1.02111226,1.021112
2020-11-28,20.0,21.0,8.0,0.0,1.0,0.0,7.021,0.0,0.0,1.02111226,1.021112
2020-11-29,5.0,15.0,10.0,35.0,7.0,38.0,19.6068,0.19151,0.283408,1.02111226,1.30452
2020-11-30,0.0,0.0,0.0,28.0,48.0,34.0,21.1406,0.36149,0.534955,1.02111226,1.556067
2020-12-01,0.0,0.0,0.0,19.0,0.0,0.0,2.9559,0.0,0.0,1.02111226,1.021112
2020-12-02,2.0,14.0,1.0,0.0,8.0,0.0,4.2559,0.0,0.0,1.02111226,1.021112
2020-12-03,16.0,6.0,35.0,28.0,43.0,20.0,25.5674,1.118317,1.654954,1.02111226,2.676066
2020-12-04,2.0,0.0,2.0,5.0,5.0,0.0,2.3029,0.0,0.0,1.02111226,1.021112
2020-12-05,5.0,15.0,16.0,0.0,2.0,8.0,7.737,0.0,0.0,1.02111226,1.021112
2020-12-06,1.0,1.0,7.0,39.0,3.0,45.0,17.7292,0.054364,0.080451,1.02111226,1.101563
2020-12-07,4.0,0.0,10.0,0.0,1.0,0.0,2.2621,0.0,0.0,1.02111226,1.021112
2020-12-08,2.0,6.0,8.0,5.0,0.0,8.0,5.0077,0.0,0.0,1.02111226,1.021112
2020-12-09,10.0,6.0,11.0,6.0,15.0,19.0,11.8033,0.0,0.0,1.02111226,1.021112
2020-12-10,7.0,24.0,7.0,6.0,5.0,2.0,8.1734,0.0,0.0,1.02111226,1.021112
2020-12-11,15.0,11.0,7.0,25.0,12.0,0.0,10.7656,0.0,0.0,1.02111226,1.021112
2020-12-12,13.0,0.0,17.0,25.0,6.0,5.0,10.2912,0.0,0.0,1.02111226,1.021112
2020-12-13,10.0,10.0,17.0,5.0,8.0,7.0,9.3422,0.0,0.0,1.02111226,1.021112
2020-12-14,31.0,35.0,37.0,32.0,10.0,4.0,22.8653,0.611124,0.904378,1.02111226,1.92549
2020-12-15,18.0,5.0,21.0,11.0,9.0,6.0,10.9169,0.0,0.0,1.02111226,1.021112
2020-12-16,9.0,14.0,12.0,8.0,7.0,22.0,12.5533,0.0,0.0,1.02111226,1.021112
2020-12-17,25.0,14.0,27.0,20.0,2.0,5.0,13.9067,0.0,0.0,1.02111226,1.021112
2020-12-18,30.0,26.0,39.0,32.0,16.0,15.0,25.1582,1.032825,1.528438,1.02111226,2.54955
2020-12-19,0.0,3.0,3.0,23.0,20.0,18.0,12.3832,0.0,0.0,1.02111226,1.021112
2020-12-20,1.0,0.0,1.0,4.0,3.0,0.0,1.4837,0.0,0.0,1.02111226,1.021112
2020-12-21,0.0,0.0,1.0,25.0,1.0,0.0,4.2528,0.0,0.0,1.02111226,1.021112
2020-12-22,0.0,2.0,3.0,30.0,1.0,0.0,5.6907,0.0,0.0,1.02111226,1.021112
2020-12-23,0.0,0.0,0.0,4.0,0.0,0.0,0.6223,0.0,0.0,1.02111226,1.021112
2020-12-24,0.0,0.0,0.0,0.0,0.0,0.0,0.0,0.0,0.0,1.02111226,1.021112
2020-12-25,0.0,5.0,6.0,0.0,0.0,0.0,1.8156,0.0,0.0,1.02111226,1.021112
2020-12-26,13.0,17.0,8.0,32.0,4.0,5.0,12.2909,0.0,0.0,1.02111226,1.021112
2020-12-27,31.0,14.0,39.0,11.0,17.0,27.0,22.7889,0.598804,0.886147,1.02111226,1.90726
2020-12-28,3.0,4.0,7.0,18.0,28.0,23.0,15.3932,0.0,0.0,1.02111226,1.021112
2020-12-29,5.0,5.0,5.0,2.0,2.0,0.0,2.8682,0.0,0.0,1.02111226,1.021112
2020-12-30,51.0,39.0,32.0,16.0,10.0,18.0,25.251,1.051952,1.556742,1.02111226,2.577854
2020-12-31,6.0,10.0,3.0,37.0,40.0,25.0,21.7839,0.447548,0.662309,1.02111226,1.683422
2021-01-01,6.0,26.0,7.0,7.0,0.0,0.0,7.1377,0.0,0.0,1.02111226,1.021112
2021-01-02,1.0,2.0,6.0,25.0,43.0,6.0,15.1089,0.0,0.0,1.02111226,1.021112
2021-01-03,6.0,14.0,12.0,3.0,1.0,8.0,7.2814,0.0,0.0,1.02111226,1.021112
2021-01-04,1.0,10.0,1.0,8.0,3.0,12.0,6.3223,0.0,0.0,1.02111226,1.021112
2021-01-05,1.0,6.0,2.0,28.0,12.0,2.0,8.5796,0.0,0.0,1.02111226,1.021112
2021-01-06,1.0,4.0,3.0,5.0,11.0,6.0,5.4972,0.0,0.0,1.02111226,1.021112
2021-01-07,1.0,29.0,1.0,14.0,0.0,3.0,7.8587,0.0,0.0,1.02111226,1.021112
2021-01-08,5.0,9.0,5.0,6.0,2.0,0.0,4.1484,0.0,0.0,1.02111226,1.021112
2021-01-09,6.0,7.0,10.0,6.0,2.0,5.0,5.8207,0.0,0.0,1.02111226,1.021112
2021-01-10,4.0,3.0,4.0,1.0,1.0,1.0,2.1323,0.0,0.0,1.02111226,1.021112
2021-01-11,33.0,9.0,47.0,13.0,6.0,65.0,29.7722,2.163068,3.20104,1.02111226,4.222152
2021-01-12,9.0,27.0,64.0,32.0,41.0,32.0,35.9042,4.170449,6.171685,1.02111226,7.192797
2021-01-13,54.0,17.0,47.0,28.0,11.0,31.0,29.2725,2.023759,2.994882,1.02111226,4.015994
2021-01-14,1.0,1.0,3.0,19.0,24.0,0.0,8.4687,0.0,0.0,1.02111226,1.021112
2021-01-15,10.0,3.0,13.0,1.0,2.0,0.0,4.2191,0.0,0.0,1.02111226,1.021112
2021-01-16,15.0,17.0,6.0,2.0,5.0,20.0,10.9092,0.0,0.0,1.02111226,1.021112
2021-01-17,0.0,2.0,0.0,18.0,4.0,16.0,7.3494,0.0,0.0,1.02111226,1.021112
2021-01-18,38.0,17.0,37.0,0.0,1.0,13.0,15.7894,0.000285,0.000422,1.02111226,1.021534
2021-01-19,1.0,1.0,47.0,16.0,14.0,12.0,15.8778,0.000721,0.001067,1.02111226,1.022179
2021-01-20,3.0,5.0,5.0,2.0,1.0,0.0,2.4658,0.0,0.0,1.02111226,1.021112
2021-01-21,3.0,0.0,2.0,2.0,10.0,0.0,2.9279,0.0,0.0,1.02111226,1.021112
2021-01-22,6.0,2.0,11.0,1.0,0.0,0.0,2.9188,0.0,0.0,1.02111226,1.021112
2021-01-23,0.0,0.0,0.0,3.0,10.0,0.0,2.4457,0.0,0.0,1.02111226,1.021112
2021-01-24,0.0,3.0,1.0,3.0,0.0,3.0,1.7685,0.0,0.0,1.02111226,1.021112
2021-01-25,0.0,0.0,0.0,1.0,2.0,2.0,0.9799,0.0,0.0,1.02111226,1.021112
2021-01-26,94.0,88.0,85.0,0.0,0.0,0.0,38.1548,5.033202,7.44844,1.02111226,8.469552
2021-01-27,26.0,25.0,42.0,54.0,86.0,84.0,57.1421,14.389296,21.29416,1.02111226,22.315272
2021-01-28,11.0,5.0,32.0,22.0,26.0,36.0,23.526,0.722417,1.069077,1.02111226,2.090189
2021-01-29,44.0,20.0,52.0,2.0,2.0,9.0,19.0311,0.140945,0.208578,1.02111226,1.229691
2021-01-30,37.0,4.0,52.0,19.0,15.0,16.0,22.4011,0.538043,0.796228,1.02111226,1.817341
2021-01-31,9.0,37.0,18.0,5.0,5.0,8.0,13.4672,0.0,0.0,1.02111226,1.021112
2021-02-01,5.0,27.0,7.0,24.0,19.0,16.0,17.0332,0.024389,0.036092,1.02111226,1.057204
2021-02-02,49.0,27.0,51.0,46.0,2.0,8.0,27.1591,1.478956,2.188649,1.02111226,3.209761
2021-02-03,34.0,32.0,29.0,39.0,19.0,46.0,33.2242,3.228152,4.777217,1.02111226,5.798329
2021-02-04,7.0,27.0,11.0,51.0,23.0,32.0,26.3204,1.28343,1.899299,1.02111226,2.920411
2021-02-05,32.0,13.0,30.0,52.0,12.0,14.0,23.8403,0.778295,1.151769,1.02111226,2.172881
2021-02-06,0.0,0.0,0.0,7.0,32.0,21.0,11.9216,0.0,0.0,1.02111226,1.021112
2021-02-07,29.0,23.0,18.0,0.0,0.0,4.0,10.5846,0.0,0.0,1.02111226,1.021112
2021-02-08,56.0,14.0,54.0,9.0,12.0,4.0,21.5986,0.421892,0.624341,1.02111226,1.645454
2021-02-09,51.0,27.0,57.0,6.0,7.0,63.0,34.9088,3.809298,5.637232,1.02111226,6.658345
2021-02-10,5.0,7.0,7.0,22.0,48.0,87.0,34.3854,3.624623,5.363939,1.02111226,6.385052
2021-02-11,1.0,0.0,4.0,6.0,2.0,0.0,2.0936,0.0,0.0,1.02111226,1.021112
2021-02-12,0.0,6.0,3.0,0.0,0.0,11.0,3.8406,0.0,0.0,1.02111226,1.021112
2021-02-13,1.0,0.0,0.0,7.0,2.0,8.0,3.3013,0.0,0.0,1.02111226,1.021112
2021-02-14,0.0,1.0,1.0,1.0,1.0,0.0,0.6835,0.0,0.0,1.02111226,1.021112
2021-02-15,1.0,3.0,1.0,8.0,2.0,2.0,2.8302,0.0,0.0,1.02111226,1.021112
2021-02-16,3.0,2.0,4.0,2.0,15.0,3.0,5.2202,0.0,0.0,1.02111226,1.021112
2021-02-17,26.0,26.0,13.0,6.0,0.0,0.0,10.02,0.0,0.0,1.02111226,1.021112
2021-02-18,0.0,4.0,1.0,37.0,12.1,14.0,11.9742,0.0,0.0,1.02111226,1.021112
2021-02-19,9.0,4.0,22.0,37.0,1.0,1.0,11.3881,0.0,0.0,1.02111226,1.021112
2021-02-20,0.0,4.0,0.0,2.0,31.0,68.0,21.675,0.432379,0.639861,1.02111226,1.660974
2021-02-21,0.0,0.0,0.0,2.0,13.0,25.0,8.2408,0.0,0.0,1.02111226,1.021112
2021-02-22,12.0,2.0,17.0,0.0,0.0,0.0,4.3698,0.0,0.0,1.02111226,1.021112
2021-02-23,19.0,14.0,32.0,2.0,3.0,7.0,11.947,0.0,0.0,1.02111226,1.021112
2021-02-24,0.0,1.0,0.0,16.0,17.0,17.0,9.6607,0.0,0.0,1.02111226,1.021112
2021-02-25,0.0,0.0,0.0,1.0,1.0,2.0,0.782,0.0,0.0,1.02111226,1.021112
2021-02-26,0.0,6.0,0.0,0.0,0.0,0.0,0.9869,0.0,0.0,1.02111226,1.021112
2021-02-27,49.0,9.0,18.0,7.0,1.0,12.0,13.3277,0.0,0.0,1.02111226,1.021112
2021-02-28,1.0,0.0,1.0,8.0,21.0,8.0,7.3824,0.0,0.0,1.02111226,1.021112
2021-03-01,0.0,0.0,0.0,1.0,0.0,2.0,0.5841,0.0,0.0,1.02111226,1.021112
2021-03-02,0.0,4.0,0.0,0.0,0.0,0.0,0.6579,0.0,0.0,1.02111226,1.021112
2021-03-03,0.0,25.0,0.0,9.0,16.0,3.0,9.3214,0.0,0.0,1.02111226,1.021112
2021-03-04,0.0,5.0,5.0,12.0,56.0,2.0,15.0276,0.0,0.0,1.02111226,1.021112
2021-03-05,0.0,1.0,0.0,25.0,11.0,4.0,7.0878,0.0,0.0,1.02111226,1.021112
2021-03-06,75.0,7.0,73.0,0.0,3.0,10.0,23.6393,0.742341,1.098562,1.02111226,2.119674
2021-03-07,0.0,2.0,3.0,1.0,38.0,58.0,20.9295,0.33512,0.49593,1.02111226,1.517043
2021-03-08,3.0,2.0,10.0,10.0,24.0,0.0,8.5962,0.0,0.0,1.02111226,1.021112
2021-03-09,0.0,10.0,0.0,3.0,4.0,2.0,3.3317,0.0,0.0,1.02111226,1.021112
2021-03-10,50.0,0.0,3.0,4.0,0.0,0.0,6.2307,0.0,0.0,1.02111226,1.021112
2021-03-11,0.0,17.0,0.0,2.0,0.0,11.0,5.4645,0.0,0.0,1.02111226,1.021112
2021-03-12,1.0,0.0,1.0,47.0,1.0,1.0,7.9919,0.0,0.0,1.02111226,1.021112
2021-03-13,9.0,9.0,12.0,0.0,0.0,4.0,5.244,0.0,0.0,1.02111226,1.021112
2021-03-14,2.0,3.0,0.0,3.0,1.0,0.0,1.3625,0.0,0.0,1.02111226,1.021112
2021-03-15,0.0,5.0,0.0,21.0,2.0,0.0,4.4853,0.0,0.0,1.02111226,1.021112
2021-03-16,38.0,13.0,22.0,18.0,2.0,0.0,12.861,0.0,0.0,1.02111226,1.021112
2021-03-17,0.0,25.0,0.0,8.0,11.0,4.0,8.3906,0.0,0.0,1.02111226,1.021112
2021-03-18,30.0,62.0,18.0,66.0,15.0,0.0,29.4809,2.08137,3.080139,1.02111226,4.101251
2021-03-19,22.0,20.0,10.0,91.0,59.0,32.0,39.8842,5.737586,8.49083,1.02111226,9.511943
2021-03-20,12.0,5.0,10.0,38.0,15.0,23.0,17.5133,0.043825,0.064855,1.02111226,1.085967
2021-03-21,0.0,0.0,0.0,3.0,3.0,2.0,1.489,0.0,0.0,1.02111226,1.021112
2021-03-22,0.0,6.0,0.0,0.0,0.0,0.0,0.9869,0.0,0.0,1.02111226,1.021112
2021-03-23,0.0,0.0,0.0,3.0,0.0,6.0,1.7524,0.0,0.0,1.02111226,1.021112
2021-03-24,0.0,5.0,0.0,0.0,0.0,0.0,0.8224,0.0,0.0,1.02111226,1.021112
2021-03-25,0.0,2.0,3.0,1.0,0.0,0.0,0.9811,0.0,0.0,1.02111226,1.021112
2021-03-26,1.0,0.0,4.0,3.0,1.0,3.0,2.0718,0.0,0.0,1.02111226,1.021112
2021-03-27,0.0,25.0,3.0,8.0,0.0,0.0,5.8533,0.0,0.0,1.02111226,1.021112
2021-03-28,0.0,0.0,1.0,38.0,6.0,0.0,7.2647,0.0,0.0,1.02111226,1.021112
2021-03-29,1.0,39.0,1.0,2.0,0.0,3.0,7.6366,0.0,0.0,1.02111226,1.021112
2021-03-30,4.0,14.0,7.0,21.0,9.0,2.0,9.3471,0.0,0.0,1.02111226,1.021112
2021-03-31,1.0,1.0,4.0,6.0,7.0,17.0,6.8903,0.0,0.0,1.02111226,1.021112
2021-04-01,27.0,72.0,19.0,7.0,7.0,0.0,20.2225,0.253675,0.375404,1.02111226,1.396517
2021-04-02,0.0,0.0,0.0,17.0,60.0,30.0,20.9469,0.337259,0.499096,1.02111226,1.520208
2021-04-03,15.0,4.0,30.0,0.0,0.0,0.0,7.1574,0.0,0.0,1.02111226,1.021112
2021-04-04,15.0,48.0,15.0,1.0,1.0,2.0,12.6937,0.0,0.0,1.02111226,1.021112
2021-04-05,3.0,0.0,3.0,85.0,72.0,29.0,34.4897,3.661128,5.417962,1.02111226,6.439074
2021-04-06,91.0,19.0,83.0,2.0,1.0,1.0,26.891,1.41514,2.09421,1.02111226,3.115323
2021-04-07,0.0,13.0,1.0,21.0,37.0,98.0,33.8926,3.454119,5.111617,1.02111226,6.132729
2021-04-08,0.0,0.0,0.0,7.0,16.0,0.0,4.2553,0.0,0.0,1.02111226,1.021112
2021-04-09,0.0,29.0,0.0,0.0,0.0,0.0,4.77,0.0,0.0,1.02111226,1.021112
2021-04-10,62.0,20.0,39.0,21.0,8.0,5.0,22.0056,0.479168,0.709102,1.02111226,1.730214
2021-04-11,0.0,0.0,0.0,69.0,29.0,60.0,29.3305,2.039707,3.018483,1.02111226,4.039595
2021-04-12,1.0,0.0,5.0,12.0,0.0,0.0,2.7968,0.0,0.0,1.02111226,1.021112
2021-04-13,0.0,3.0,0.0,0.0,0.0,0.0,0.4935,0.0,0.0,1.02111226,1.021112
2021-04-14,2.0,17.0,0.0,3.0,2.0,2.0,4.2918,0.0,0.0,1.02111226,1.021112
2021-04-15,0.0,18.0,0.0,3.0,1.0,6.0,4.911,0.0,0.0,1.02111226,1.021112
2021-04-16,0.0,0.0,1.0,0.0,31.0,8.0,8.0145,0.0,0.0,1.02111226,1.021112
2021-04-17,0.0,0.0,0.0,0.0,0.0,0.0,0.0,0.0,0.0,1.02111226,1.021112
2021-04-18,4.0,4.0,2.0,0.0,0.0,0.0,1.3979,0.0,0.0,1.02111226,1.021112
2021-04-19,0.0,0.0,0.0,24.0,19.0,0.0,7.4938,0.0,0.0,1.02111226,1.021112
2021-04-20,0.0,0.0,0.0,0.0,0.0,0.0,0.0,0.0,0.0,1.02111226,1.021112
2021-04-21,0.0,0.0,0.0,0.0,0.0,0.0,0.0,0.0,0.0,1.02111226,1.021112
2021-04-22,0.0,0.0,0.0,0.0,0.0,0.0,0.0,0.0,0.0,1.02111226,1.021112
2021-04-23,0.0,0.0,0.0,0.0,0.0,0.0,0.0,0.0,0.0,1.02111226,1.021112
2021-04-24,0.0,0.0,0.0,0.0,0.0,0.0,0.0,0.0,0.0,1.02111226,1.021112
2021-04-25,0.0,6.0,0.0,0.0,0.0,0.0,0.9869,0.0,0.0,1.02111226,1.021112
2021-04-26,0.0,0.0,0.0,0.0,0.0,0.0,0.0,0.0,0.0,1.02111226,1.021112
2021-04-27,0.0,0.0,0.0,0.0,0.0,0.0,0.0,0.0,0.0,1.02111226,1.021112
2021-04-28,0.0,0.0,0.0,0.0,0.0,0.0,0.0,0.0,0.0,1.02111226,1.021112
2021-04-29,0.0,0.0,0.0,0.0,0.0,0.0,0.0,0.0,0.0,1.02111226,1.021112
2021-04-30,0.0,4.0,35.0,0.0,0.0,0.0,6.4515,0.0,0.0,1.02111226,1.021112
2021-05-01,0.0,2.0,0.0,6.0,6.0,8.0,4.164,0.0,0.0,1.02111226,1.021112
2021-05-02,0.0,0.0,0.0,0.0,0.0,0.0,0.0,0.0,0.0,1.02111226,1.021112
2021-05-03,0.0,0.0,0.0,4.0,1.0,0.0,0.8202,0.0,0.0,1.02111226,1.021112
2021-05-04,0.0,0.0,0.0,0.0,0.0,0.0,0.0,0.0,0.0,1.02111226,1.021112
2021-05-05,0.0,0.0,0.0,0.0,0.0,0.0,0.0,0.0,0.0,1.02111226,1.021112
2021-05-06,0.0,2.0,0.0,0.0,0.0,0.0,0.329,0.0,0.0,1.02111226,1.021112
2021-05-07,0.0,5.0,0.0,0.0,0.0,0.0,0.8224,0.0,0.0,1.02111226,1.021112
2021-05-08,0.0,0.0,0.0,7.0,0.0,0.0,1.089,0.0,0.0,1.02111226,1.021112
2021-05-09,0.0,0.0,0.0,0.0,0.0,0.0,0.0,0.0,0.0,1.02111226,1.021112
2021-05-10,0.0,0.0,3.0,0.0,0.0,0.0,0.4966,0.0,0.0,1.02111226,1.021112
2021-05-11,0.0,0.0,0.0,0.0,0.0,0.0,0.0,0.0,0.0,1.02111226,1.021112
2021-05-12,0.0,0.0,0.0,0.0,0.0,0.0,0.0,0.0,0.0,1.02111226,1.021112
2021-05-13,0.0,0.0,0.0,0.0,0.0,0.0,0.0,0.0,0.0,1.02111226,1.021112
2021-05-14,0.0,0.0,2.0,0.0,0.0,0.0,0.3311,0.0,0.0,1.02111226,1.021112
2021-05-15,0.0,0.0,0.0,0.0,0.0,0.0,0.0,0.0,0.0,1.02111226,1.021112
2021-05-16,0.0,0.0,0.0,0.0,0.0,0.0,0.0,0.0,0.0,1.02111226,1.021112
2021-05-17,0.0,0.0,0.0,0.0,0.0,0.0,0.0,0.0,0.0,1.02111226,1.021112
2021-05-18,0.0,0.0,0.0,1.0,0.0,0.0,0.1556,0.0,0.0,1.02111226,1.021112
2021-05-19,0.0,0.0,0.0,0.0,0.0,0.0,0.0,0.0,0.0,1.02111226,1.021112
2021-05-20,0.0,36.0,0.0,1.0,14.0,0.0,8.8475,0.0,0.0,1.02111226,1.021112
2021-05-21,0.0,10.0,0.0,15.0,1.0,0.0,4.1763,0.0,0.0,1.02111226,1.021112
2021-05-22,0.0,5.0,0.0,1.0,0.0,0.0,0.978,0.0,0.0,1.02111226,1.021112
2021-05-23,0.0,2.0,0.0,2.0,0.0,0.0,0.6401,0.0,0.0,1.02111226,1.021112
2021-05-24,0.0,7.0,20.0,13.0,7.0,1.0,8.084,0.0,0.0,1.02111226,1.021112
2021-05-25,0.0,0.0,0.0,15.0,3.0,0.0,2.9273,0.0,0.0,1.02111226,1.021112
2021-05-26,0.0,0.0,0.0,0.0,0.0,0.0,0.0,0.0,0.0,1.02111226,1.021112
2021-05-27,0.0,0.0,0.0,0.0,0.0,0.0,0.0,0.0,0.0,1.02111226,1.021112
2021-05-28,0.0,7.0,0.0,0.0,0.0,0.0,1.1514,0.0,0.0,1.02111226,1.021112
2021-05-29,3.0,34.0,6.0,13.0,24.0,6.0,14.9499,0.0,0.0,1.02111226,1.021112
2021-05-30,0.0,0.0,0.0,2.0,16.0,0.0,3.4775,0.0,0.0,1.02111226,1.021112
2021-05-31,0.0,0.0,0.0,0.0,0.0,0.0,0.0,0.0,0.0,1.02111226,1.021112
2021-06-01,0.0,5.0,0.0,0.0,0.0,0.0,0.8224,0.0,0.0,1.02111226,1.021112
2021-06-02,0.0,0.0,0.0,5.0,0.0,0.0,0.7779,0.0,0.0,1.02111226,1.021112
2021-06-03,0.0,0.0,0.0,0.0,0.0,0.0,0.0,0.0,0.0,1.02111226,1.021112
2021-06-04,0.0,0.0,0.0,0.0,0.0,0.0,0.0,0.0,0.0,1.02111226,1.021112
2021-06-05,0.0,0.0,0.0,0.0,0.0,0.0,0.0,0.0,0.0,1.02111226,1.021112
2021-06-06,1.0,6.0,0.0,0.0,0.0,0.0,1.0891,0.0,0.0,1.02111226,1.021112
2021-06-07,0.0,0.0,0.0,22.0,4.0,1.0,4.4285,0.0,0.0,1.02111226,1.021112
2021-06-08,0.0,0.0,8.0,0.0,0.0,0.0,1.3242,0.0,0.0,1.02111226,1.021112
2021-06-09,0.0,0.0,1.0,0.0,0.0,0.0,0.1655,0.0,0.0,1.02111226,1.021112
2021-06-10,0.0,1.0,0.0,0.0,0.0,0.0,0.1645,0.0,0.0,1.02111226,1.021112
2021-06-11,11.0,3.0,68.0,0.0,0.0,0.0,12.8741,0.0,0.0,1.02111226,1.021112
2021-06-12,0.0,10.0,0.0,6.0,0.0,1.0,2.7926,0.0,0.0,1.02111226,1.021112
2021-06-13,0.0,0.0,0.0,7.0,18.0,0.0,4.6511,0.0,0.0,1.02111226,1.021112
2021-06-14,0.0,2.0,6.0,0.0,0.0,0.0,1.3222,0.0,0.0,1.02111226,1.021112
2021-06-15,28.0,0.0,32.0,11.0,20.0,5.0,14.9002,0.0,0.0,1.02111226,1.021112
2021-06-16,35.0,30.0,49.0,3.0,2.0,27.0,23.2719,0.678607,1.004244,1.02111226,2.025356
2021-06-17,0.0,0.0,0.0,67.0,13.0,31.0,19.6388,0.194538,0.287889,1.02111226,1.309002
2021-06-18,0.0,6.0,0.0,7.0,0.0,0.0,2.0759,0.0,0.0,1.02111226,1.021112
2021-06-19,3.0,15.0,2.0,14.0,0.0,0.0,5.2831,0.0,0.0,1.02111226,1.021112
2021-06-20,0.0,1.0,9.0,24.0,41.0,11.0,15.8588,0.000611,0.000904,1.02111226,1.022016
2021-06-21,3.0,23.0,2.0,0.0,0.0,0.0,4.4209,0.0,0.0,1.02111226,1.021112
2021-06-22,2.0,7.0,9.0,78.0,85.0,3.0,32.4443,2.972341,4.398652,1.02111226,5.419764
2021-06-23,43.0,10.0,115.0,5.0,0.0,5.0,26.9263,1.42347,2.106539,1.02111226,3.127651
2021-06-24,22.0,2.0,23.0,19.0,2.0,11.0,12.0941,0.0,0.0,1.02111226,1.021112
2021-06-25,0.0,0.0,0.0,5.0,4.0,19.0,5.6408,0.0,0.0,1.02111226,1.021112
2021-06-26,0.0,6.0,3.0,0.0,0.0,0.0,1.4835,0.0,0.0,1.02111226,1.021112
2021-06-27,0.0,0.0,0.0,3.0,0.0,6.0,1.7524,0.0,0.0,1.02111226,1.021112
2021-06-28,0.0,0.0,22.0,0.0,0.0,3.0,4.2845,0.0,0.0,1.02111226,1.021112
2021-06-29,0.0,4.0,0.0,0.0,0.0,10.0,2.8008,0.0,0.0,1.02111226,1.021112
2021-06-30,0.0,20.0,0.0,2.0,2.0,22.0,8.7108,0.0,0.0,1.02111226,1.021112
2021-07-01,0.0,0.0,0.0,0.0,0.0,0.0,0.0,0.0,0.0,1.02111226,1.021112
2021-07-02,0.0,0.0,3.0,0.0,0.0,0.0,0.4966,0.0,0.0,1.02111226,1.021112
2021-07-03,0.0,0.0,0.0,0.0,0.0,0.0,0.0,0.0,0.0,1.02111226,1.021112
2021-07-04,0.0,0.0,0.0,0.0,0.0,1.0,0.2143,0.0,0.0,1.02111226,1.021112
2021-07-05,0.0,0.0,0.0,0.0,0.0,0.0,0.0,0.0,0.0,1.02111226,1.021112
2021-07-06,0.0,0.0,0.0,0.0,0.0,0.0,0.0,0.0,0.0,1.02111226,1.021112
2021-07-07,0.0,0.0,0.0,0.0,0.0,0.0,0.0,0.0,0.0,1.02111226,1.021112
2021-07-08,0.0,59.0,1.0,0.0,0.0,0.0,9.8701,0.0,0.0,1.02111226,1.021112
2021-07-09,0.0,8.0,21.0,0.0,0.0,0.0,4.792,0.0,0.0,1.02111226,1.021112
2021-07-10,0.0,4.0,0.0,18.0,28.0,2.0,9.4279,0.0,0.0,1.02111226,1.021112
2021-07-11,0.0,0.0,0.0,0.0,10.0,2.0,2.4075,0.0,0.0,1.02111226,1.021112
2021-07-12,0.0,0.0,0.0,0.0,0.0,0.0,0.0,0.0,0.0,1.02111226,1.021112
2021-07-13,0.0,0.0,0.0,0.0,0.0,0.0,0.0,0.0,0.0,1.02111226,1.021112
2021-07-14,0.0,0.0,0.0,0.0,0.0,0.0,0.0,0.0,0.0,1.02111226,1.021112
2021-07-15,0.0,0.0,0.0,0.0,0.0,1.0,0.2143,0.0,0.0,1.02111226,1.021112
2021-07-16,0.0,0.0,0.0,0.0,0.0,0.0,0.0,0.0,0.0,1.02111226,1.021112
2021-07-17,0.0,0.0,0.0,0.0,0.0,0.0,0.0,0.0,0.0,1.02111226,1.021112
2021-07-18,0.0,0.0,0.0,0.0,0.0,0.0,0.0,0.0,0.0,1.02111226,1.021112
2021-07-19,0.0,0.0,0.0,0.0,0.0,0.0,0.0,0.0,0.0,1.02111226,1.021112
2021-07-20,0.0,0.0,0.0,0.0,0.0,0.0,0.0,0.0,0.0,1.02111226,1.021112
2021-07-21,0.0,0.0,0.0,0.0,0.0,0.0,0.0,0.0,0.0,1.02111226,1.021112
2021-07-22,0.0,0.0,1.0,0.0,0.0,0.0,0.1655,0.0,0.0,1.02111226,1.021112
2021-07-23,2.0,0.0,15.0,0.0,0.0,0.0,2.6874,0.0,0.0,1.02111226,1.021112
2021-07-24,0.0,0.0,0.0,0.0,0.0,0.0,0.0,0.0,0.0,1.02111226,1.021112
2021-07-25,0.0,0.0,0.0,0.0,0.0,0.0,0.0,0.0,0.0,1.02111226,1.021112
2021-07-26,0.0,0.0,0.0,0.0,0.0,0.0,0.0,0.0,0.0,1.02111226,1.021112
2021-07-27,0.0,0.0,0.0,0.0,0.0,0.0,0.0,0.0,0.0,1.02111226,1.021112
2021-07-28,0.0,0.0,0.0,0.0,0.0,0.0,0.0,0.0,0.0,1.02111226,1.021112
2021-07-29,3.0,0.0,4.0,0.0,0.0,0.0,0.9688,0.0,0.0,1.02111226,1.021112
2021-07-30,168.0,1.0,134.0,0.0,0.0,0.0,39.5212,5.586849,8.26776,1.02111226,9.288873
2021-07-31,5.0,0.0,16.0,7.0,10.0,34.0,13.5132,0.0,0.0,1.02111226,1.021112
2021-08-01,5.0,0.0,14.0,0.0,1.0,5.0,4.0979,0.0,0.0,1.02111226,1.021112
2021-08-02,17.0,4.0,47.0,0.0,0.0,13.0,12.9616,0.0,0.0,1.02111226,1.021112
2021-08-03,12.0,3.0,27.0,5.0,1.0,24.0,12.3081,0.0,0.0,1.02111226,1.021112
2021-08-04,1.0,5.0,0.0,3.0,0.0,20.0,5.677,0.0,0.0,1.02111226,1.021112
2021-08-05,0.0,0.0,0.0,0.0,30.0,5.0,7.0082,0.0,0.0,1.02111226,1.021112
2021-08-06,0.0,0.0,0.0,0.0,0.0,0.0,0.0,0.0,0.0,1.02111226,1.021112
2021-08-07,0.0,0.0,0.0,0.0,0.0,0.0,0.0,0.0,0.0,1.02111226,1.021112
2021-08-08,0.0,0.0,0.0,0.0,0.0,0.0,0.0,0.0,0.0,1.02111226,1.021112
2021-08-09,0.0,0.0,0.0,0.0,0.0,0.0,0.0,0.0,0.0,1.02111226,1.021112
2021-08-10,0.0,0.0,0.0,0.0,0.0,0.0,0.0,0.0,0.0,1.02111226,1.021112
2021-08-11,0.0,0.0,0.0,0.0,0.0,0.0,0.0,0.0,0.0,1.02111226,1.021112
2021-08-12,0.0,0.0,4.0,0.0,0.0,0.0,0.6621,0.0,0.0,1.02111226,1.021112
2021-08-13,0.0,0.0,4.0,0.0,0.0,2.0,1.0907,0.0,0.0,1.02111226,1.021112
2021-08-14,0.0,0.0,1.0,0.0,0.0,2.0,0.5941,0.0,0.0,1.02111226,1.021112
2021-08-15,0.0,0.0,2.0,0.0,0.0,0.0,0.3311,0.0,0.0,1.02111226,1.021112
2021-08-16,0.0,0.0,0.0,0.0,0.0,0.0,0.0,0.0,0.0,1.02111226,1.021112
2021-08-17,0.0,0.0,0.0,0.0,0.0,0.0,0.0,0.0,0.0,1.02111226,1.021112
2021-08-18,1.0,0.0,0.0,0.0,0.0,0.0,0.1022,0.0,0.0,1.02111226,1.021112
2021-08-19,0.0,0.0,0.0,0.0,0.0,4.0,0.8571,0.0,0.0,1.02111226,1.021112
2021-08-20,0.0,0.0,0.0,0.0,0.0,0.0,0.0,0.0,0.0,1.02111226,1.021112
2021-08-21,0.0,0.0,1.0,0.0,0.0,0.0,0.1655,0.0,0.0,1.02111226,1.021112
2021-08-22,1.0,0.0,1.0,0.0,0.0,2.0,0.6963,0.0,0.0,1.02111226,1.021112
2021-08-23,0.0,0.0,0.0,0.0,0.0,0.0,0.0,0.0,0.0,1.02111226,1.021112
2021-08-24,0.0,0.0,0.0,0.0,0.0,0.0,0.0,0.0,0.0,1.02111226,1.021112
2021-08-25,0.0,0.0,1.0,0.0,0.0,0.0,0.1655,0.0,0.0,1.02111226,1.021112
2021-08-26,0.0,0.0,0.0,0.0,0.0,1.0,0.2143,0.0,0.0,1.02111226,1.021112
2021-08-27,0.0,0.0,0.0,0.0,0.0,0.0,0.0,0.0,0.0,1.02111226,1.021112
2021-08-28,0.0,0.0,0.0,0.0,0.0,0.0,0.0,0.0,0.0,1.02111226,1.021112
2021-08-29,2.0,1.0,9.0,0.0,0.0,0.0,1.8587,0.0,0.0,1.02111226,1.021112
2021-08-30,0.0,0.0,5.0,2.0,5.0,9.0,4.0568,0.0,0.0,1.02111226,1.021112
2021-08-31,0.0,0.0,0.0,0.0,0.0,0.0,0.0,0.0,0.0,1.02111226,1.021112
2021-09-01,0.0,0.0,0.0,0.0,0.0,0.0,0.0,0.0,0.0,1.02111226,1.021112
2021-09-02,0.0,0.0,0.0,0.0,0.0,0.0,0.0,0.0,0.0,1.02111226,1.021112
2021-09-03,0.0,0.0,3.0,0.0,3.0,2.0,1.5188,0.0,0.0,1.02111226,1.021112
2021-09-04,0.0,0.0,2.0,0.0,0.0,0.0,0.3311,0.0,0.0,1.02111226,1.021112
2021-09-05,0.0,0.0,0.0,0.0,0.0,0.0,0.0,0.0,0.0,1.02111226,1.021112
2021-09-06,0.0,0.0,1.0,0.0,0.0,1.0,0.3798,0.0,0.0,1.02111226,1.021112
2021-09-07,2.0,0.0,1.0,0.0,0.0,0.0,0.37,0.0,0.0,1.02111226,1.021112
2021-09-08,0.0,0.0,0.0,0.0,0.0,3.0,0.6428,0.0,0.0,1.02111226,1.021112
2021-09-09,0.0,0.0,0.0,0.0,0.0,0.0,0.0,0.0,0.0,1.02111226,1.021112
2021-09-10,0.0,0.0,0.0,0.0,0.0,0.0,0.0,0.0,0.0,1.02111226,1.021112
2021-09-11,3.0,1.0,3.0,0.0,0.0,0.0,0.9678,0.0,0.0,1.02111226,1.021112
2021-09-12,1.0,7.0,1.0,6.0,0.0,18.0,6.2097,0.0,0.0,1.02111226,1.021112
2021-09-13,0.0,0.0,0.0,3.0,2.0,0.0,0.8625,0.0,0.0,1.02111226,1.021112
2021-09-14,27.0,73.0,29.0,0.0,0.0,0.0,19.568,0.187875,0.278029,1.02111226,1.299141
2021-09-15,0.0,5.0,0.0,59.0,33.0,43.0,25.7459,1.156551,1.711535,1.02111226,2.732648
2021-09-16,0.0,33.0,0.0,5.0,0.0,0.0,6.2058,0.0,0.0,1.02111226,1.021112
2021-09-17,0.0,0.0,0.0,2.0,0.0,0.0,0.3111,0.0,0.0,1.02111226,1.021112
2021-09-18,0.0,2.0,0.0,2.0,0.0,0.0,0.6401,0.0,0.0,1.02111226,1.021112
2021-09-19,0.0,0.0,0.0,1.0,0.0,0.0,0.1556,0.0,0.0,1.02111226,1.021112
2021-09-20,0.0,0.0,0.0,1.0,0.0,4.0,1.0127,0.0,0.0,1.02111226,1.021112
2021-09-21,7.0,9.0,12.0,0.0,0.0,0.0,4.1824,0.0,0.0,1.02111226,1.021112
2021-09-22,0.0,0.0,0.0,15.0,55.0,2.0,13.6464,0.0,0.0,1.02111226,1.021112
2021-09-23,0.0,0.0,0.0,3.0,1.0,3.0,1.3075,0.0,0.0,1.02111226,1.021112
2021-09-24,0.0,7.0,0.0,0.0,0.0,0.0,1.1514,0.0,0.0,1.02111226,1.021112
2021-09-25,0.0,1.0,0.0,11.0,1.0,0.0,2.0737,0.0,0.0,1.02111226,1.021112
2021-09-26,0.0,4.0,0.0,0.0,0.0,0.0,0.6579,0.0,0.0,1.02111226,1.021112
2021-09-27,0.0,0.0,0.0,0.0,20.0,0.0,3.9579,0.0,0.0,1.02111226,1.021112
2021-09-28,0.0,0.0,0.0,0.0,0.0,0.0,0.0,0.0,0.0,1.02111226,1.021112
2021-09-29,0.0,0.0,0.0,0.0,0.0,0.0,0.0,0.0,0.0,1.02111226,1.021112
2021-09-30,0.0,0.0,0.0,0.0,0.0,0.0,0.0,0.0,0.0,1.02111226,1.021112
2021-10-01,0.0,0.0,0.0,0.0,0.0,0.0,0.0,0.0,0.0,1.02111226,1.021112
2021-10-02,2.0,0.0,1.0,0.0,0.0,0.0,0.37,0.0,0.0,1.02111226,1.021112
2021-10-03,0.0,0.0,0.0,0.0,0.0,0.0,0.0,0.0,0.0,1.02111226,1.021112
2021-10-04,0.0,0.0,0.0,0.0,0.0,5.0,1.0714,0.0,0.0,1.02111226,1.021112
2021-10-05,5.0,4.0,5.0,0.0,0.0,0.0,1.9968,0.0,0.0,1.02111226,1.021112
2021-10-06,0.0,0.0,0.0,1.0,0.0,7.0,1.6555,0.0,0.0,1.02111226,1.021112
2021-10-07,0.0,0.0,1.0,0.0,0.0,0.0,0.1655,0.0,0.0,1.02111226,1.021112
2021-10-08,0.0,0.0,0.0,0.0,0.0,0.0,0.0,0.0,0.0,1.02111226,1.021112
2021-10-09,0.0,0.0,0.0,0.0,0.0,0.0,0.0,0.0,0.0,1.02111226,1.021112
2021-10-10,0.0,0.0,0.0,0.0,0.0,0.0,0.0,0.0,0.0,1.02111226,1.021112
2021-10-11,2.0,0.0,3.0,0.0,0.0,0.0,0.7011,0.0,0.0,1.02111226,1.021112
2021-10-12,0.0,0.0,0.0,0.0,0.0,0.0,0.0,0.0,0.0,1.02111226,1.021112
2021-10-13,0.0,0.0,1.0,0.0,0.0,0.0,0.1655,0.0,0.0,1.02111226,1.021112
2021-10-14,0.0,0.0,0.0,0.0,0.0,0.0,0.0,0.0,0.0,1.02111226,1.021112
2021-10-15,0.0,2.0,3.0,0.0,0.0,0.0,0.8256,0.0,0.0,1.02111226,1.021112
2021-10-16,0.0,0.0,0.0,1.0,0.0,5.0,1.227,0.0,0.0,1.02111226,1.021112
2021-10-17,0.0,0.0,0.0,0.0,0.0,0.0,0.0,0.0,0.0,1.02111226,1.021112
2021-10-18,25.0,5.0,42.0,0.0,0.0,0.0,10.3306,0.0,0.0,1.02111226,1.021112
2021-10-19,0.0,5.0,0.0,7.0,3.0,27.0,8.2907,0.0,0.0,1.02111226,1.021112
2021-10-20,0.0,0.0,0.0,12.0,5.0,0.0,2.8564,0.0,0.0,1.02111226,1.021112
2021-10-21,8.0,1.0,24.0,0.0,0.0,0.0,4.9551,0.0,0.0,1.02111226,1.021112
2021-10-22,10.0,0.0,58.0,0.0,0.0,4.0,11.4803,0.0,0.0,1.02111226,1.021112
2021-10-23,5.0,0.0,7.0,0.0,0.0,1.0,1.8842,0.0,0.0,1.02111226,1.021112
2021-10-24,2.0,3.0,2.0,0.0,0.0,0.0,1.029,0.0,0.0,1.02111226,1.021112
2021-10-25,0.0,0.0,1.0,0.0,0.0,0.0,0.1655,0.0,0.0,1.02111226,1.021112
2021-10-26,0.0,1.0,3.0,2.0,0.0,0.0,0.9722,0.0,0.0,1.02111226,1.021112
2021-10-27,2.0,9.0,1.0,4.0,0.0,0.0,2.4726,0.0,0.0,1.02111226,1.021112
2021-10-28,2.0,11.0,1.0,2.0,17.0,2.0,6.2832,0.0,0.0,1.02111226,1.021112
2021-10-29,26.0,2.0,37.0,2.0,13.0,40.0,20.5668,0.292006,0.432129,1.02111226,1.453241
2021-10-30,4.0,2.0,5.0,1.0,6.0,55.0,14.694,0.0,0.0,1.02111226,1.021112
2021-10-31,1.0,12.0,19.0,4.0,3.0,6.0,7.7228,0.0,0.0,1.02111226,1.021112
2021-11-01,1.0,0.0,3.0,19.0,13.0,23.0,11.0558,0.0,0.0,1.02111226,1.021112
2021-11-02,52.0,14.0,42.0,0.0,0.0,0.0,14.5713,0.0,0.0,1.02111226,1.021112
2021-11-03,18.0,23.0,25.0,35.0,29.0,88.0,39.8025,5.703525,8.440425,1.02111226,9.461537
2021-11-04,2.0,6.0,2.0,11.0,22.0,12.0,10.1588,0.0,0.0,1.02111226,1.021112
2021-11-05,39.0,1.0,58.0,17.0,8.0,0.0,17.9804,0.068009,0.100644,1.02111226,1.121756
2021-11-06,32.0,13.0,4.0,1.0,5.0,64.0,20.931,0.33531,0.496212,1.02111226,1.517324
2021-11-07,40.0,4.0,80.0,8.0,2.0,8.0,21.3445,0.387836,0.573944,1.02111226,1.595056
2021-11-08,0.0,8.0,5.0,2.0,4.0,29.0,9.4604,0.0,0.0,1.02111226,1.021112
2021-11-09,5.0,8.0,13.0,3.0,0.0,0.0,4.4457,0.0,0.0,1.02111226,1.021112
2021-11-10,74.0,30.0,115.0,54.0,1.0,0.0,40.1349,5.842552,8.646165,1.02111226,9.667278
2021-11-11,69.0,37.0,50.0,18.0,37.0,102.0,53.3959,12.293545,18.192739,1.02111226,19.213852
2021-11-12,68.0,31.0,44.0,50.0,47.0,45.0,46.0568,8.517865,12.605257,1.02111226,13.62637
2021-11-13,2.0,7.0,3.0,13.0,1.0,12.0,6.6442,0.0,0.0,1.02111226,1.021112
2021-11-14,1.0,54.0,4.0,7.0,2.0,3.0,11.7741,0.0,0.0,1.02111226,1.021112
2021-11-15,30.0,19.0,25.0,16.0,5.0,0.0,13.8092,0.0,0.0,1.02111226,1.021112
2021-11-16,6.0,12.0,2.0,20.0,19.0,85.0,28.0037,1.687899,2.497856,1.02111226,3.518968
2021-11-17,44.0,29.0,17.0,2.0,36.0,0.0,19.5178,0.183207,0.271121,1.02111226,1.292233
2021-11-18,21.0,69.0,11.0,16.0,21.0,16.0,25.3906,1.081008,1.599741,1.02111226,2.620854
2021-11-19,30.0,19.0,21.0,32.0,14.0,6.0,18.703,0.115452,0.170854,1.02111226,1.191966
2021-11-20,0.0,35.0,4.0,64.0,52.0,82.0,44.2374,7.657623,11.332219,1.02111226,12.353331
2021-11-21,0.0,0.0,0.0,70.0,10.0,46.0,22.7261,0.58876,0.871284,1.02111226,1.892396
2021-11-22,14.0,2.0,16.0,0.0,1.0,0.0,4.6067,0.0,0.0,1.02111226,1.021112
2021-11-23,3.0,22.0,3.0,12.0,38.0,25.0,19.1659,0.152118,0.225113,1.02111226,1.246225
2021-11-24,11.0,16.0,5.0,20.0,13.0,15.0,13.4823,0.0,0.0,1.02111226,1.021112
2021-11-25,30.0,19.0,24.0,5.0,11.0,39.0,21.4767,0.405387,0.599917,1.02111226,1.621029
2021-11-26,19.0,20.0,50.0,11.0,0.0,26.0,20.7913,0.31837,0.471143,1.02111226,1.492255
2021-11-27,75.0,10.0,24.0,6.0,13.0,18.0,20.6484,0.301462,0.446122,1.02111226,1.467234
2021-11-28,0.0,0.0,0.0,5.0,2.0,23.0,6.1021,0.0,0.0,1.02111226,1.021112
2021-11-29,0.0,1.0,7.0,0.0,3.0,0.0,1.9169,0.0,0.0,1.02111226,1.021112
2021-11-30,9.0,70.0,1.0,0.0,0.0,10.0,14.7423,0.0,0.0,1.02111226,1.021112
2021-12-01,3.0,14.0,1.0,7.0,0.0,0.0,3.864,0.0,0.0,1.02111226,1.021112
2021-12-02,23.0,10.0,16.0,27.0,4.0,6.0,12.9225,0.0,0.0,1.02111226,1.021112
2021-12-03,2.0,3.0,4.0,5.0,5.0,2.0,3.556,0.0,0.0,1.02111226,1.021112
2021-12-04,10.0,4.0,31.0,2.0,1.0,8.0,9.035,0.0,0.0,1.02111226,1.021112
2021-12-05,74.0,23.0,107.0,5.0,6.0,4.0,31.8827,2.793511,4.134009,1.02111226,5.155121
2021-12-06,22.0,11.0,29.0,20.0,18.0,69.0,30.3179,2.319632,3.432734,1.02111226,4.453846
2021-12-07,6.0,28.0,2.0,8.0,3.0,19.0,11.4596,0.0,0.0,1.02111226,1.021112
2021-12-08,1.0,0.0,0.0,37.0,15.0,26.0,14.3982,0.0,0.0,1.02111226,1.021112
2021-12-09,4.0,7.0,6.0,0.0,1.0,0.0,2.7514,0.0,0.0,1.02111226,1.021112
2021-12-10,4.0,2.0,2.0,1.0,8.0,41.0,11.5933,0.0,0.0,1.02111226,1.021112
2021-12-11,3.0,11.0,1.0,1.0,1.0,0.0,2.635,0.0,0.0,1.02111226,1.021112
2021-12-12,16.0,1.0,9.0,11.0,1.0,8.0,6.9135,0.0,0.0,1.02111226,1.021112
2021-12-13,0.0,0.0,0.0,0.0,2.0,4.0,1.2529,0.0,0.0,1.02111226,1.021112
2021-12-14,1.0,2.0,8.0,0.0,0.0,0.0,1.7554,0.0,0.0,1.02111226,1.021112
2021-12-15,13.0,6.0,25.0,3.0,1.0,4.0,7.976,0.0,0.0,1.02111226,1.021112
2021-12-16,11.0,16.0,23.0,1.0,0.0,0.0,7.7191,0.0,0.0,1.02111226,1.021112
2021-12-17,56.0,28.0,113.0,47.0,47.0,11.0,48.0058,9.474443,14.02086,1.02111226,15.041972
2021-12-18,2.0,9.0,1.0,29.0,23.0,20.0,15.1992,0.0,0.0,1.02111226,1.021112
2021-12-19,10.0,32.0,20.0,26.0,1.0,35.0,21.3391,0.387136,0.572908,1.02111226,1.59402
2021-12-20,4.0,35.0,4.0,74.0,49.0,59.0,40.6799,6.07323,8.987537,1.02111226,10.008649
2021-12-21,0.0,1.0,0.0,21.0,18.0,6.0,8.2793,0.0,0.0,1.02111226,1.021112
2021-12-22,0.0,0.0,0.0,6.0,0.0,0.0,0.9334,0.0,0.0,1.02111226,1.021112
2021-12-23,11.0,86.0,44.0,0.0,0.0,0.0,22.5535,0.561571,0.831048,1.02111226,1.85216
2021-12-24,0.0,1.0,0.0,8.0,31.0,12.0,10.1152,0.0,0.0,1.02111226,1.021112
2021-12-25,0.0,23.0,0.0,6.0,1.0,0.0,4.9145,0.0,0.0,1.02111226,1.021112
2021-12-26,5.0,0.0,6.0,0.0,0.0,9.0,3.4329,0.0,0.0,1.02111226,1.021112
2021-12-27,0.0,0.0,2.0,0.0,1.0,2.0,0.9575,0.0,0.0,1.02111226,1.021112
2021-12-28,7.0,3.0,22.0,0.0,0.0,0.0,4.8508,0.0,0.0,1.02111226,1.021112
2021-12-29,8.0,8.0,8.0,19.0,5.0,3.0,8.0462,0.0,0.0,1.02111226,1.021112
2021-12-30,6.0,1.0,10.0,1.0,2.0,0.0,2.9846,0.0,0.0,1.02111226,1.021112
2021-12-31,6.0,3.0,12.0,0.0,1.0,12.0,5.8625,0.0,0.0,1.02111226,1.021112
2022-01-01,6.0,11.0,1.0,2.0,13.0,9.0,7.4006,0.0,0.0,1.02111226,1.021112
2022-01-02,9.0,5.0,7.0,4.0,7.0,11.0,7.2659,0.0,0.0,1.02111226,1.021112
2022-01-03,2.0,0.0,3.0,0.0,2.0,1.0,1.3111,0.0,0.0,1.02111226,1.021112
2022-01-04,0.0,0.0,0.0,0.0,1.0,3.0,0.8407,0.0,0.0,1.02111226,1.021112
2022-01-05,0.0,0.0,0.0,0.0,0.0,0.0,0.0,0.0,0.0,1.02111226,1.021112
2022-01-06,0.0,0.0,0.0,0.0,0.0,0.0,0.0,0.0,0.0,1.02111226,1.021112
2022-01-07,0.0,0.0,0.0,0.0,0.0,0.0,0.0,0.0,0.0,1.02111226,1.021112
2022-01-08,7.0,7.0,8.0,0.0,0.0,0.0,3.1913,0.0,0.0,1.02111226,1.021112
2022-01-09,26.0,60.0,30.0,5.0,0.0,0.0,18.2709,0.085635,0.126727,1.02111226,1.14784
2022-01-10,0.0,5.0,1.0,30.0,7.0,10.0,9.1832,0.0,0.0,1.02111226,1.021112
2022-01-11,20.0,37.0,29.0,40.0,1.0,0.0,19.3518,0.168205,0.24892,1.02111226,1.270033
2022-01-12,9.0,12.0,13.0,14.0,15.0,6.0,11.478,0.0,0.0,1.02111226,1.021112
2022-01-13,4.0,3.0,3.0,13.0,18.0,10.0,9.1264,0.0,0.0,1.02111226,1.021112
2022-01-14,0.0,2.0,0.0,17.0,3.5,4.0,4.5235,0.0,0.0,1.02111226,1.021112
2022-01-15,0.0,4.0,0.0,0.0,0.0,0.0,0.6579,0.0,0.0,1.02111226,1.021112
2022-01-16,0.0,8.0,0.0,8.0,6.0,2.0,4.1764,0.0,0.0,1.02111226,1.021112
2022-01-17,21.0,14.0,25.0,3.0,0.0,0.0,9.0547,0.0,0.0,1.02111226,1.021112
2022-01-18,12.0,2.0,5.0,16.0,8.0,4.0,7.3129,0.0,0.0,1.02111226,1.021112
2022-01-19,68.0,25.0,101.0,19.0,2.0,29.0,37.3486,4.716955,6.980438,1.02111226,8.00155
2022-01-20,30.0,30.0,18.0,53.0,28.0,12.0,27.339,1.52245,2.253015,1.02111226,3.274127
2022-01-21,0.0,2.0,0.0,39.0,37.0,11.0,16.0755,0.002413,0.003571,1.02111226,1.024683
2022-01-22,0.0,5.0,0.0,0.0,1.0,0.0,1.0203,0.0,0.0,1.02111226,1.021112
2022-01-23,2.0,5.0,5.0,8.0,11.0,7.0,6.7759,0.0,0.0,1.02111226,1.021112
2022-01-24,0.0,0.0,0.0,0.0,2.0,0.0,0.3958,0.0,0.0,1.02111226,1.021112
2022-01-25,6.0,4.0,16.0,0.0,0.0,0.0,3.9198,0.0,0.0,1.02111226,1.021112
2022-01-26,8.0,27.0,5.0,2.0,5.0,6.0,8.6729,0.0,0.0,1.02111226,1.021112
2022-01-27,4.0,5.0,5.0,30.0,15.0,0.0,9.6946,0.0,0.0,1.02111226,1.021112
2022-01-28,0.0,2.0,0.0,0.0,9.0,32.0,8.967,0.0,0.0,1.02111226,1.021112
2022-01-29,3.0,1.0,13.0,0.0,1.0,15.0,6.0352,0.0,0.0,1.02111226,1.021112
2022-01-30,2.0,0.0,2.0,4.0,1.0,2.0,1.7843,0.0,0.0,1.02111226,1.021112
2022-01-31,0.0,22.0,1.0,0.0,1.0,0.0,3.9821,0.0,0.0,1.02111226,1.021112
2022-02-01,6.0,15.0,0.0,16.0,6.0,0.0,6.7572,0.0,0.0,1.02111226,1.021112
2022-02-02,2.0,3.0,0.0,2.0,5.0,16.0,5.4271,0.0,0.0,1.02111226,1.021112
2022-02-03,39.0,35.0,38.0,16.0,15.0,21.0,25.9918,1.210144,1.790845,1.02111226,2.811957
2022-02-04,13.0,12.0,23.0,23.0,32.0,36.0,24.735,0.947597,1.402312,1.02111226,2.423424
2022-02-05,16.0,6.0,16.0,16.0,9.0,0.0,9.5414,0.0,0.0,1.02111226,1.021112
2022-02-06,75.0,39.0,4.0,21.0,4.0,18.0,22.6603,0.578331,0.85585,1.02111226,1.876962
2022-02-07,0.0,0.0,0.0,50.0,17.0,12.0,13.7143,0.0,0.0,1.02111226,1.021112
2022-02-08,1.0,2.0,1.0,2.0,0.0,0.0,0.9079,0.0,0.0,1.02111226,1.021112
2022-02-09,0.0,26.0,3.0,1.0,2.0,2.0,5.7531,0.0,0.0,1.02111226,1.021112
2022-02-10,48.0,2.0,97.0,16.0,1.0,15.0,27.1941,1.487368,2.201097,1.02111226,3.22221
2022-02-11,0.0,1.0,0.0,6.0,24.0,17.0,9.4902,0.0,0.0,1.02111226,1.021112
2022-02-12,2.0,32.0,5.0,2.0,1.0,0.0,6.8046,0.0,0.0,1.02111226,1.021112
2022-02-13,38.0,69.0,41.0,15.0,10.0,6.0,27.6193,1.591328,2.354945,1.02111226,3.376057
2022-02-14,65.0,30.0,91.0,105.0,23.0,53.0,58.8869,15.400126,22.790047,1.02111226,23.81116
2022-02-15,32.0,4.0,14.0,16.0,16.0,23.0,16.8309,0.017864,0.026437,1.02111226,1.047549
2022-02-16,1.0,19.0,1.0,10.0,13.0,12.0,10.0927,0.0,0.0,1.02111226,1.021112
2022-02-17,8.0,11.0,2.0,1.0,2.0,7.0,5.0096,0.0,0.0,1.02111226,1.021112
2022-02-18,0.0,0.0,0.0,1.0,5.0,23.0,6.0735,0.0,0.0,1.02111226,1.021112
2022-02-19,10.0,1.0,13.0,1.0,0.0,0.0,3.4943,0.0,0.0,1.02111226,1.021112
2022-02-20,0.0,0.0,0.0,13.0,20.0,0.0,5.9804,0.0,0.0,1.02111226,1.021112
2022-02-21,6.0,1.0,10.0,0.0,1.0,0.0,2.6311,0.0,0.0,1.02111226,1.021112
2022-02-22,10.0,8.0,10.0,14.0,21.0,27.0,16.113,0.002844,0.004208,1.02111226,1.025321
2022-02-23,2.0,0.0,8.0,20.0,10.0,10.0,8.762,0.0,0.0,1.02111226,1.021112
2022-02-24,8.0,0.0,3.0,0.0,1.0,6.0,2.7981,0.0,0.0,1.02111226,1.021112
2022-02-25,8.0,6.0,5.0,10.0,8.0,8.0,7.4856,0.0,0.0,1.02111226,1.021112
2022-02-26,4.0,6.0,4.0,3.0,6.0,0.0,3.7121,0.0,0.0,1.02111226,1.021112
2022-02-27,3.0,10.0,1.0,6.0,1.0,0.0,3.2484,0.0,0.0,1.02111226,1.021112
2022-02-28,10.0,1.0,13.0,9.0,37.0,14.0,15.0609,0.0,0.0,1.02111226,1.021112
2022-03-01,2.0,0.0,2.0,0.0,1.0,6.0,2.0191,0.0,0.0,1.02111226,1.021112
2022-03-02,7.0,3.0,14.0,0.0,0.0,0.0,3.5265,0.0,0.0,1.02111226,1.021112
2022-03-03,2.0,1.0,5.0,4.0,6.0,15.0,6.2205,0.0,0.0,1.02111226,1.021112
2022-03-04,2.0,4.0,0.0,0.0,2.0,0.0,1.2582,0.0,0.0,1.02111226,1.021112
2022-03-05,2.0,23.0,2.0,11.0,0.0,0.0,6.03,0.0,0.0,1.02111226,1.021112
2022-03-06,18.0,13.0,27.0,0.0,0.0,2.0,8.8764,0.0,0.0,1.02111226,1.021112
2022-03-07,2.0,9.0,4.0,11.0,30.0,8.0,11.7093,0.0,0.0,1.02111226,1.021112
2022-03-08,2.0,0.0,4.0,21.0,2.0,0.0,4.5294,0.0,0.0,1.02111226,1.021112
2022-03-09,9.0,27.0,5.0,1.0,1.0,10.0,8.6851,0.0,0.0,1.02111226,1.021112
2022-03-10,0.0,4.0,0.0,20.0,6.0,3.0,5.5996,0.0,0.0,1.02111226,1.021112
2022-03-11,1.0,9.0,2.0,8.0,1.0,2.0,3.7847,0.0,0.0,1.02111226,1.021112
2022-03-12,0.0,12.0,6.0,13.0,16.0,38.0,16.2985,0.005499,0.008137,1.02111226,1.02925
2022-03-13,1.0,41.0,1.0,67.0,41.0,16.0,28.9772,1.943281,2.875786,1.02111226,3.896899
2022-03-14,14.0,5.0,31.0,7.0,21.0,1.0,12.8443,0.0,0.0,1.02111226,1.021112
2022-03-15,42.0,11.0,52.0,0.0,5.0,14.0,18.7002,0.11525,0.170553,1.02111226,1.191666
2022-03-16,3.0,9.0,10.0,27.0,34.0,25.0,19.7283,0.203123,0.300594,1.02111226,1.321706
2022-03-17,6.0,12.0,11.0,16.0,16.0,6.0,11.3492,0.0,0.0,1.02111226,1.021112
2022-03-18,0.0,0.0,1.0,25.0,0.0,0.0,4.0549,0.0,0.0,1.02111226,1.021112
2022-03-19,23.0,10.0,13.0,0.0,0.0,0.0,6.1481,0.0,0.0,1.02111226,1.021112
2022-03-20,15.0,25.0,14.0,1.0,2.0,26.0,14.0857,0.0,0.0,1.02111226,1.021112
2022-03-21,1.0,17.0,5.0,18.0,10.0,4.0,9.3625,0.0,0.0,1.02111226,1.021112
2022-03-22,0.0,0.0,0.0,14.0,13.0,7.0,6.2506,0.0,0.0,1.02111226,1.021112
2022-03-23,57.0,9.0,20.0,0.0,1.0,0.0,10.8163,0.0,0.0,1.02111226,1.021112
2022-03-24,4.0,15.0,4.0,3.0,39.0,57.0,23.937,0.795875,1.177784,1.02111226,2.198896
2022-03-25,0.0,0.0,0.0,25.0,102.0,31.0,30.7173,2.437111,3.606585,1.02111226,4.627697
2022-03-26,7.0,15.0,2.0,0.0,9.0,0.0,5.295,0.0,0.0,1.02111226,1.021112
2022-03-27,15.0,9.0,5.0,22.0,27.0,19.0,16.6787,0.013616,0.02015,1.02111226,1.041262
2022-03-28,7.0,19.0,1.0,3.0,1.0,0.0,4.671,0.0,0.0,1.02111226,1.021112
2022-03-29,0.0,5.0,0.0,45.0,13.5,6.0,11.7805,0.0,0.0,1.02111226,1.021112
2022-03-30,6.0,0.0,14.0,5.0,25.0,0.0,8.6561,0.0,0.0,1.02111226,1.021112
2022-03-31,0.0,0.0,0.0,53.0,1.0,0.0,8.4433,0.0,0.0,1.02111226,1.021112
2022-04-01,0.0,3.0,1.0,18.0,0.0,0.0,3.4593,0.0,0.0,1.02111226,1.021112
2022-04-02,0.0,39.0,0.0,33.0,0.0,14.0,14.5487,0.0,0.0,1.02111226,1.021112
2022-04-03,52.0,8.0,4.0,23.0,9.0,0.0,12.6535,0.0,0.0,1.02111226,1.021112
2022-04-04,20.0,10.0,4.0,18.0,18.0,0.0,10.7141,0.0,0.0,1.02111226,1.021112
2022-04-05,0.0,21.0,0.0,6.0,18.0,19.0,12.0211,0.0,0.0,1.02111226,1.021112
2022-04-06,8.0,7.0,8.0,0.0,0.0,0.0,3.2935,0.0,0.0,1.02111226,1.021112
2022-04-07,12.0,4.0,2.0,2.0,1.0,26.0,8.2962,0.0,0.0,1.02111226,1.021112
2022-04-08,0.0,14.0,0.0,0.0,0.0,16.0,5.7313,0.0,0.0,1.02111226,1.021112
2022-04-09,1.0,0.0,43.0,0.0,0.0,1.0,7.4343,0.0,0.0,1.02111226,1.021112
2022-04-10,8.0,16.0,0.0,0.0,0.0,0.0,3.4496,0.0,0.0,1.02111226,1.021112
2022-04-11,0.0,19.0,0.0,7.0,43.0,0.0,12.7237,0.0,0.0,1.02111226,1.021112
2022-04-12,0.0,5.0,0.0,31.0,14.0,0.0,8.4157,0.0,0.0,1.02111226,1.021112
2022-04-13,0.0,12.0,0.0,0.0,3.0,0.0,2.5675,0.0,0.0,1.02111226,1.021112
2022-04-14,0.0,35.0,0.0,15.0,0.0,0.0,8.0905,0.0,0.0,1.02111226,1.021112
2022-04-15,0.0,1.0,0.0,0.0,0.1,3.0,0.8271,0.0,0.0,1.02111226,1.021112
2022-04-16,0.0,22.0,0.0,1.0,0.0,0.0,3.7742,0.0,0.0,1.02111226,1.021112
2022-04-17,0.0,4.0,3.0,5.0,2.0,0.0,2.3282,0.0,0.0,1.02111226,1.021112
2022-04-18,0.0,52.0,6.0,2.0,8.0,0.0,11.4406,0.0,0.0,1.02111226,1.021112
2022-04-19,1.0,13.0,7.0,30.0,3.0,6.0,9.9458,0.0,0.0,1.02111226,1.021112
2022-04-20,25.0,13.0,4.0,61.0,19.0,10.0,20.7491,0.313332,0.463687,1.02111226,1.4848
2022-04-21,23.0,11.0,7.0,27.0,8.0,4.0,11.9602,0.0,0.0,1.02111226,1.021112
2022-04-22,0.0,0.0,0.0,17.0,4.0,2.0,3.8649,0.0,0.0,1.02111226,1.021112
2022-04-23,4.0,4.0,0.0,0.0,0.0,0.0,1.0669,0.0,0.0,1.02111226,1.021112
2022-04-24,1.0,10.0,4.0,22.0,14.5,0.0,8.7013,0.0,0.0,1.02111226,1.021112
2022-04-25,0.0,9.0,0.0,2.0,23.0,27.0,12.1287,0.0,0.0,1.02111226,1.021112
2022-04-26,2.0,0.0,20.0,2.0,0.0,0.0,3.8262,0.0,0.0,1.02111226,1.021112
2022-04-27,0.0,0.0,1.0,4.0,11.0,8.0,4.6789,0.0,0.0,1.02111226,1.021112
2022-04-28,0.0,2.0,0.0,1.0,0.0,0.0,0.4845,0.0,0.0,1.02111226,1.021112
2022-04-29,1.0,29.0,3.0,3.0,6.0,0.0,7.0229,0.0,0.0,1.02111226,1.021112
2022-04-30,0.0,0.0,0.0,35.0,2.0,1.0,6.0552,0.0,0.0,1.02111226,1.021112
2022-05-01,0.0,12.0,4.0,0.0,0.0,0.0,2.6359,0.0,0.0,1.02111226,1.021112
2022-05-02,1.0,0.0,0.0,0.0,4.0,4.0,1.7509,0.0,0.0,1.02111226,1.021112
2022-05-03,7.0,31.0,8.0,0.0,2.0,0.0,7.5347,0.0,0.0,1.02111226,1.021112
2022-05-04,3.0,1.0,16.0,24.0,3.0,0.0,7.4471,0.0,0.0,1.02111226,1.021112
2022-05-05,0.0,20.0,0.0,6.0,9.0,21.0,10.5041,0.0,0.0,1.02111226,1.021112
2022-05-06,0.0,39.0,0.0,0.0,0.0,0.0,6.4149,0.0,0.0,1.02111226,1.021112
2022-05-07,0.0,35.0,0.0,0.0,0.0,10.0,7.8997,0.0,0.0,1.02111226,1.021112
2022-05-08,14.0,8.0,4.0,1.0,1.0,1.0,3.977,0.0,0.0,1.02111226,1.021112
2022-05-09,0.0,0.0,0.0,14.0,1.0,0.0,2.3759,0.0,0.0,1.02111226,1.021112
2022-05-10,0.0,6.0,0.0,0.0,2.0,0.0,1.3827,0.0,0.0,1.02111226,1.021112
2022-05-11,18.0,2.0,3.0,6.0,16.0,0.0,6.7656,0.0,0.0,1.02111226,1.021112
2022-05-12,0.0,23.0,0.0,5.0,2.0,0.0,4.9568,0.0,0.0,1.02111226,1.021112
2022-05-13,9.0,1.0,31.0,1.0,4.0,1.0,7.3775,0.0,0.0,1.02111226,1.021112
2022-05-14,0.0,1.0,0.0,6.0,11.0,9.0,5.2033,0.0,0.0,1.02111226,1.021112
2022-05-15,0.0,0.0,4.0,17.0,1.0,0.0,3.5048,0.0,0.0,1.02111226,1.021112
2022-05-16,0.0,0.0,0.0,0.0,0.0,0.0,0.0,0.0,0.0,1.02111226,1.021112
2022-05-17,0.0,0.0,0.0,0.0,0.0,0.0,0.0,0.0,0.0,1.02111226,1.021112
2022-05-18,0.0,1.0,6.0,0.0,1.0,0.0,1.3556,0.0,0.0,1.02111226,1.021112
2022-05-19,32.0,5.0,63.0,0.0,13.0,4.0,17.9522,0.066402,0.098266,1.02111226,1.119378
2022-05-20,1.0,0.0,0.0,6.0,32.0,96.0,27.9394,1.671564,2.473682,1.02111226,3.494795
2022-05-21,2.0,0.0,8.0,1.0,1.0,4.0,2.7393,0.0,0.0,1.02111226,1.021112
2022-05-22,18.0,0.0,14.0,0.0,0.0,24.0,9.3004,0.0,0.0,1.02111226,1.021112
2022-05-23,4.0,0.0,0.0,0.0,0.0,8.0,2.1232,0.0,0.0,1.02111226,1.021112
2022-05-24,0.0,0.0,0.0,0.0,0.0,10.0,2.1428,0.0,0.0,1.02111226,1.021112
2022-05-25,3.0,2.0,16.0,0.0,0.0,0.0,3.2842,0.0,0.0,1.02111226,1.021112
2022-05-26,32.0,5.0,57.0,2.0,2.0,45.0,23.8788,0.785283,1.16211,1.02111226,2.183222
2022-05-27,0.0,0.0,0.0,0.0,5.0,18.0,4.8465,0.0,0.0,1.02111226,1.021112
2022-05-28,0.0,0.0,0.0,0.0,1.0,0.0,0.1979,0.0,0.0,1.02111226,1.021112
2022-05-29,0.0,0.0,0.0,0.0,6.0,0.0,1.1874,0.0,0.0,1.02111226,1.021112
2022-05-30,0.0,0.0,0.0,0.0,0.0,0.0,0.0,0.0,0.0,1.02111226,1.021112
2022-05-31,18.0,21.0,42.0,0.0,0.0,0.0,12.2467,0.0,0.0,1.02111226,1.021112
2022-06-01,0.0,0.0,0.0,37.0,21.0,16.0,13.3405,0.0,0.0,1.02111226,1.021112
2022-06-02,0.0,0.0,0.0,0.0,1.0,0.0,0.1979,0.0,0.0,1.02111226,1.021112
2022-06-03,0.0,0.0,0.0,0.0,0.0,0.0,0.0,0.0,0.0,1.02111226,1.021112
2022-06-04,0.0,17.0,0.0,0.0,0.0,0.0,2.7962,0.0,0.0,1.02111226,1.021112
2022-06-05,1.0,12.0,2.0,16.0,2.0,2.0,5.7206,0.0,0.0,1.02111226,1.021112
2022-06-06,13.0,1.0,18.0,24.0,4.0,9.0,10.927,0.0,0.0,1.02111226,1.021112
2022-06-07,0.0,0.0,0.0,0.0,6.0,8.0,2.9016,0.0,0.0,1.02111226,1.021112
2022-06-08,18.0,3.0,36.0,0.0,0.0,0.0,8.2928,0.0,0.0,1.02111226,1.021112
2022-06-09,0.0,0.0,1.0,0.0,0.0,1.0,0.3798,0.0,0.0,1.02111226,1.021112
2022-06-10,0.0,13.0,1.0,0.0,0.0,0.0,2.3038,0.0,0.0,1.02111226,1.021112
2022-06-11,6.0,7.0,7.0,13.0,0.0,0.0,4.946,0.0,0.0,1.02111226,1.021112
2022-06-12,3.0,4.0,2.0,3.0,3.0,9.0,4.2846,0.0,0.0,1.02111226,1.021112
2022-06-13,20.0,67.0,27.0,4.0,16.0,2.0,21.7516,0.443025,0.655615,1.02111226,1.676728
2022-06-14,0.0,0.0,23.0,6.0,16.0,48.0,18.1925,0.080684,0.119401,1.02111226,1.140513
2022-06-15,1.0,0.0,2.0,0.0,31.0,23.0,11.4965,0.0,0.0,1.02111226,1.021112
2022-06-16,2.0,36.0,2.0,0.0,0.0,13.0,9.2426,0.0,0.0,1.02111226,1.021112
2022-06-17,1.0,14.0,2.0,66.0,17.0,4.0,17.2253,0.031499,0.046615,1.02111226,1.067727
2022-06-18,0.0,0.0,0.0,2.0,1.0,4.0,1.3662,0.0,0.0,1.02111226,1.021112
2022-06-19,12.0,6.0,17.0,0.0,0.0,0.0,5.0277,0.0,0.0,1.02111226,1.021112
2022-06-20,0.0,5.0,2.0,17.0,0.0,25.0,9.1553,0.0,0.0,1.02111226,1.021112
2022-06-21,0.0,0.0,0.0,0.0,0.0,4.0,0.8571,0.0,0.0,1.02111226,1.021112
2022-06-22,0.0,0.0,4.0,0.0,0.0,1.0,0.8764,0.0,0.0,1.02111226,1.021112
2022-06-23,1.0,7.0,6.0,0.0,0.0,1.0,2.4611,0.0,0.0,1.02111226,1.021112
2022-06-24,5.0,4.0,11.0,2.0,0.0,1.0,3.5154,0.0,0.0,1.02111226,1.021112
2022-06-25,22.0,0.0,32.0,8.0,0.0,7.0,10.2907,0.0,0.0,1.02111226,1.021112
2022-06-26,16.0,15.0,33.0,0.0,0.0,5.0,10.6369,0.0,0.0,1.02111226,1.021112
2022-06-27,2.0,0.0,6.0,0.0,0.0,12.0,3.769,0.0,0.0,1.02111226,1.021112
2022-06-28,0.0,0.0,0.0,0.0,0.0,0.0,0.0,0.0,0.0,1.02111226,1.021112
2022-06-29,0.0,0.0,0.0,0.0,0.0,0.0,0.0,0.0,0.0,1.02111226,1.021112
2022-06-30,0.0,0.0,0.0,0.0,0.0,0.0,0.0,0.0,0.0,1.02111226,1.021112
2022-07-01,0.0,0.0,3.0,0.0,0.0,0.0,0.4966,0.0,0.0,1.02111226,1.021112
2022-07-02,4.0,0.0,7.0,0.0,0.0,0.0,1.5677,0.0,0.0,1.02111226,1.021112
2022-07-03,0.0,0.0,0.0,0.0,0.0,0.0,0.0,0.0,0.0,1.02111226,1.021112
2022-07-04,0.0,0.0,0.0,0.0,1.0,0.0,0.1979,0.0,0.0,1.02111226,1.021112
2022-07-05,0.0,0.0,0.0,0.0,0.0,0.0,0.0,0.0,0.0,1.02111226,1.021112
2022-07-06,0.0,0.0,0.0,0.0,0.0,1.0,0.2143,0.0,0.0,1.02111226,1.021112
2022-07-07,0.0,0.0,2.0,0.0,0.0,3.0,0.9739,0.0,0.0,1.02111226,1.021112
2022-07-08,0.0,0.0,1.0,0.0,0.0,1.0,0.3798,0.0,0.0,1.02111226,1.021112
2022-07-09,0.0,0.0,0.0,1.0,1.0,2.0,0.782,0.0,0.0,1.02111226,1.021112
2022-07-10,0.0,0.0,0.0,0.0,0.0,0.0,0.0,0.0,0.0,1.02111226,1.021112
2022-07-11,0.0,0.0,0.0,0.0,0.0,0.0,0.0,0.0,0.0,1.02111226,1.021112
2022-07-12,0.0,0.0,0.0,0.0,0.0,0.0,0.0,0.0,0.0,1.02111226,1.021112
2022-07-13,4.0,7.0,8.0,0.0,0.0,0.0,2.8846,0.0,0.0,1.02111226,1.021112
2022-07-14,20.0,0.0,24.0,4.0,11.2,12.0,11.4275,0.0,0.0,1.02111226,1.021112
2022-07-15,1.0,0.0,0.0,0.0,0.0,10.0,2.2451,0.0,0.0,1.02111226,1.021112
2022-07-16,0.0,0.0,0.0,0.0,0.0,0.0,0.0,0.0,0.0,1.02111226,1.021112
2022-07-17,0.0,0.0,0.0,0.0,0.0,0.0,0.0,0.0,0.0,1.02111226,1.021112
2022-07-18,0.0,0.0,0.0,0.0,0.0,0.0,0.0,0.0,0.0,1.02111226,1.021112
2022-07-19,0.0,0.0,0.0,0.0,0.0,0.0,0.0,0.0,0.0,1.02111226,1.021112
2022-07-20,0.0,0.0,0.0,0.0,0.0,0.0,0.0,0.0,0.0,1.02111226,1.021112
2022-07-21,0.0,0.0,0.0,0.0,0.0,0.0,0.0,0.0,0.0,1.02111226,1.021112
2022-07-22,0.0,0.0,0.0,0.0,0.0,1.0,0.2143,0.0,0.0,1.02111226,1.021112
2022-07-23,13.0,2.0,28.0,0.0,0.0,0.0,6.2929,0.0,0.0,1.02111226,1.021112
2022-07-24,0.0,0.0,0.0,0.0,0.0,12.0,2.5714,0.0,0.0,1.02111226,1.021112
2022-07-25,0.0,0.0,0.0,0.0,0.0,0.0,0.0,0.0,0.0,1.02111226,1.021112
2022-07-26,0.0,0.0,0.0,0.0,0.0,0.0,0.0,0.0,0.0,1.02111226,1.021112
2022-07-27,0.0,0.0,0.0,0.0,0.0,0.0,0.0,0.0,0.0,1.02111226,1.021112
2022-07-28,0.0,0.0,0.0,0.0,0.0,0.0,0.0,0.0,0.0,1.02111226,1.021112
2022-07-29,0.0,0.0,0.0,0.0,0.0,0.0,0.0,0.0,0.0,1.02111226,1.021112
2022-07-30,0.0,0.0,0.0,0.0,0.0,0.0,0.0,0.0,0.0,1.02111226,1.021112
2022-07-31,0.0,0.0,0.0,0.0,0.0,0.0,0.0,0.0,0.0,1.02111226,1.021112
2022-08-01,0.0,0.0,0.0,0.0,0.0,0.0,0.0,0.0,0.0,1.02111226,1.021112
2022-08-02,0.0,0.0,0.0,0.0,0.0,0.0,0.0,0.0,0.0,1.02111226,1.021112
2022-08-03,0.0,0.0,0.0,0.0,0.0,0.0,0.0,0.0,0.0,1.02111226,1.021112
2022-08-04,0.0,0.0,0.0,0.0,0.0,0.0,0.0,0.0,0.0,1.02111226,1.021112
2022-08-05,0.0,0.0,0.0,0.0,0.0,0.0,0.0,0.0,0.0,1.02111226,1.021112
2022-08-06,11.0,22.0,18.0,0.0,0.0,0.0,7.7228,0.0,0.0,1.02111226,1.021112
2022-08-07,2.0,1.0,4.0,7.0,8.0,59.0,16.3459,0.006315,0.009346,1.02111226,1.030458
2022-08-08,1.0,1.0,5.0,0.0,0.0,3.0,1.7372,0.0,0.0,1.02111226,1.021112
2022-08-09,5.0,0.0,16.0,0.0,1.0,7.0,4.8575,0.0,0.0,1.02111226,1.021112
2022-08-10,15.0,5.0,18.0,0.0,0.0,4.0,6.1926,0.0,0.0,1.02111226,1.021112
2022-08-11,68.0,0.0,158.0,3.0,1.0,0.0,33.7705,3.412383,5.049852,1.02111226,6.070964
2022-08-12,0.0,1.0,0.0,3.0,1.0,7.0,2.3291,0.0,0.0,1.02111226,1.021112
2022-08-13,0.0,23.0,0.0,59.0,16.0,0.0,16.1283,0.00303,0.004485,1.02111226,1.025597
2022-08-14,0.0,22.0,0.0,4.0,14.0,0.0,7.0115,0.0,0.0,1.02111226,1.021112
2022-08-15,0.0,8.0,0.0,74.0,28.0,0.0,18.3694,0.092052,0.136224,1.02111226,1.157336
2022-08-16,0.0,0.0,0.0,13.0,1.0,1.0,2.4346,0.0,0.0,1.02111226,1.021112
2022-08-17,6.0,0.0,8.0,0.0,0.0,0.0,1.9377,0.0,0.0,1.02111226,1.021112
2022-08-18,1.0,0.0,7.0,0.0,0.0,0.0,1.261,0.0,0.0,1.02111226,1.021112
2022-08-19,0.0,0.0,10.0,0.0,0.0,0.0,1.6553,0.0,0.0,1.02111226,1.021112
2022-08-20,0.0,0.0,0.0,0.0,0.0,0.0,0.0,0.0,0.0,1.02111226,1.021112
2022-08-21,0.0,0.0,0.0,0.0,0.0,0.0,0.0,0.0,0.0,1.02111226,1.021112
2022-08-22,0.0,0.0,0.0,0.0,0.0,0.0,0.0,0.0,0.0,1.02111226,1.021112
2022-08-23,0.0,0.0,0.0,0.0,0.0,0.0,0.0,0.0,0.0,1.02111226,1.021112
2022-08-24,0.0,0.0,1.0,0.0,0.0,0.0,0.1655,0.0,0.0,1.02111226,1.021112
2022-08-25,0.0,0.0,0.0,0.0,0.0,0.0,0.0,0.0,0.0,1.02111226,1.021112
2022-08-26,0.0,0.0,0.0,0.0,0.0,0.0,0.0,0.0,0.0,1.02111226,1.021112
2022-08-27,1.0,0.0,2.0,0.0,0.0,0.0,0.4333,0.0,0.0,1.02111226,1.021112
2022-08-28,1.0,0.0,2.0,0.0,0.0,0.0,0.4333,0.0,0.0,1.02111226,1.021112
2022-08-29,2.0,3.0,2.0,0.0,0.0,0.0,1.029,0.0,0.0,1.02111226,1.021112
2022-08-30,0.0,0.0,2.0,0.0,0.0,40.0,8.9023,0.0,0.0,1.02111226,1.021112
2022-08-31,0.0,0.0,2.0,0.0,0.0,2.0,0.7596,0.0,0.0,1.02111226,1.021112
2022-09-01,0.0,0.0,0.0,0.0,0.0,0.0,0.0,0.0,0.0,1.02111226,1.021112
2022-09-02,0.0,0.0,0.0,0.0,0.0,0.0,0.0,0.0,0.0,1.02111226,1.021112
2022-09-03,0.0,0.0,0.0,0.0,0.0,0.0,0.0,0.0,0.0,1.02111226,1.021112
2022-09-04,0.0,0.0,0.0,0.0,0.0,0.0,0.0,0.0,0.0,1.02111226,1.021112
2022-09-05,0.0,0.0,0.0,0.0,0.0,0.0,0.0,0.0,0.0,1.02111226,1.021112
2022-09-06,0.0,0.0,0.0,0.0,0.0,0.0,0.0,0.0,0.0,1.02111226,1.021112
2022-09-07,0.0,0.0,0.0,0.0,0.0,0.0,0.0,0.0,0.0,1.02111226,1.021112
2022-09-08,27.0,30.0,11.0,0.0,0.0,0.0,9.5157,0.0,0.0,1.02111226,1.021112
2022-09-09,2.0,16.0,4.0,3.0,34.0,15.0,13.9077,0.0,0.0,1.02111226,1.021112
2022-09-10,115.0,29.0,128.0,2.0,11.0,1.0,40.4173,5.961675,8.822451,1.02111226,9.843564
2022-09-11,20.0,2.0,23.0,6.0,34.0,91.0,33.3424,3.26766,4.835683,1.02111226,5.856795
2022-09-12,0.0,0.0,4.0,4.0,17.0,19.0,8.72,0.0,0.0,1.02111226,1.021112
2022-09-13,0.0,0.0,0.0,0.0,0.0,0.0,0.0,0.0,0.0,1.02111226,1.021112
2022-09-14,95.0,0.0,174.0,0.0,0.0,0.0,38.5147,5.176916,7.661116,1.02111226,8.682229
2022-09-15,24.0,0.0,46.0,0.0,0.0,6.0,11.3538,0.0,0.0,1.02111226,1.021112
2022-09-16,0.0,17.0,0.0,0.0,0.0,12.0,5.3676,0.0,0.0,1.02111226,1.021112
2022-09-17,0.0,0.0,0.0,0.0,0.0,0.0,0.0,0.0,0.0,1.02111226,1.021112
2022-09-18,0.0,0.0,0.0,0.0,0.0,0.0,0.0,0.0,0.0,1.02111226,1.021112
2022-09-19,2.0,3.0,4.0,0.0,0.0,0.0,1.36,0.0,0.0,1.02111226,1.021112
2022-09-20,1.0,0.0,7.0,2.0,2.0,27.0,7.7535,0.0,0.0,1.02111226,1.021112
2022-09-21,8.0,0.0,20.0,0.0,0.0,5.0,5.1999,0.0,0.0,1.02111226,1.021112
2022-09-22,2.0,0.0,7.0,0.0,0.0,7.0,2.8632,0.0,0.0,1.02111226,1.021112
2022-09-23,1.0,0.0,7.0,0.0,0.0,2.0,1.6895,0.0,0.0,1.02111226,1.021112
2022-09-24,2.0,0.0,5.0,0.0,0.0,5.0,2.1035,0.0,0.0,1.02111226,1.021112
2022-09-25,5.0,0.0,10.0,0.0,0.0,2.0,2.595,0.0,0.0,1.02111226,1.021112
2022-09-26,157.0,0.0,72.0,0.0,0.0,34.0,35.2548,3.933359,5.820824,1.02111226,6.841937
2022-09-27,0.0,0.0,0.0,0.0,0.0,113.0,24.2139,0.847164,1.253685,1.02111226,2.274797
2022-09-28,0.0,0.0,5.0,0.0,0.0,0.0,0.8277,0.0,0.0,1.02111226,1.021112
2022-09-29,0.0,0.0,0.0,0.0,0.0,0.0,0.0,0.0,0.0,1.02111226,1.021112
2022-09-30,14.0,30.0,11.0,0.0,0.0,0.0,8.1866,0.0,0.0,1.02111226,1.021112
2022-10-01,3.0,21.0,1.0,22.0,17.0,13.0,13.4989,0.0,0.0,1.02111226,1.021112
2022-10-02,84.0,4.0,60.0,44.0,32.0,1.0,32.5697,3.012903,4.458678,1.02111226,5.47979
2022-10-03,3.0,14.0,18.0,44.0,9.0,96.0,34.7864,3.76579,5.572846,1.02111226,6.593959
2022-10-04,0.0,0.0,0.0,48.0,1.0,17.0,11.3082,0.0,0.0,1.02111226,1.021112
2022-10-05,6.0,2.0,14.0,0.0,0.0,0.0,3.2598,0.0,0.0,1.02111226,1.021112
2022-10-06,20.0,4.0,32.0,3.0,0.0,5.0,9.5378,0.0,0.0,1.02111226,1.021112
2022-10-07,119.0,35.0,156.0,3.0,9.0,41.0,54.7791,13.055083,19.319709,1.02111226,20.340821
2022-10-08,5.0,2.0,8.0,39.0,53.0,181.0,57.5052,14.597903,21.602869,1.02111226,22.623981
2022-10-09,1.0,1.0,2.0,0.0,0.0,8.0,2.312,0.0,0.0,1.02111226,1.021112
2022-10-10,19.0,17.0,44.0,3.0,0.0,0.0,12.4888,0.0,0.0,1.02111226,1.021112
2022-10-11,15.0,0.0,11.0,1.0,0.0,0.0,3.5099,0.0,0.0,1.02111226,1.021112
2022-10-12,192.0,4.0,202.0,0.0,0.0,45.0,63.367,18.088855,26.768993,1.02111226,27.790106
2022-10-13,38.0,16.0,24.0,2.0,1.0,124.0,37.5694,4.802799,7.107475,1.02111226,8.128588
2022-10-14,5.0,4.0,10.0,8.0,10.0,73.0,21.6905,0.43453,0.643045,1.02111226,1.664157
2022-10-15,0.0,0.0,0.0,4.0,2.0,14.0,4.018,0.0,0.0,1.02111226,1.021112
2022-10-16,8.0,53.0,8.0,0.0,0.0,1.0,11.074,0.0,0.0,1.02111226,1.021112
2022-10-17,49.0,34.0,41.0,28.0,21.0,26.0,31.4719,2.665595,3.94471,1.02111226,4.965822
2022-10-18,33.0,17.0,3.0,45.0,33.0,86.0,38.6262,5.221721,7.727422,1.02111226,8.748535
2022-10-19,8.0,6.0,6.0,4.0,17.0,16.0,10.213,0.0,0.0,1.02111226,1.021112
2022-10-20,15.0,20.0,14.0,51.0,73.0,12.0,32.0926,2.859815,4.232129,1.02111226,5.253241
2022-10-21,20.0,39.0,20.0,14.0,19.0,27.0,23.4938,0.716797,1.06076,1.02111226,2.081872
2022-10-22,1.0,2.0,5.0,64.0,43.0,42.0,28.7249,1.875616,2.775651,1.02111226,3.796763
2022-10-23,30.0,0.0,43.0,20.0,14.0,0.0,16.0669,0.002318,0.00343,1.02111226,1.024543
2022-10-24,13.0,3.0,10.0,4.0,5.0,5.0,6.161,0.0,0.0,1.02111226,1.021112
2022-10-25,38.0,36.0,34.0,9.0,0.0,3.0,17.4774,0.042183,0.062424,1.02111226,1.083537
2022-10-26,25.0,48.0,19.0,69.0,64.0,78.0,53.71,12.465207,18.446776,1.02111226,19.467888
2022-10-27,0.0,0.0,0.0,59.0,26.0,42.0,23.324,0.687483,1.017379,1.02111226,2.038491
2022-10-28,0.0,0.0,0.0,0.0,0.0,0.0,0.0,0.0,0.0,1.02111226,1.021112
2022-10-29,0.0,0.0,0.0,0.0,0.0,0.0,0.0,0.0,0.0,1.02111226,1.021112
2022-10-30,0.0,0.0,0.0,2.0,0.0,0.0,0.3111,0.0,0.0,1.02111226,1.021112
2022-10-31,21.0,1.0,45.0,0.0,0.0,0.0,9.7603,0.0,0.0,1.02111226,1.021112
2022-11-01,27.0,10.0,41.0,2.0,1.0,24.0,16.8438,0.01825,0.027008,1.02111226,1.04812
2022-11-02,3.0,16.0,4.0,18.0,15.0,27.0,15.1549,0.0,0.0,1.02111226,1.021112
2022-11-03,24.0,3.0,37.0,2.0,2.0,3.0,10.4215,0.0,0.0,1.02111226,1.021112
2022-11-04,0.0,1.0,0.0,2.0,1.0,9.0,2.6021,0.0,0.0,1.02111226,1.021112
2022-11-05,135.0,21.0,161.0,1.0,0.0,0.0,44.062,7.576404,11.212025,1.02111226,12.233138
2022-11-06,3.0,43.0,25.0,8.0,5.0,55.0,25.5373,1.111929,1.645501,1.02111226,2.666613
2022-11-07,23.0,12.0,22.0,93.0,26.0,87.0,46.223,8.598083,12.723969,1.02111226,13.745081
2022-11-08,5.0,16.0,20.0,7.0,5.0,39.0,16.889,0.019637,0.02906,1.02111226,1.050172
2022-11-09,25.0,9.0,47.0,5.0,3.0,29.0,19.4019,0.172669,0.255526,1.02111226,1.276638
2022-11-10,30.0,52.0,36.0,6.0,27.0,38.0,31.9986,2.830053,4.188085,1.02111226,5.209197
2022-11-11,0.0,11.0,0.0,37.0,1.0,6.0,9.0491,0.0,0.0,1.02111226,1.021112
2022-11-12,5.0,30.0,2.0,6.0,0.0,2.0,7.1387,0.0,0.0,1.02111226,1.021112
2022-11-13,18.0,60.0,15.0,14.0,25.0,5.0,22.389,0.5362,0.793502,1.02111226,1.814614
2022-11-14,38.0,61.0,47.0,60.0,70.0,61.0,57.9566,14.858545,21.988584,1.02111226,23.009696
2022-11-15,9.0,11.0,21.0,48.0,30.0,34.0,26.8956,1.416215,2.095802,1.02111226,3.116914
2022-11-16,47.0,9.0,54.0,11.0,16.0,7.0,21.6017,0.422307,0.624955,1.02111226,1.646067
2022-11-17,39.0,15.0,37.0,56.0,72.0,59.0,48.1822,9.562757,14.151553,1.02111226,15.172665
2022-11-18,34.0,45.0,40.0,5.0,54.0,40.0,37.5344,4.789164,7.087297,1.02111226,8.10841
2022-11-19,5.0,1.0,3.0,66.0,37.0,26.0,24.3336,0.869783,1.287158,1.02111226,2.30827
2022-11-20,20.0,13.0,34.0,2.0,1.0,3.0,10.9629,0.0,0.0,1.02111226,1.021112
2022-11-21,7.0,3.0,8.0,9.0,3.0,6.0,5.8129,0.0,0.0,1.02111226,1.021112
2022-11-22,6.0,10.0,4.0,3.0,0.0,3.0,4.0299,0.0,0.0,1.02111226,1.021112
2022-11-23,0.0,3.0,1.0,2.0,3.0,1.0,1.7781,0.0,0.0,1.02111226,1.021112
2022-11-24,1.0,5.0,1.0,2.0,1.0,10.0,3.742,0.0,0.0,1.02111226,1.021112
2022-11-25,21.0,6.0,6.0,3.0,1.0,1.0,5.0059,0.0,0.0,1.02111226,1.021112
2022-11-26,17.0,4.0,37.0,8.0,0.0,2.0,10.1937,0.0,0.0,1.02111226,1.021112
2022-11-27,6.0,8.0,1.0,16.0,1.0,17.0,8.4247,0.0,0.0,1.02111226,1.021112
2022-11-28,50.0,0.0,23.0,19.0,32.0,9.0,20.136,0.244446,0.361746,1.02111226,1.382859
2022-11-29,2.0,11.0,2.0,2.0,0.0,4.0,3.5131,0.0,0.0,1.02111226,1.021112
2022-11-30,1.0,3.0,0.0,9.0,5.0,3.0,3.6282,0.0,0.0,1.02111226,1.021112
2022-12-01,0.0,0.0,0.0,0.0,1.0,0.0,0.1979,0.0,0.0,1.02111226,1.021112
2022-12-02,4.0,0.0,9.0,0.0,0.0,0.0,1.8987,0.0,0.0,1.02111226,1.021112
2022-12-03,6.0,0.0,3.0,0.0,0.0,2.0,1.5386,0.0,0.0,1.02111226,1.021112
2022-12-04,4.0,12.0,12.0,0.0,0.0,0.0,4.3691,0.0,0.0,1.02111226,1.021112
2022-12-05,3.0,11.0,7.0,9.0,5.0,9.0,7.5929,0.0,0.0,1.02111226,1.021112
2022-12-06,19.0,6.0,18.0,7.0,31.0,66.0,27.2753,1.506989,2.230134,1.02111226,3.251246
2022-12-07,35.0,16.0,18.0,5.0,9.0,6.0,13.0341,0.0,0.0,1.02111226,1.021112
2022-12-08,0.0,6.0,1.0,37.0,58.0,19.0,22.4579,0.546759,0.809128,1.02111226,1.83024
2022-12-09,0.0,0.0,0.0,1.0,0.0,9.0,2.0841,0.0,0.0,1.02111226,1.021112
2022-12-10,0.0,0.0,8.0,0.0,0.0,0.0,1.3242,0.0,0.0,1.02111226,1.021112
2022-12-11,0.0,12.0,0.0,0.0,0.0,0.0,1.9738,0.0,0.0,1.02111226,1.021112
2022-12-12,0.0,3.0,1.0,15.0,22.0,0.0,7.3463,0.0,0.0,1.02111226,1.021112
2022-12-13,24.0,17.0,11.0,9.0,1.0,1.0,8.883,0.0,0.0,1.02111226,1.021112
2022-12-14,9.0,14.0,13.0,33.0,19.0,13.0,17.0544,0.025128,0.037186,1.02111226,1.058299
2022-12-15,3.0,14.0,17.0,2.0,2.0,39.0,14.4874,0.0,0.0,1.02111226,1.021112
2022-12-16,18.0,15.0,36.0,23.0,31.0,22.0,24.6937,0.939453,1.390259,1.02111226,2.411372
2022-12-17,3.0,3.0,10.0,0.0,13.0,27.0,10.8137,0.0,0.0,1.02111226,1.021112
2022-12-18,0.0,0.0,0.0,0.0,0.0,0.0,0.0,0.0,0.0,1.02111226,1.021112
2022-12-19,0.0,1.0,0.0,0.0,0.0,0.0,0.1645,0.0,0.0,1.02111226,1.021112
2022-12-20,2.0,4.0,4.0,0.0,0.0,2.0,1.9531,0.0,0.0,1.02111226,1.021112
2022-12-21,10.0,13.0,17.0,0.0,0.0,4.0,6.8318,0.0,0.0,1.02111226,1.021112
2022-12-22,59.0,35.0,81.0,6.0,10.0,13.0,30.8949,2.490101,3.685004,1.02111226,4.706116
2022-12-23,55.0,14.0,54.0,33.0,35.0,77.0,45.4243,8.215168,12.157308,1.02111226,13.17842
2022-12-24,27.0,16.0,46.0,12.0,19.0,31.0,25.2761,1.057148,1.564432,1.02111226,2.585544
2022-12-25,12.0,12.0,18.0,19.0,25.0,17.0,17.7262,0.054213,0.080227,1.02111226,1.10134
2022-12-26,19.0,10.0,33.0,12.0,11.0,13.0,15.8792,0.00073,0.00108,1.02111226,1.022192
2022-12-27,7.0,7.0,12.0,18.0,17.0,40.0,18.5892,0.107186,0.158621,1.02111226,1.179733
2022-12-28,49.0,36.0,41.0,32.0,15.0,8.0,27.3787,1.532142,2.267357,1.02111226,3.28847
2022-12-29,7.0,16.0,9.0,72.0,34.0,49.0,33.2667,3.242335,4.798205,1.02111226,5.819317
2022-12-30,0.0,0.0,0.0,10.0,32.0,0.0,7.8884,0.0,0.0,1.02111226,1.021112
2022-12-31,12.0,2.0,13.0,0.0,0.0,0.0,3.7077,0.0,0.0,1.02111226,1.021112
2023-01-01,5.0,4.0,7.0,0.0,2.0,5.0,3.795,0.0,0.0,1.02111226,1.021112
2023-01-02,6.0,2.0,10.0,27.0,11.0,2.0,9.4036,0.0,0.0,1.02111226,1.021112
2023-01-03,9.0,6.0,12.0,1.0,1.0,4.0,5.104,0.0,0.0,1.02111226,1.021112
2023-01-04,11.0,7.0,26.0,1.0,4.0,4.0,8.3841,0.0,0.0,1.02111226,1.021112
2023-01-05,3.0,6.0,4.0,9.0,35.0,5.0,11.3536,0.0,0.0,1.02111226,1.021112
2023-01-06,11.0,0.0,14.0,3.0,5.0,7.0,6.3982,0.0,0.0,1.02111226,1.021112
2023-01-07,6.0,5.0,1.0,1.0,9.0,17.0,7.1808,0.0,0.0,1.02111226,1.021112
2023-01-08,0.0,0.0,1.0,4.0,2.0,0.0,1.1836,0.0,0.0,1.02111226,1.021112
2023-01-09,1.0,9.0,0.0,0.0,1.0,0.0,1.7805,0.0,0.0,1.02111226,1.021112
2023-01-10,12.0,28.0,28.0,1.0,0.0,0.0,10.6228,0.0,0.0,1.02111226,1.021112
2023-01-11,4.0,0.0,0.0,3.0,10.0,1.0,3.0689,0.0,0.0,1.02111226,1.021112
2023-01-12,3.0,0.0,1.0,4.0,0.0,44.0,10.5229,0.0,0.0,1.02111226,1.021112
2023-01-13,0.0,0.0,0.0,12.0,0.0,7.0,3.3669,0.0,0.0,1.02111226,1.021112
2023-01-14,3.0,0.0,11.0,1.0,0.0,0.0,2.2831,0.0,0.0,1.02111226,1.021112
2023-01-15,0.0,6.0,0.0,13.0,0.0,1.0,3.2236,0.0,0.0,1.02111226,1.021112
2023-01-16,0.0,16.0,2.0,3.0,0.0,2.0,3.8581,0.0,0.0,1.02111226,1.021112
2023-01-17,2.0,34.0,5.0,25.0,1.0,0.0,10.7118,0.0,0.0,1.02111226,1.021112
2023-01-18,0.0,0.0,0.0,11.0,1.0,3.0,2.5521,0.0,0.0,1.02111226,1.021112
2023-01-19,0.0,0.0,1.0,1.0,0.0,0.0,0.3211,0.0,0.0,1.02111226,1.021112
2023-01-20,16.0,2.0,7.0,0.0,0.0,0.0,3.1234,0.0,0.0,1.02111226,1.021112
2023-01-21,1.0,1.0,6.0,1.0,0.0,3.0,2.0583,0.0,0.0,1.02111226,1.021112
2023-01-22,0.0,0.0,0.0,4.0,10.0,24.0,7.744,0.0,0.0,1.02111226,1.021112
2023-01-23,0.0,0.0,0.0,9.0,2.0,0.0,1.796,0.0,0.0,1.02111226,1.021112
2023-01-24,0.0,0.0,0.0,0.0,0.0,0.0,0.0,0.0,0.0,1.02111226,1.021112
2023-01-25,25.0,29.0,68.0,3.0,0.0,9.0,20.9773,0.341006,0.504642,1.02111226,1.525754
2023-01-26,11.0,34.0,15.0,37.0,19.0,16.0,22.1447,0.499523,0.739225,1.02111226,1.760337
2023-01-27,12.0,3.0,22.0,48.0,31.0,24.0,24.107,0.827197,1.224136,1.02111226,2.245248
2023-01-28,27.0,26.0,19.0,5.0,3.0,6.0,12.8393,0.0,0.0,1.02111226,1.021112
2023-01-29,33.0,52.0,54.0,34.0,31.0,35.0,39.7897,5.698204,8.432551,1.02111226,9.453663
2023-01-30,2.0,2.0,1.0,62.0,33.0,20.0,21.1607,0.364051,0.538744,1.02111226,1.559857
2023-01-31,24.0,12.0,17.0,2.0,0.0,9.0,9.4812,0.0,0.0,1.02111226,1.021112
2023-02-01,5.0,10.0,5.0,14.0,3.0,21.0,10.2553,0.0,0.0,1.02111226,1.021112
2023-02-02,26.0,10.0,26.0,12.0,5.0,2.0,11.8917,0.0,0.0,1.02111226,1.021112
2023-02-03,0.0,0.0,0.0,3.0,27.0,3.0,6.4527,0.0,0.0,1.02111226,1.021112
2023-02-04,14.0,8.0,20.0,5.0,0.0,0.0,6.8356,0.0,0.0,1.02111226,1.021112
2023-02-05,27.0,4.0,32.0,4.0,20.0,14.0,16.2954,0.005448,0.008062,1.02111226,1.029175
2023-02-06,8.0,3.0,11.0,8.0,12.0,29.0,12.9657,0.0,0.0,1.02111226,1.021112
2023-02-07,22.0,7.0,30.0,5.0,3.0,6.0,11.0237,0.0,0.0,1.02111226,1.021112
2023-02-08,4.0,9.0,7.0,13.0,14.0,16.0,11.2695,0.0,0.0,1.02111226,1.021112
2023-02-09,23.0,12.0,20.0,12.0,16.0,11.0,15.0261,0.0,0.0,1.02111226,1.021112
2023-02-10,1.0,16.0,0.0,26.0,12.0,16.0,12.5821,0.0,0.0,1.02111226,1.021112
2023-02-11,8.0,14.0,9.0,31.0,19.0,2.0,13.6218,0.0,0.0,1.02111226,1.021112
2023-02-12,61.0,26.0,65.0,5.0,20.0,47.0,36.0794,4.235351,6.267732,1.02111226,7.288844
2023-02-13,48.0,39.0,53.0,91.0,37.0,57.0,53.7887,12.50831,18.510562,1.02111226,19.531674
2023-02-14,48.0,85.0,51.0,46.0,38.0,38.0,50.1496,10.566217,15.636534,1.02111226,16.657646
2023-02-15,65.0,57.0,77.0,90.0,54.0,61.0,66.5259,20.059348,29.685048,1.02111226,30.706161
2023-02-16,25.0,15.0,37.0,58.0,44.0,102.0,50.7352,10.871381,16.088134,1.02111226,17.109246
2023-02-17,27.0,1.0,60.0,24.0,11.0,33.0,25.8386,1.176629,1.741247,1.02111226,2.762359
2023-02-18,0.0,0.0,1.0,1.0,1.0,24.0,5.6618,0.0,0.0,1.02111226,1.021112
2023-02-19,3.0,2.0,2.0,1.0,0.0,0.0,1.1223,0.0,0.0,1.02111226,1.021112
2023-02-20,0.0,0.0,0.0,7.0,18.0,1.0,4.8654,0.0,0.0,1.02111226,1.021112
2023-02-21,0.0,0.0,0.0,1.0,0.0,0.0,0.1556,0.0,0.0,1.02111226,1.021112
2023-02-22,0.0,10.0,0.0,4.0,0.0,0.0,2.2671,0.0,0.0,1.02111226,1.021112
2023-02-23,27.0,28.0,31.0,9.0,2.0,0.0,14.2933,0.0,0.0,1.02111226,1.021112
2023-02-24,6.0,16.0,6.0,27.0,6.0,8.0,11.3404,0.0,0.0,1.02111226,1.021112
2023-02-25,35.0,50.0,69.0,9.0,8.0,10.0,28.3502,1.777025,2.629751,1.02111226,3.650863
2023-02-26,46.0,24.0,35.0,53.0,34.0,48.0,39.7034,5.662321,8.379448,1.02111226,9.400561
2023-02-27,15.0,4.0,13.0,35.0,32.0,42.0,25.1209,1.025177,1.51712,1.02111226,2.538233
2023-02-28,42.0,72.0,62.0,11.0,7.0,4.0,30.3533,2.329943,3.447992,1.02111226,4.469104
2023-03-01,21.0,41.0,25.0,95.0,72.0,57.0,54.271,12.773664,18.903249,1.02111226,19.924361
2023-03-02,6.0,8.0,12.0,45.0,34.0,18.0,21.502,0.408782,0.604941,1.02111226,1.626053
2023-03-03,1.0,0.0,2.0,1.0,8.0,4.0,3.0292,0.0,0.0,1.02111226,1.021112
2023-03-04,9.0,5.0,17.0,2.0,0.0,0.0,4.8677,0.0,0.0,1.02111226,1.021112
2023-03-05,29.0,16.0,23.0,1.0,0.0,4.0,10.4165,0.0,0.0,1.02111226,1.021112
2023-03-06,1.0,1.0,1.0,8.0,12.0,14.0,7.0515,0.0,0.0,1.02111226,1.021112
2023-03-07,0.0,0.0,0.0,1.0,1.0,0.0,0.3535,0.0,0.0,1.02111226,1.021112
2023-03-08,0.0,0.0,0.0,0.0,0.0,0.0,0.0,0.0,0.0,1.02111226,1.021112
2023-03-09,0.0,43.0,0.0,0.0,0.0,0.0,7.0728,0.0,0.0,1.02111226,1.021112
2023-03-10,0.0,12.0,0.0,5.0,1.0,0.0,2.9496,0.0,0.0,1.02111226,1.021112
2023-03-11,0.0,0.0,0.0,0.0,5.0,0.0,0.9895,0.0,0.0,1.02111226,1.021112
2023-03-12,0.0,0.0,0.0,0.0,0.0,0.0,0.0,0.0,0.0,1.02111226,1.021112
2023-03-13,0.0,2.0,0.0,0.0,0.0,0.0,0.329,0.0,0.0,1.02111226,1.021112
2023-03-14,0.0,2.0,0.0,0.0,0.0,0.0,0.329,0.0,0.0,1.02111226,1.021112
2023-03-15,0.0,0.0,0.0,1.0,2.0,0.0,0.5514,0.0,0.0,1.02111226,1.021112
2023-03-16,0.0,0.0,0.0,40.0,6.0,0.0,7.4103,0.0,0.0,1.02111226,1.021112
2023-03-17,0.0,3.0,0.0,0.0,0.0,11.0,2.8506,0.0,0.0,1.02111226,1.021112
2023-03-18,0.0,1.0,0.0,45.0,1.0,0.0,7.3632,0.0,0.0,1.02111226,1.021112
2023-03-19,11.0,25.0,13.0,27.0,1.0,0.0,11.787,0.0,0.0,1.02111226,1.021112
2023-03-20,0.0,16.0,0.0,5.0,1.0,46.0,13.4645,0.0,0.0,1.02111226,1.021112
2023-03-21,8.0,1.0,1.0,1.0,6.0,0.0,2.4908,0.0,0.0,1.02111226,1.021112
2023-03-22,0.0,35.0,0.0,25.0,18.0,4.0,14.0655,0.0,0.0,1.02111226,1.021112
2023-03-23,0.0,27.0,0.0,17.0,3.0,25.0,13.0365,0.0,0.0,1.02111226,1.021112
2023-03-24,0.0,34.0,0.0,35.0,5.0,3.0,12.6698,0.0,0.0,1.02111226,1.021112
2023-03-25,15.0,17.0,3.0,12.0,5.0,5.0,8.7541,0.0,0.0,1.02111226,1.021112
2023-03-26,0.0,9.0,11.0,5.0,2.0,41.0,13.2604,0.0,0.0,1.02111226,1.021112
2023-03-27,5.0,11.0,4.0,2.0,57.0,2.0,15.0023,0.0,0.0,1.02111226,1.021112
2023-03-28,1.0,3.0,1.0,11.0,13.0,5.0,6.1166,0.0,0.0,1.02111226,1.021112
2023-03-29,3.0,0.0,3.0,5.0,5.0,1.0,2.7849,0.0,0.0,1.02111226,1.021112
2023-03-30,0.0,0.0,0.0,9.0,3.0,9.0,3.9224,0.0,0.0,1.02111226,1.021112
2023-03-31,0.0,0.0,0.0,0.0,0.0,0.0,0.0,0.0,0.0,1.02111226,1.021112
2023-04-01,65.0,26.0,67.0,2.0,0.0,0.0,22.3236,0.526259,0.778791,1.02111226,1.799903
2023-04-02,0.0,0.0,7.0,35.0,13.0,49.0,19.6762,0.198107,0.29317,1.02111226,1.314282
2023-04-03,18.0,35.0,26.0,0.0,1.0,0.0,12.0989,0.0,0.0,1.02111226,1.021112
2023-04-04,0.0,0.0,0.0,0.0,15.0,3.0,3.6113,0.0,0.0,1.02111226,1.021112
2023-04-05,0.0,0.0,0.0,0.0,2.0,0.0,0.3958,0.0,0.0,1.02111226,1.021112
2023-04-06,2.0,0.0,0.0,0.0,0.0,0.0,0.2045,0.0,0.0,1.02111226,1.021112
2023-04-07,0.0,0.0,0.0,0.0,0.0,0.0,0.0,0.0,0.0,1.02111226,1.021112
2023-04-08,0.0,0.0,0.0,0.0,0.0,0.0,0.0,0.0,0.0,1.02111226,1.021112
2023-04-09,0.0,27.0,2.0,0.0,0.0,0.0,4.7721,0.0,0.0,1.02111226,1.021112
2023-04-10,1.0,14.0,1.0,1.0,3.0,0.0,3.3198,0.0,0.0,1.02111226,1.021112
2023-04-11,1.0,0.0,3.0,12.0,7.0,7.0,5.3509,0.0,0.0,1.02111226,1.021112
2023-04-12,37.0,22.0,47.0,0.0,1.0,0.0,15.3792,0.0,0.0,1.02111226,1.021112
2023-04-13,8.0,2.0,8.0,10.0,15.0,32.0,13.8523,0.0,0.0,1.02111226,1.021112
2023-04-14,6.0,5.0,3.0,6.0,4.0,5.0,4.7289,0.0,0.0,1.02111226,1.021112
2023-04-15,0.0,0.0,0.0,8.0,2.0,4.0,2.4975,0.0,0.0,1.02111226,1.021112
2023-04-16,0.0,0.0,0.0,0.0,0.0,0.0,0.0,0.0,0.0,1.02111226,1.021112
2023-04-17,0.0,2.0,4.0,0.0,0.0,0.0,0.9911,0.0,0.0,1.02111226,1.021112
2023-04-18,0.0,1.0,0.0,12.0,2.0,0.0,2.4272,0.0,0.0,1.02111226,1.021112
2023-04-19,0.0,55.0,0.0,0.0,0.0,0.0,9.0466,0.0,0.0,1.02111226,1.021112
2023-04-20,0.0,0.0,0.0,2.0,0.0,0.0,0.3111,0.0,0.0,1.02111226,1.021112
2023-04-21,0.0,7.0,10.0,0.0,0.0,0.0,2.8067,0.0,0.0,1.02111226,1.021112
2023-04-22,6.0,29.0,0.0,10.0,46.0,0.0,16.0423,0.00206,0.003048,1.02111226,1.02416
2023-04-23,2.0,7.0,25.0,1.0,0.0,34.0,12.9353,0.0,0.0,1.02111226,1.021112
2023-04-24,0.0,10.0,0.0,2.0,1.0,2.0,2.5824,0.0,0.0,1.02111226,1.021112
2023-04-25,0.0,0.0,0.0,0.0,0.0,0.0,0.0,0.0,0.0,1.02111226,1.021112
2023-04-26,0.0,29.0,1.0,0.0,0.0,0.0,4.9356,0.0,0.0,1.02111226,1.021112
2023-04-27,0.0,1.0,4.0,30.0,8.0,1.0,7.2913,0.0,0.0,1.02111226,1.021112
2023-04-28,2.0,42.0,5.0,5.0,0.0,8.0,10.4326,0.0,0.0,1.02111226,1.021112
2023-04-29,29.0,10.0,31.0,40.0,7.0,13.0,20.135,0.244335,0.361582,1.02111226,1.382695
2023-04-30,0.0,0.0,0.0,5.0,42.0,19.0,13.1608,0.0,0.0,1.02111226,1.021112
2023-05-01,4.0,5.0,14.0,2.0,8.0,0.0,5.4431,0.0,0.0,1.02111226,1.021112
2023-05-02,2.0,0.0,5.0,27.0,68.0,14.0,21.6894,0.434373,0.642811,1.02111226,1.663923
2023-05-03,0.0,14.0,0.0,0.0,0.0,0.0,2.3028,0.0,0.0,1.02111226,1.021112
2023-05-04,3.0,8.0,8.0,10.0,0.0,8.0,6.2168,0.0,0.0,1.02111226,1.021112
2023-05-05,0.0,5.0,0.0,0.0,1.0,6.0,2.306,0.0,0.0,1.02111226,1.021112
2023-05-06,0.0,3.0,4.0,2.0,1.0,0.0,1.6646,0.0,0.0,1.02111226,1.021112
2023-05-07,0.0,34.0,0.0,18.0,0.0,0.0,8.3928,0.0,0.0,1.02111226,1.021112
2023-05-08,0.0,0.0,0.0,5.0,0.0,0.0,0.7779,0.0,0.0,1.02111226,1.021112
2023-05-09,0.0,1.0,0.0,0.0,0.0,0.0,0.1645,0.0,0.0,1.02111226,1.021112
2023-05-10,0.0,13.0,0.0,16.0,1.0,0.0,4.8254,0.0,0.0,1.02111226,1.021112
2023-05-11,27.0,16.0,36.0,10.0,1.0,3.0,13.7477,0.0,0.0,1.02111226,1.021112
2023-05-12,0.0,0.0,0.0,10.0,25.0,65.0,20.4314,0.276632,0.409377,1.02111226,1.43049
2023-05-13,0.0,0.0,0.0,0.0,0.0,0.0,0.0,0.0,0.0,1.02111226,1.021112
2023-05-14,0.0,0.0,0.0,0.0,0.0,0.0,0.0,0.0,0.0,1.02111226,1.021112
2023-05-15,0.0,0.0,0.0,0.0,0.0,0.0,0.0,0.0,0.0,1.02111226,1.021112
2023-05-16,0.0,0.0,0.0,0.0,0.0,0.0,0.0,0.0,0.0,1.02111226,1.021112
2023-05-17,0.0,0.0,0.0,0.0,0.0,0.0,0.0,0.0,0.0,1.02111226,1.021112
2023-05-18,0.0,0.0,0.0,0.0,0.0,0.0,0.0,0.0,0.0,1.02111226,1.021112
2023-05-19,0.0,0.0,0.0,0.0,0.0,0.0,0.0,0.0,0.0,1.02111226,1.021112
2023-05-20,0.0,0.0,0.0,0.0,0.0,0.0,0.0,0.0,0.0,1.02111226,1.021112
2023-05-21,0.0,0.0,0.0,0.0,0.0,0.0,0.0,0.0,0.0,1.02111226,1.021112
2023-05-22,0.0,0.0,0.0,0.0,0.0,0.0,0.0,0.0,0.0,1.02111226,1.021112
2023-05-23,0.0,0.0,0.0,0.0,0.0,0.0,0.0,0.0,0.0,1.02111226,1.021112
2023-05-24,0.0,0.0,0.0,0.0,1.0,0.0,0.1979,0.0,0.0,1.02111226,1.021112
2023-05-25,0.0,0.0,0.0,0.0,1.0,0.0,0.1979,0.0,0.0,1.02111226,1.021112
2023-05-26,0.0,0.0,0.0,0.0,0.0,0.0,0.0,0.0,0.0,1.02111226,1.021112
2023-05-27,0.0,0.0,0.0,0.0,0.0,0.0,0.0,0.0,0.0,1.02111226,1.021112
2023-05-28,0.0,0.0,0.0,0.0,0.0,0.0,0.0,0.0,0.0,1.02111226,1.021112
2023-05-29,0.0,0.0,0.0,0.0,0.0,0.0,0.0,0.0,0.0,1.02111226,1.021112
2023-05-30,0.0,0.0,0.0,0.0,0.0,0.0,0.0,0.0,0.0,1.02111226,1.021112
2023-05-31,0.0,0.0,0.0,0.0,0.0,0.0,0.0,0.0,0.0,1.02111226,1.021112
2023-06-01,0.0,0.0,0.0,0.0,0.0,0.0,0.0,0.0,0.0,1.02111226,1.021112
2023-06-02,0.0,0.0,0.0,0.0,0.0,0.0,0.0,0.0,0.0,1.02111226,1.021112
2023-06-03,0.0,0.0,0.0,0.0,0.0,0.0,0.0,0.0,0.0,1.02111226,1.021112
2023-06-04,0.0,1.0,0.0,0.0,0.0,0.0,0.1645,0.0,0.0,1.02111226,1.021112
2023-06-05,0.0,0.0,3.0,0.0,0.0,1.0,0.7109,0.0,0.0,1.02111226,1.021112
2023-06-06,10.0,2.0,45.0,1.0,0.0,2.0,9.3843,0.0,0.0,1.02111226,1.021112
2023-06-07,48.0,18.0,82.0,7.0,2.0,38.0,31.069,2.542553,3.762626,1.02111226,4.783738
2023-06-08,0.0,0.0,0.0,16.0,14.0,20.0,9.5453,0.0,0.0,1.02111226,1.021112
2023-06-09,0.0,0.0,0.0,0.0,0.0,0.0,0.0,0.0,0.0,1.02111226,1.021112
2023-06-10,0.0,0.0,0.0,0.0,0.0,0.0,0.0,0.0,0.0,1.02111226,1.021112
2023-06-11,0.0,0.0,0.0,0.0,0.0,0.0,0.0,0.0,0.0,1.02111226,1.021112
2023-06-12,0.0,0.0,0.0,0.0,0.0,0.0,0.0,0.0,0.0,1.02111226,1.021112
2023-06-13,0.0,0.0,0.0,0.0,0.0,0.0,0.0,0.0,0.0,1.02111226,1.021112
2023-06-14,0.0,0.0,0.0,0.0,0.0,0.0,0.0,0.0,0.0,1.02111226,1.021112
2023-06-15,0.0,0.0,0.0,0.0,0.0,0.0,0.0,0.0,0.0,1.02111226,1.021112
2023-06-16,0.0,0.0,0.0,0.0,0.0,0.0,0.0,0.0,0.0,1.02111226,1.021112
2023-06-17,0.0,0.0,1.0,0.0,0.0,0.0,0.1655,0.0,0.0,1.02111226,1.021112
2023-06-18,0.0,0.0,0.0,0.0,0.0,0.0,0.0,0.0,0.0,1.02111226,1.021112
2023-06-19,0.0,0.0,0.0,0.0,0.0,0.0,0.0,0.0,0.0,1.02111226,1.021112
2023-06-20,0.0,30.0,0.0,0.0,0.0,0.0,4.9345,0.0,0.0,1.02111226,1.021112
2023-06-21,0.0,0.0,0.0,40.0,13.0,0.0,8.7956,0.0,0.0,1.02111226,1.021112
2023-06-22,0.0,0.0,0.0,0.0,0.0,0.0,0.0,0.0,0.0,1.02111226,1.021112
2023-06-23,0.0,0.0,0.0,0.0,0.0,0.0,0.0,0.0,0.0,1.02111226,1.021112
2023-06-24,0.0,0.0,0.0,0.0,0.0,0.0,0.0,0.0,0.0,1.02111226,1.021112
2023-06-25,0.0,0.0,0.0,0.0,0.0,0.0,0.0,0.0,0.0,1.02111226,1.021112
2023-06-26,5.0,1.0,6.0,0.0,0.0,0.0,1.6688,0.0,0.0,1.02111226,1.021112
2023-06-27,14.0,1.0,28.0,2.0,0.0,21.0,11.0417,0.0,0.0,1.02111226,1.021112
2023-06-28,54.0,10.0,76.0,1.0,0.0,24.0,25.0442,1.009543,1.493984,1.02111226,2.515096
2023-06-29,1.0,0.0,2.0,3.0,1.0,58.0,13.5263,0.0,0.0,1.02111226,1.021112
2023-06-30,10.0,0.0,18.0,1.0,0.0,11.0,6.5146,0.0,0.0,1.02111226,1.021112
2023-07-01,9.0,2.0,9.0,1.0,0.0,10.0,5.0373,0.0,0.0,1.02111226,1.021112
2023-07-02,2.0,1.0,2.0,3.0,0.0,32.0,8.0238,0.0,0.0,1.02111226,1.021112
2023-07-03,10.0,7.0,16.0,1.0,0.0,2.0,5.4064,0.0,0.0,1.02111226,1.021112
2023-07-04,5.0,0.0,8.0,4.0,1.0,23.0,7.5841,0.0,0.0,1.02111226,1.021112
2023-07-05,1.0,0.0,5.0,1.0,0.0,7.0,2.5854,0.0,0.0,1.02111226,1.021112
2023-07-06,3.0,7.0,4.0,1.0,0.0,5.0,3.3472,0.0,0.0,1.02111226,1.021112
2023-07-07,42.0,38.0,86.0,3.0,3.3,10.0,28.0425,1.69778,2.512478,1.02111226,3.53359
2023-07-08,20.0,1.0,18.0,40.5,25.0,63.0,29.9366,2.209749,3.270121,1.02111226,4.291234
2023-07-09,0.0,0.0,0.0,2.8,5.5,6.0,2.8097,0.0,0.0,1.02111226,1.021112
2023-07-10,0.0,0.0,0.0,0.0,0.3,0.0,0.0594,0.0,0.0,1.02111226,1.021112
2023-07-11,0.0,0.0,0.0,0.0,0.0,0.0,0.0,0.0,0.0,1.02111226,1.021112
2023-07-12,0.0,0.0,0.0,0.0,0.0,0.0,0.0,0.0,0.0,1.02111226,1.021112
2023-07-13,2.0,0.0,3.0,1.0,0.0,0.0,0.8566,0.0,0.0,1.02111226,1.021112
2023-07-14,0.0,0.0,0.0,0.1,0.0,4.0,0.8727,0.0,0.0,1.02111226,1.021112
2023-07-15,0.0,0.0,0.0,0.0,0.0,0.0,0.0,0.0,0.0,1.02111226,1.021112
2023-07-16,0.0,0.0,0.0,0.0,0.0,0.0,0.0,0.0,0.0,1.02111226,1.021112
2023-07-17,0.0,0.0,0.0,0.0,0.0,0.0,0.0,0.0,0.0,1.02111226,1.021112
2023-07-18,0.0,0.0,0.0,0.0,0.0,0.0,0.0,0.0,0.0,1.02111226,1.021112
2023-07-19,0.0,0.0,0.0,0.0,0.0,0.0,0.0,0.0,0.0,1.02111226,1.021112
2023-07-20,0.0,0.0,0.0,0.0,0.0,0.0,0.0,0.0,0.0,1.02111226,1.021112
2023-07-21,0.0,0.0,0.0,0.0,0.0,0.0,0.0,0.0,0.0,1.02111226,1.021112
2023-07-22,0.0,0.0,0.0,0.0,0.0,0.0,0.0,0.0,0.0,1.02111226,1.021112
2023-07-23,0.0,0.0,0.0,0.0,0.0,0.0,0.0,0.0,0.0,1.02111226,1.021112
2023-07-24,0.0,0.0,0.0,0.0,0.0,0.0,0.0,0.0,0.0,1.02111226,1.021112
2023-07-25,0.0,0.0,0.0,0.0,0.0,0.0,0.0,0.0,0.0,1.02111226,1.021112
2023-07-26,0.0,0.0,0.0,0.0,0.0,0.0,0.0,0.0,0.0,1.02111226,1.021112
2023-07-27,0.0,0.0,0.0,0.0,0.0,0.0,0.0,0.0,0.0,1.02111226,1.021112
2023-07-28,0.0,0.0,0.0,0.0,0.0,0.0,0.0,0.0,0.0,1.02111226,1.021112
2023-07-29,0.0,0.0,0.0,0.0,0.0,0.0,0.0,0.0,0.0,1.02111226,1.021112
2023-07-30,0.0,0.0,0.0,0.0,0.0,0.0,0.0,0.0,0.0,1.02111226,1.021112
2023-07-31,0.0,0.0,0.0,0.0,0.0,0.0,0.0,0.0,0.0,1.02111226,1.021112
2023-08-01,0.0,0.0,0.0,0.0,0.0,0.0,0.0,0.0,0.0,1.02111226,1.021112
2023-08-02,0.0,0.0,0.0,0.0,0.0,0.0,0.0,0.0,0.0,1.02111226,1.021112
2023-08-03,0.0,0.0,0.0,0.0,0.0,0.0,0.0,0.0,0.0,1.02111226,1.021112
2023-08-04,0.0,0.0,0.0,0.0,0.0,0.0,0.0,0.0,0.0,1.02111226,1.021112
2023-08-05,0.0,0.0,1.0,0.0,0.0,0.0,0.1655,0.0,0.0,1.02111226,1.021112
2023-08-06,0.0,0.0,0.0,0.0,0.0,0.0,0.0,0.0,0.0,1.02111226,1.021112
2023-08-07,0.0,0.0,0.0,0.0,0.0,1.0,0.2143,0.0,0.0,1.02111226,1.021112
2023-08-08,0.0,0.0,0.0,0.0,0.0,0.0,0.0,0.0,0.0,1.02111226,1.021112
2023-08-09,0.0,0.0,0.0,0.0,0.0,0.0,0.0,0.0,0.0,1.02111226,1.021112
2023-08-10,0.0,0.0,0.0,0.0,0.0,0.0,0.0,0.0,0.0,1.02111226,1.021112
2023-08-11,0.0,0.0,0.0,0.0,0.0,0.0,0.0,0.0,0.0,1.02111226,1.021112
2023-08-12,0.0,0.0,0.0,0.0,0.0,0.0,0.0,0.0,0.0,1.02111226,1.021112
2023-08-13,0.0,0.0,0.0,0.0,0.0,0.0,0.0,0.0,0.0,1.02111226,1.021112
2023-08-14,0.0,0.0,0.0,0.0,0.0,0.0,0.0,0.0,0.0,1.02111226,1.021112
2023-08-15,0.0,0.0,0.0,0.0,0.0,0.0,0.0,0.0,0.0,1.02111226,1.021112
2023-08-16,0.0,0.0,0.0,0.0,0.0,0.0,0.0,0.0,0.0,1.02111226,1.021112
2023-08-17,4.0,0.0,11.0,0.0,0.0,0.0,2.2298,0.0,0.0,1.02111226,1.021112
2023-08-18,0.0,0.0,0.0,0.0,0.0,2.0,0.4286,0.0,0.0,1.02111226,1.021112
2023-08-19,0.0,0.0,0.0,0.0,0.0,0.0,0.0,0.0,0.0,1.02111226,1.021112
2023-08-20,0.0,0.0,0.0,0.0,0.0,0.0,0.0,0.0,0.0,1.02111226,1.021112
2023-08-21,0.0,0.0,0.0,0.0,0.0,0.0,0.0,0.0,0.0,1.02111226,1.021112
2023-08-22,0.0,0.0,0.0,0.0,0.0,0.0,0.0,0.0,0.0,1.02111226,1.021112
2023-08-23,0.0,0.0,0.0,0.0,0.0,0.0,0.0,0.0,0.0,1.02111226,1.021112
2023-08-24,0.0,0.0,0.0,0.0,0.0,0.0,0.0,0.0,0.0,1.02111226,1.021112
2023-08-25,0.0,0.0,0.0,0.0,0.0,0.0,0.0,0.0,0.0,1.02111226,1.021112
2023-08-26,0.0,0.0,0.0,0.0,0.0,0.0,0.0,0.0,0.0,1.02111226,1.021112
2023-08-27,0.0,0.0,0.0,0.0,0.0,0.0,0.0,0.0,0.0,1.02111226,1.021112
2023-08-28,0.0,0.0,0.0,0.0,0.0,0.0,0.0,0.0,0.0,1.02111226,1.021112
2023-08-29,0.0,0.0,0.0,0.0,0.0,0.0,0.0,0.0,0.0,1.02111226,1.021112
2023-08-30,0.0,0.0,0.0,0.0,0.0,0.0,0.0,0.0,0.0,1.02111226,1.021112
2023-08-31,0.0,0.0,0.0,0.0,0.0,0.0,0.0,0.0,0.0,1.02111226,1.021112
2023-09-01,0.0,0.0,0.0,0.0,0.0,0.0,0.0,0.0,0.0,1.02111226,1.021112
2023-09-02,0.0,0.0,0.0,0.0,0.0,0.0,0.0,0.0,0.0,1.02111226,1.021112
2023-09-03,0.0,0.0,0.0,0.0,0.0,0.0,0.0,0.0,0.0,1.02111226,1.021112
2023-09-04,0.0,0.0,0.0,0.0,0.0,0.0,0.0,0.0,0.0,1.02111226,1.021112
2023-09-05,0.0,0.0,0.0,0.0,0.0,0.0,0.0,0.0,0.0,1.02111226,1.021112
2023-09-06,0.0,0.0,0.0,0.0,0.0,0.0,0.0,0.0,0.0,1.02111226,1.021112
2023-09-07,0.0,0.0,0.0,0.0,0.0,0.0,0.0,0.0,0.0,1.02111226,1.021112
2023-09-08,0.0,0.0,0.0,0.0,0.0,0.0,0.0,0.0,0.0,1.02111226,1.021112
2023-09-09,0.0,0.0,0.0,0.0,0.0,0.0,0.0,0.0,0.0,1.02111226,1.021112
2023-09-10,0.0,0.0,0.0,0.0,0.0,0.0,0.0,0.0,0.0,1.02111226,1.021112
2023-09-11,0.0,0.0,1.0,0.0,0.0,0.0,0.1655,0.0,0.0,1.02111226,1.021112
2023-09-12,1.0,0.0,1.0,0.0,0.0,0.0,0.2678,0.0,0.0,1.02111226,1.021112
2023-09-13,0.0,0.0,0.0,0.0,0.0,1.0,0.2143,0.0,0.0,1.02111226,1.021112
2023-09-14,2.0,0.0,5.0,0.0,0.0,0.0,1.0321,0.0,0.0,1.02111226,1.021112
2023-09-15,0.0,0.0,0.0,0.0,0.0,0.0,0.0,0.0,0.0,1.02111226,1.021112
2023-09-16,0.0,0.0,0.0,0.0,0.0,0.0,0.0,0.0,0.0,1.02111226,1.021112
2023-09-17,0.0,0.0,0.0,0.0,0.0,0.0,0.0,0.0,0.0,1.02111226,1.021112
2023-09-18,0.0,0.0,0.0,0.0,0.0,0.0,0.0,0.0,0.0,1.02111226,1.021112
2023-09-19,0.0,0.0,0.0,0.0,0.0,0.0,0.0,0.0,0.0,1.02111226,1.021112
2023-09-20,0.0,0.0,0.0,0.0,0.0,0.0,0.0,0.0,0.0,1.02111226,1.021112
2023-09-21,0.0,0.0,0.0,0.0,0.0,0.0,0.0,0.0,0.0,1.02111226,1.021112
2023-09-22,0.0,0.0,0.0,0.0,0.0,0.0,0.0,0.0,0.0,1.02111226,1.021112
2023-09-23,0.0,0.0,0.0,0.0,0.0,0.0,0.0,0.0,0.0,1.02111226,1.021112
2023-09-24,0.0,0.0,0.0,0.0,0.0,0.0,0.0,0.0,0.0,1.02111226,1.021112
2023-09-25,0.0,0.0,0.0,0.0,0.0,0.0,0.0,0.0,0.0,1.02111226,1.021112
2023-09-26,0.0,0.0,0.0,0.0,0.0,0.0,0.0,0.0,0.0,1.02111226,1.021112
2023-09-27,0.0,0.0,0.0,0.0,0.0,0.0,0.0,0.0,0.0,1.02111226,1.021112
2023-09-28,0.0,0.0,0.0,0.0,0.0,0.0,0.0,0.0,0.0,1.02111226,1.021112
2023-09-29,0.0,0.0,0.0,0.0,0.0,0.0,0.0,0.0,0.0,1.02111226,1.021112
2023-09-30,0.0,0.0,0.0,0.0,0.0,0.0,0.0,0.0,0.0,1.02111226,1.021112
2023-10-01,0.0,0.0,0.0,0.0,0.0,0.0,0.0,0.0,0.0,1.02111226,1.021112
2023-10-02,0.0,0.0,0.0,0.0,0.0,0.0,0.0,0.0,0.0,1.02111226,1.021112
2023-10-03,0.0,0.0,0.0,0.0,0.0,0.0,0.0,0.0,0.0,1.02111226,1.021112
2023-10-04,0.0,0.0,0.0,0.0,0.0,0.0,0.0,0.0,0.0,1.02111226,1.021112
2023-10-05,0.0,0.0,0.0,0.0,0.0,0.0,0.0,0.0,0.0,1.02111226,1.021112
2023-10-06,0.0,0.0,0.0,0.0,0.0,0.0,0.0,0.0,0.0,1.02111226,1.021112
2023-10-07,0.0,0.0,0.0,0.0,0.0,0.0,0.0,0.0,0.0,1.02111226,1.021112
2023-10-08,0.0,0.0,0.0,0.0,0.0,0.0,0.0,0.0,0.0,1.02111226,1.021112
2023-10-09,0.0,0.0,0.0,0.0,0.0,0.0,0.0,0.0,0.0,1.02111226,1.021112
2023-10-10,0.0,0.0,0.0,0.0,0.0,0.0,0.0,0.0,0.0,1.02111226,1.021112
2023-10-11,0.0,0.0,0.0,0.0,0.0,0.0,0.0,0.0,0.0,1.02111226,1.021112
2023-10-12,0.0,0.0,0.0,0.0,0.0,0.0,0.0,0.0,0.0,1.02111226,1.021112
2023-10-13,0.0,1.0,0.0,0.0,0.0,0.0,0.1645,0.0,0.0,1.02111226,1.021112
2023-10-14,0.0,0.0,0.0,0.0,0.0,0.0,0.0,0.0,0.0,1.02111226,1.021112
2023-10-15,0.0,0.0,0.0,0.0,0.0,0.0,0.0,0.0,0.0,1.02111226,1.021112
2023-10-16,0.0,0.0,0.0,0.0,0.0,0.0,0.0,0.0,0.0,1.02111226,1.021112
2023-10-17,0.0,0.0,0.0,0.0,0.0,0.0,0.0,0.0,0.0,1.02111226,1.021112
2023-10-18,0.0,0.0,0.0,0.0,0.0,0.0,0.0,0.0,0.0,1.02111226,1.021112
2023-10-19,0.0,0.0,0.0,0.0,0.0,0.0,0.0,0.0,0.0,1.02111226,1.021112
2023-10-20,0.0,0.0,0.0,0.0,0.0,0.0,0.0,0.0,0.0,1.02111226,1.021112
2023-10-21,0.0,0.0,0.0,0.0,0.0,0.0,0.0,0.0,0.0,1.02111226,1.021112
2023-10-22,0.0,0.0,0.0,0.0,0.0,0.0,0.0,0.0,0.0,1.02111226,1.021112
2023-10-23,0.0,0.0,0.0,0.0,0.0,0.0,0.0,0.0,0.0,1.02111226,1.021112
2023-10-24,0.0,0.0,0.0,0.0,0.0,0.0,0.0,0.0,0.0,1.02111226,1.021112
2023-10-25,0.0,0.0,0.0,27.0,0.0,0.0,4.2005,0.0,0.0,1.02111226,1.021112
2023-10-26,0.0,0.0,0.0,0.0,0.0,0.0,0.0,0.0,0.0,1.02111226,1.021112
2023-10-27,0.0,0.0,0.0,19.0,0.0,0.0,2.9559,0.0,0.0,1.02111226,1.021112
2023-10-28,0.0,0.0,0.0,0.0,0.0,0.0,0.0,0.0,0.0,1.02111226,1.021112
2023-10-29,0.0,0.0,0.0,0.0,0.0,0.0,0.0,0.0,0.0,1.02111226,1.021112
2023-10-30,0.0,0.0,0.0,0.0,0.0,0.0,0.0,0.0,0.0,1.02111226,1.021112
2023-10-31,0.0,0.0,0.0,0.0,0.0,0.0,0.0,0.0,0.0,1.02111226,1.021112
2023-11-01,0.0,0.0,0.0,0.0,0.0,0.0,0.0,0.0,0.0,1.02111226,1.021112
2023-11-02,1.0,0.0,0.0,0.0,0.0,0.0,0.1022,0.0,0.0,1.02111226,1.021112
2023-11-03,1.0,11.0,0.0,0.0,0.0,0.0,1.9116,0.0,0.0,1.02111226,1.021112
2023-11-04,2.0,0.0,16.0,0.0,19.0,0.0,6.613,0.0,0.0,1.02111226,1.021112
2023-11-05,0.0,0.0,0.0,0.0,0.0,0.0,0.0,0.0,0.0,1.02111226,1.021112
2023-11-06,0.0,0.0,0.0,0.0,0.0,0.0,0.0,0.0,0.0,1.02111226,1.021112
2023-11-07,0.0,0.0,0.0,0.0,0.0,0.0,0.0,0.0,0.0,1.02111226,1.021112
2023-11-08,0.0,0.0,0.0,0.0,0.0,0.0,0.0,0.0,0.0,1.02111226,1.021112
2023-11-09,0.0,0.0,0.0,0.0,0.0,0.0,0.0,0.0,0.0,1.02111226,1.021112
2023-11-10,0.0,0.0,0.0,0.0,0.0,0.0,0.0,0.0,0.0,1.02111226,1.021112
2023-11-11,0.0,10.0,1.0,0.0,0.0,0.0,1.8104,0.0,0.0,1.02111226,1.021112
2023-11-12,57.0,0.0,82.0,7.0,0.0,1.0,20.7042,0.308019,0.455825,1.02111226,1.476937
2023-11-13,11.0,6.0,16.0,0.0,0.0,4.0,5.6171,0.0,0.0,1.02111226,1.021112
2023-11-14,0.0,20.0,0.0,4.2,26.5,0.0,9.1873,0.0,0.0,1.02111226,1.021112
2023-11-15,0.0,6.0,0.0,0.0,9.0,1.4,3.0679,0.0,0.0,1.02111226,1.021112
2023-11-16,0.0,0.0,0.0,0.0,0.0,0.0,0.0,0.0,0.0,1.02111226,1.021112
2023-11-17,0.0,0.0,0.0,0.0,0.0,0.0,0.0,0.0,0.0,1.02111226,1.021112
2023-11-18,1.0,2.0,0.0,0.0,0.0,0.0,0.4312,0.0,0.0,1.02111226,1.021112
2023-11-19,6.0,0.0,12.0,0.0,1.5,1.0,3.1109,0.0,0.0,1.02111226,1.021112
2023-11-20,1.0,0.0,2.0,1.5,0.0,4.0,1.5238,0.0,0.0,1.02111226,1.021112
2023-11-21,0.0,0.0,1.0,0.0,0.0,5.0,1.2369,0.0,0.0,1.02111226,1.021112
2023-11-22,0.0,0.0,0.0,0.0,0.0,0.0,0.0,0.0,0.0,1.02111226,1.021112
2023-11-23,0.0,0.0,29.0,0.0,0.0,0.0,4.8004,0.0,0.0,1.02111226,1.021112
2023-11-24,0.0,27.0,0.0,0.4,0.0,10.0,6.6461,0.0,0.0,1.02111226,1.021112
2023-11-25,0.0,14.0,0.0,31.0,3.0,0.0,7.7192,0.0,0.0,1.02111226,1.021112
2023-11-26,0.0,0.0,0.0,1.5,1.0,0.0,0.4313,0.0,0.0,1.02111226,1.021112
2023-11-27,0.0,19.0,4.0,0.0,0.0,0.0,3.7873,0.0,0.0,1.02111226,1.021112
2023-11-28,0.0,0.0,0.0,22.0,4.5,6.0,5.5988,0.0,0.0,1.02111226,1.021112
2023-11-29,2.0,7.0,6.0,1.0,0.0,0.0,2.5046,0.0,0.0,1.02111226,1.021112
2023-11-30,25.0,62.0,96.0,18.5,28.0,5.0,38.1354,5.025501,7.437044,1.02111226,8.458156
2023-12-01,23.0,42.0,18.0,19.0,15.0,39.0,26.5206,1.329,1.966735,1.02111226,2.987848
2023-12-02,1.0,0.0,1.0,24.0,21.5,38.0,16.399,0.007296,0.010797,1.02111226,1.03191
2023-12-03,0.0,3.0,0.0,0.0,1.0,2.0,1.1199,0.0,0.0,1.02111226,1.021112
2023-12-04,0.0,14.0,0.0,2.5,1.0,0.0,2.8896,0.0,0.0,1.02111226,1.021112
2023-12-05,0.0,17.0,0.0,17.0,21.0,10.0,11.7396,0.0,0.0,1.02111226,1.021112
2023-12-06,1.0,14.0,0.0,1.5,0.0,0.0,2.6384,0.0,0.0,1.02111226,1.021112
2023-12-07,0.0,0.0,0.0,0.0,0.0,0.0,0.0,0.0,0.0,1.02111226,1.021112
2023-12-08,1.0,0.0,2.0,0.0,0.0,0.0,0.4333,0.0,0.0,1.02111226,1.021112
2023-12-09,1.0,8.0,2.0,10.0,0.0,0.0,3.3049,0.0,0.0,1.02111226,1.021112
2023-12-10,0.0,35.0,2.0,4.0,1.5,8.0,8.7214,0.0,0.0,1.02111226,1.021112
2023-12-11,0.0,0.0,0.0,6.2,3.0,21.0,6.0582,0.0,0.0,1.02111226,1.021112
2023-12-12,0.0,0.0,0.0,0.0,0.0,0.0,0.0,0.0,0.0,1.02111226,1.021112
2023-12-13,31.0,30.0,43.0,0.0,0.0,0.0,15.2216,0.0,0.0,1.02111226,1.021112
2023-12-14,0.0,0.0,0.0,16.0,4.0,20.0,7.5664,0.0,0.0,1.02111226,1.021112
2023-12-15,0.0,0.0,0.0,0.5,0.5,0.0,0.1767,0.0,0.0,1.02111226,1.021112
2023-12-16,0.0,0.0,0.0,0.0,0.0,0.0,0.0,0.0,0.0,1.02111226,1.021112
2023-12-17,0.0,0.0,0.0,0.0,0.0,0.0,0.0,0.0,0.0,1.02111226,1.021112
2023-12-18,0.0,0.0,0.0,0.0,0.0,0.0,0.0,0.0,0.0,1.02111226,1.021112
2023-12-19,0.0,0.0,0.0,0.0,0.0,0.0,0.0,0.0,0.0,1.02111226,1.021112
2023-12-20,0.0,0.0,0.0,0.0,0.0,0.0,0.0,0.0,0.0,1.02111226,1.021112
2023-12-21,0.0,0.0,0.0,0.0,0.0,0.0,0.0,0.0,0.0,1.02111226,1.021112
2023-12-22,0.0,0.0,0.0,0.0,0.0,0.0,0.0,0.0,0.0,1.02111226,1.021112
2023-12-23,0.0,0.0,0.0,0.0,0.0,0.0,0.0,0.0,0.0,1.02111226,1.021112
2023-12-24,0.0,0.0,0.0,0.0,0.0,0.0,0.0,0.0,0.0,1.02111226,1.021112
2023-12-25,0.0,9.0,0.0,0.0,0.0,0.0,1.4804,0.0,0.0,1.02111226,1.021112
2023-12-26,0.0,1.0,0.0,40.0,30.0,0.0,12.3243,0.0,0.0,1.02111226,1.021112
2023-12-27,1.0,19.0,4.0,0.0,0.0,0.0,3.8895,0.0,0.0,1.02111226,1.021112
2023-12-28,0.0,12.0,0.0,20.0,10.0,0.0,7.0642,0.0,0.0,1.02111226,1.021112
2023-12-29,8.0,5.0,34.0,4.5,0.0,0.0,7.9684,0.0,0.0,1.02111226,1.021112
2023-12-30,0.0,31.0,19.0,22.0,2.0,4.0,12.9196,0.0,0.0,1.02111226,1.021112
2023-12-31,0.0,3.0,0.0,7.0,8.0,5.0,4.237,0.0,0.0,1.02111226,1.021112
2024-01-01,0.0,14.0,0.0,0.0,1.0,7.0,4.0006,0.0,0.0,1.02111226,1.021112
2024-01-02,2.0,2.0,0.0,10.1,5.0,0.0,3.0942,0.0,0.0,1.02111226,1.021112
2024-01-03,15.0,1.0,34.0,6.7,15.2,0.0,11.3764,0.0,0.0,1.02111226,1.021112
2024-01-04,5.0,27.0,5.0,11.0,1.0,0.0,7.6891,0.0,0.0,1.02111226,1.021112
2024-01-05,1.0,6.0,2.0,22.0,15.0,17.0,11.454,0.0,0.0,1.02111226,1.021112
2024-01-06,0.0,19.0,1.0,45.0,6.0,5.0,12.5503,0.0,0.0,1.02111226,1.021112
2024-01-07,40.0,65.0,31.0,10.0,12.0,2.0,24.2713,0.857992,1.269708,1.02111226,2.290821
2024-01-08,2.0,3.0,1.0,34.0,32.0,56.0,24.4854,0.898857,1.330184,1.02111226,2.351296
2024-01-09,0.0,0.0,0.0,17.0,25.0,5.0,8.6635,0.0,0.0,1.02111226,1.021112
2024-01-10,33.0,26.0,27.0,9.0,5.2,0.0,14.5489,0.0,0.0,1.02111226,1.021112
2024-01-11,0.0,0.0,0.0,10.0,5.0,10.0,4.688,0.0,0.0,1.02111226,1.021112
2024-01-12,0.0,0.0,0.0,0.0,0.0,0.0,0.0,0.0,0.0,1.02111226,1.021112
2024-01-13,1.0,0.0,0.0,0.0,0.0,0.0,0.1022,0.0,0.0,1.02111226,1.021112
2024-01-14,0.0,0.0,0.0,0.0,2.0,1.0,0.6101,0.0,0.0,1.02111226,1.021112
2024-01-15,0.0,0.0,0.0,0.0,0.0,0.0,0.0,0.0,0.0,1.02111226,1.021112
2024-01-16,0.0,0.0,0.0,0.0,0.0,0.0,0.0,0.0,0.0,1.02111226,1.021112
2024-01-17,60.0,19.0,45.0,0.0,0.0,0.0,16.7082,0.014396,0.021303,1.02111226,1.042416
2024-01-18,94.0,42.0,159.0,19.0,0.0,22.0,50.5079,10.752623,15.912388,1.02111226,16.9335
2024-01-19,49.0,48.0,37.0,74.5,88.0,106.0,70.7482,22.781218,33.713039,1.02111226,34.734152
2024-01-20,48.0,8.0,22.0,59.0,30.0,27.0,30.7661,2.451635,3.628079,1.02111226,4.649191
2024-01-21,5.0,5.0,3.0,7.5,26.5,13.0,11.0269,0.0,0.0,1.02111226,1.021112
2024-01-22,8.0,2.0,8.0,13.5,6.0,3.0,6.4016,0.0,0.0,1.02111226,1.021112
2024-01-23,0.0,0.0,0.0,5.7,4.3,6.0,3.0234,0.0,0.0,1.02111226,1.021112
2024-01-24,8.0,7.0,11.0,0.0,0.0,0.0,3.7901,0.0,0.0,1.02111226,1.021112
2024-01-25,2.0,1.0,1.0,15.0,0.5,18.0,6.8241,0.0,0.0,1.02111226,1.021112
2024-01-26,0.0,14.0,3.0,37.0,23.5,0.0,13.2061,0.0,0.0,1.02111226,1.021112
2024-01-27,12.0,5.0,11.0,66.5,23.5,5.0,19.9377,0.223889,0.331324,1.02111226,1.352436
2024-01-28,18.0,2.0,15.0,17.0,2.5,0.0,7.7917,0.0,0.0,1.02111226,1.021112
2024-01-29,5.0,6.0,5.0,11.0,2.0,8.0,6.1471,0.0,0.0,1.02111226,1.021112
2024-01-30,0.0,21.0,0.0,5.0,10.9,0.0,6.3891,0.0,0.0,1.02111226,1.021112
2024-01-31,3.0,15.0,1.0,22.0,23.5,1.0,11.2269,0.0,0.0,1.02111226,1.021112
2024-02-01,1.0,0.0,18.0,34.0,26.5,2.5,14.1512,0.0,0.0,1.02111226,1.021112
2024-02-02,5.0,24.0,10.0,0.5,0.0,7.5,7.799,0.0,0.0,1.02111226,1.021112
2024-02-03,0.0,1.0,8.0,62.0,15.0,10.0,16.2455,0.004654,0.006887,1.02111226,1.027999
2024-02-04,14.0,41.0,1.0,29.0,8.0,2.0,14.864,0.0,0.0,1.02111226,1.021112
2024-02-05,5.0,5.0,8.0,16.0,29.0,6.5,12.2788,0.0,0.0,1.02111226,1.021112
2024-02-06,8.0,26.0,6.0,5.4,1.0,2.0,7.5542,0.0,0.0,1.02111226,1.021112
2024-02-07,5.0,21.0,74.0,16.0,22.4,7.0,24.6366,0.928243,1.37367,1.02111226,2.394782
2024-02-08,1.0,2.0,1.0,59.0,15.0,2.0,13.1726,0.0,0.0,1.02111226,1.021112
2024-02-09,35.0,47.0,33.0,54.4,6.6,0.0,26.5408,1.333639,1.9736,1.02111226,2.994712
2024-02-10,2.0,3.0,2.0,1.0,0.5,5.0,2.3549,0.0,0.0,1.02111226,1.021112
2024-02-11,0.0,6.0,17.0,1.0,2.1,0.0,4.3721,0.0,0.0,1.02111226,1.021112
2024-02-12,0.0,7.0,0.0,0.0,2.0,0.0,1.5472,0.0,0.0,1.02111226,1.021112
2024-02-13,0.0,0.0,0.0,97.0,1.0,0.0,15.2886,0.0,0.0,1.02111226,1.021112
2024-02-14,0.0,4.0,0.0,0.0,0.0,0.0,0.6579,0.0,0.0,1.02111226,1.021112
2024-02-15,0.0,0.0,0.0,0.0,0.5,0.0,0.0989,0.0,0.0,1.02111226,1.021112
2024-02-16,1.0,12.0,28.0,0.0,0.0,0.0,6.7109,0.0,0.0,1.02111226,1.021112
2024-02-17,0.0,0.0,1.0,2.0,8.5,0.0,2.1588,0.0,0.0,1.02111226,1.021112
2024-02-18,0.0,0.0,0.0,2.0,0.1,1.5,0.6524,0.0,0.0,1.02111226,1.021112
2024-02-19,1.0,1.0,5.0,35.0,0.5,0.0,6.6384,0.0,0.0,1.02111226,1.021112
2024-02-20,1.0,55.0,0.0,0.0,0.2,51.0,20.1168,0.242413,0.358737,1.02111226,1.379849
2024-02-21,0.0,0.0,0.0,66.0,5.4,2.0,11.7651,0.0,0.0,1.02111226,1.021112
2024-02-22,0.0,0.0,0.0,8.4,0.0,0.0,1.3068,0.0,0.0,1.02111226,1.021112
2024-02-23,0.0,10.0,0.0,0.0,0.0,0.0,1.6448,0.0,0.0,1.02111226,1.021112
2024-02-24,43.0,4.0,23.0,40.0,13.4,3.0,18.3789,0.092681,0.137155,1.02111226,1.158267
2024-02-25,15.0,57.0,31.0,4.0,9.5,14.0,21.5428,0.414294,0.613098,1.02111226,1.63421
2024-02-26,0.0,2.0,1.0,43.0,28.0,42.5,21.8322,0.454353,0.672379,1.02111226,1.693491
2024-02-27,0.0,6.0,0.0,1.0,0.6,0.0,1.2612,0.0,0.0,1.02111226,1.021112
2024-02-28,2.0,19.0,1.0,20.0,28.9,0.0,12.3258,0.0,0.0,1.02111226,1.021112
2024-02-29,42.0,2.0,41.0,39.0,0.9,34.0,24.9407,0.988604,1.462996,1.02111226,2.484108
2024-03-01,0.0,8.0,0.0,2.2,2.2,13.0,4.8792,0.0,0.0,1.02111226,1.021112
2024-03-02,36.0,1.0,32.0,22.0,1.0,0.0,12.7625,0.0,0.0,1.02111226,1.021112
2024-03-03,2.0,7.0,1.0,5.0,10.4,29.0,10.5715,0.0,0.0,1.02111226,1.021112
2024-03-04,4.0,2.0,3.0,23.0,1.2,0.5,5.1573,0.0,0.0,1.02111226,1.021112
2024-03-05,4.0,17.0,14.0,13.0,0.0,0.5,7.6522,0.0,0.0,1.02111226,1.021112
2024-03-06,1.0,7.0,1.0,39.0,19.5,33.0,18.4168,0.095221,0.140914,1.02111226,1.162026
2024-03-07,11.0,0.0,1.0,12.6,41.0,53.0,22.721,0.587946,0.870079,1.02111226,1.891191
2024-03-08,53.0,61.0,73.0,0.0,44.5,4.0,37.1992,4.659212,6.894987,1.02111226,7.916099
2024-03-09,112.0,40.0,113.0,37.0,22.4,62.0,60.2092,16.180125,23.944338,1.02111226,24.96545
2024-03-10,0.0,0.0,0.0,36.0,59.0,86.0,35.7047,4.097029,6.063034,1.02111226,7.084146
2024-03-11,0.0,0.0,0.0,5.5,1.5,1.0,1.3668,0.0,0.0,1.02111226,1.021112
2024-03-12,0.0,0.0,0.0,0.0,0.5,0.0,0.0989,0.0,0.0,1.02111226,1.021112
2024-03-13,14.0,5.0,15.0,0.0,0.4,0.0,4.8158,0.0,0.0,1.02111226,1.021112
2024-03-14,10.0,68.0,10.0,3.4,0.9,3.0,15.2124,0.0,0.0,1.02111226,1.021112
2024-03-15,5.0,18.0,12.0,76.0,51.7,30.5,34.0486,3.507746,5.190977,1.02111226,6.212089
2024-03-16,1.0,0.0,1.0,12.0,3.3,10.0,4.9305,0.0,0.0,1.02111226,1.021112
2024-03-17,0.0,0.0,2.0,2.0,1.5,2.5,1.4748,0.0,0.0,1.02111226,1.021112
2024-03-18,0.0,0.0,0.0,0.0,0.5,0.0,0.0989,0.0,0.0,1.02111226,1.021112
2024-03-19,0.0,0.0,0.0,0.0,0.0,0.0,0.0,0.0,0.0,1.02111226,1.021112
2024-03-20,0.0,0.0,0.0,0.0,0.0,0.0,0.0,0.0,0.0,1.02111226,1.021112
2024-03-21,1.0,4.0,0.0,0.0,0.0,0.0,0.7602,0.0,0.0,1.02111226,1.021112
2024-03-22,0.0,0.0,0.0,4.0,0.5,8.0,2.4355,0.0,0.0,1.02111226,1.021112
2024-03-23,0.0,0.0,1.0,0.0,0.0,0.0,0.1655,0.0,0.0,1.02111226,1.021112
2024-03-24,0.0,0.0,0.0,0.0,0.0,0.0,0.0,0.0,0.0,1.02111226,1.021112
2024-03-25,0.0,2.0,0.0,2.0,1.8,0.0,0.9963,0.0,0.0,1.02111226,1.021112
2024-03-26,0.0,7.0,0.0,0.0,0.0,0.0,1.1514,0.0,0.0,1.02111226,1.021112
2024-03-27,0.0,2.0,0.0,0.0,0.0,0.0,0.329,0.0,0.0,1.02111226,1.021112
2024-03-28,28.0,20.0,23.0,0.0,0.0,2.0,10.388,0.0,0.0,1.02111226,1.021112
2024-03-29,4.0,23.0,19.0,11.0,44.2,94.0,37.9379,4.947351,7.321392,1.02111226,8.342505
2024-03-30,2.0,0.0,3.0,15.2,9.0,0.0,4.8468,0.0,0.0,1.02111226,1.021112
2024-03-31,98.0,1.0,93.0,0.0,1.2,57.0,38.0295,4.983525,7.374924,1.02111226,8.396037
2024-04-01,10.0,1.0,15.0,1.5,0.5,15.0,7.2163,0.0,0.0,1.02111226,1.021112
2024-04-02,1.0,18.0,4.0,1.5,1.0,9.0,6.0849,0.0,0.0,1.02111226,1.021112
2024-04-03,0.0,3.0,0.0,6.0,28.3,3.0,7.6702,0.0,0.0,1.02111226,1.021112
2024-04-04,0.0,2.0,0.0,0.0,0.0,0.0,0.329,0.0,0.0,1.02111226,1.021112
2024-04-05,0.0,0.0,0.0,0.0,0.0,0.0,0.0,0.0,0.0,1.02111226,1.021112
2024-04-06,0.0,0.0,1.0,0.0,0.0,0.0,0.1655,0.0,0.0,1.02111226,1.021112
2024-04-07,9.0,8.0,3.0,0.0,0.0,0.0,2.7326,0.0,0.0,1.02111226,1.021112
2024-04-08,0.0,0.0,0.0,22.0,9.5,14.0,8.3026,0.0,0.0,1.02111226,1.021112
2024-04-09,26.0,28.0,41.0,0.0,0.0,0.0,14.0504,0.0,0.0,1.02111226,1.021112
2024-04-10,34.0,8.0,64.0,16.0,31.5,20.0,28.3943,1.788527,2.646772,1.02111226,3.667884
2024-04-11,0.0,6.0,0.0,15.0,44.5,12.0,14.6982,0.0,0.0,1.02111226,1.021112
2024-04-12,19.0,0.0,13.0,8.0,3.5,0.0,6.0316,0.0,0.0,1.02111226,1.021112
2024-04-13,1.0,31.0,9.0,2.0,0.0,0.0,7.0021,0.0,0.0,1.02111226,1.021112
2024-04-14,0.0,13.0,0.0,16.0,3.3,11.5,7.7448,0.0,0.0,1.02111226,1.021112
2024-04-15,0.0,1.0,1.0,1.0,1.5,3.0,1.4253,0.0,0.0,1.02111226,1.021112
2024-04-16,14.0,0.0,15.0,0.0,0.3,0.0,3.9736,0.0,0.0,1.02111226,1.021112
2024-04-17,6.0,3.0,6.0,1.0,1.0,4.0,3.3106,0.0,0.0,1.02111226,1.021112
2024-04-18,1.0,8.0,4.0,2.0,1.0,2.0,3.0178,0.0,0.0,1.02111226,1.021112
2024-04-19,4.0,52.0,13.0,10.0,11.5,11.0,17.3026,0.034614,0.051224,1.02111226,1.072336
2024-04-20,0.0,0.0,0.0,15.8,30.5,25.0,13.8509,0.0,0.0,1.02111226,1.021112
2024-04-21,1.0,19.0,0.0,0.0,1.5,0.0,3.5243,0.0,0.0,1.02111226,1.021112
2024-04-22,0.0,0.0,0.0,66.0,30.5,7.0,17.8036,0.058253,0.086207,1.02111226,1.107319
2024-04-23,30.0,59.0,40.0,0.0,0.0,0.0,19.3928,0.171854,0.25432,1.02111226,1.275432
2024-04-24,0.0,7.0,0.0,22.0,7.5,32.0,12.9152,0.0,0.0,1.02111226,1.021112
2024-04-25,9.0,49.0,1.0,1.0,1.5,13.5,12.4906,0.0,0.0,1.02111226,1.021112
2024-04-26,46.0,10.0,14.0,26.0,46.0,0.5,21.9203,0.466886,0.690926,1.02111226,1.712039
2024-04-27,0.0,3.0,0.0,21.0,21.0,41.0,16.7018,0.014226,0.021053,1.02111226,1.042165
2024-04-28,0.0,11.0,0.0,0.0,0.0,4.0,2.6664,0.0,0.0,1.02111226,1.021112
2024-04-29,0.0,0.0,0.0,0.0,0.0,0.0,0.0,0.0,0.0,1.02111226,1.021112
2024-04-30,0.0,0.0,0.0,0.0,0.0,0.0,0.0,0.0,0.0,1.02111226,1.021112
2024-05-01,0.0,0.0,0.0,0.0,0.0,0.0,0.0,0.0,0.0,1.02111226,1.021112
2024-05-02,0.0,5.0,0.0,0.0,0.0,0.0,0.8224,0.0,0.0,1.02111226,1.021112
2024-05-03,0.0,0.0,0.0,0.0,0.0,0.0,0.0,0.0,0.0,1.02111226,1.021112
2024-05-04,0.0,0.0,0.0,0.0,0.0,0.0,0.0,0.0,0.0,1.02111226,1.021112
2024-05-05,0.0,0.0,0.0,0.0,0.0,0.0,0.0,0.0,0.0,1.02111226,1.021112
2024-05-06,0.0,0.0,0.0,0.0,0.0,0.0,0.0,0.0,0.0,1.02111226,1.021112
2024-05-07,0.0,0.0,0.0,0.0,0.0,0.0,0.0,0.0,0.0,1.02111226,1.021112
2024-05-08,0.0,0.0,0.0,0.0,0.0,0.0,0.0,0.0,0.0,1.02111226,1.021112
2024-05-09,0.0,0.0,0.0,0.0,0.0,0.0,0.0,0.0,0.0,1.02111226,1.021112
2024-05-10,0.0,0.0,0.0,55.2,2.5,0.0,9.0824,0.0,0.0,1.02111226,1.021112
2024-05-11,0.0,0.0,0.0,0.0,0.0,0.0,0.0,0.0,0.0,1.02111226,1.021112
2024-05-12,0.0,0.0,0.0,33.0,0.0,0.0,5.1339,0.0,0.0,1.02111226,1.021112
2024-05-13,0.0,0.0,0.0,0.0,0.0,0.0,0.0,0.0,0.0,1.02111226,1.021112
2024-05-14,0.0,0.0,0.0,0.0,0.0,0.0,0.0,0.0,0.0,1.02111226,1.021112
2024-05-15,0.0,0.0,0.0,0.0,0.0,0.0,0.0,0.0,0.0,1.02111226,1.021112
2024-05-16,0.0,0.0,0.0,0.0,0.0,0.0,0.0,0.0,0.0,1.02111226,1.021112
2024-05-17,0.0,0.0,0.0,0.0,0.0,0.0,0.0,0.0,0.0,1.02111226,1.021112
2024-05-18,0.0,0.0,0.0,0.0,0.0,0.0,0.0,0.0,0.0,1.02111226,1.021112
2024-05-19,0.0,0.0,0.0,0.0,0.0,0.0,0.0,0.0,0.0,1.02111226,1.021112
2024-05-20,0.0,0.0,0.0,0.0,0.0,0.0,0.0,0.0,0.0,1.02111226,1.021112
2024-05-21,0.0,0.0,0.0,0.0,0.0,0.0,0.0,0.0,0.0,1.02111226,1.021112
2024-05-22,0.0,0.0,0.0,0.0,0.0,0.0,0.0,0.0,0.0,1.02111226,1.021112
2024-05-23,1.0,3.0,0.0,0.0,0.0,0.0,0.5957,0.0,0.0,1.02111226,1.021112
2024-05-24,1.0,4.0,0.0,11.0,5.5,0.0,3.5599,0.0,0.0,1.02111226,1.021112
2024-05-25,0.0,0.0,0.0,2.0,0.9,2.0,0.9178,0.0,0.0,1.02111226,1.021112
2024-05-26,0.0,0.0,0.0,0.0,0.3,0.0,0.0594,0.0,0.0,1.02111226,1.021112
2024-05-27,0.0,0.0,0.0,0.0,0.0,0.0,0.0,0.0,0.0,1.02111226,1.021112
2024-05-28,0.0,0.0,0.0,0.0,0.0,0.0,0.0,0.0,0.0,1.02111226,1.021112
2024-05-29,0.0,0.0,0.0,0.0,0.0,0.0,0.0,0.0,0.0,1.02111226,1.021112
2024-05-30,0.0,0.0,0.0,0.0,0.0,0.0,0.0,0.0,0.0,1.02111226,1.021112
2024-05-31,0.0,0.0,0.0,0.0,0.0,0.0,0.0,0.0,0.0,1.02111226,1.021112
2024-06-01,1.0,0.0,2.0,0.0,0.0,0.0,0.4333,0.0,0.0,1.02111226,1.021112
2024-06-02,0.0,0.0,0.0,0.0,0.0,0.0,0.0,0.0,0.0,1.02111226,1.021112
2024-06-03,0.0,0.0,0.0,0.0,0.0,0.0,0.0,0.0,0.0,1.02111226,1.021112
2024-06-04,0.0,0.0,0.0,0.0,0.0,0.0,0.0,0.0,0.0,1.02111226,1.021112
2024-06-05,0.0,0.0,0.0,0.0,0.0,0.0,0.0,0.0,0.0,1.02111226,1.021112
2024-06-06,0.0,0.0,0.0,0.0,0.0,0.0,0.0,0.0,0.0,1.02111226,1.021112
2024-06-07,0.0,0.0,0.0,0.0,0.0,0.0,0.0,0.0,0.0,1.02111226,1.021112
2024-06-08,0.0,0.0,0.0,0.0,0.0,0.0,0.0,0.0,0.0,1.02111226,1.021112
2024-06-09,0.0,9.0,0.0,0.0,0.0,0.0,1.4804,0.0,0.0,1.02111226,1.021112
2024-06-10,0.0,0.0,0.0,3.0,0.0,0.0,0.4667,0.0,0.0,1.02111226,1.021112
2024-06-11,0.0,2.0,0.0,0.0,0.0,0.0,0.329,0.0,0.0,1.02111226,1.021112
2024-06-12,1.0,16.0,0.0,0.0,0.0,0.0,2.734,0.0,0.0,1.02111226,1.021112
2024-06-13,0.0,0.0,0.0,42.0,1.0,0.5,6.8391,0.0,0.0,1.02111226,1.021112
2024-06-14,0.0,0.0,0.0,0.0,0.0,0.0,0.0,0.0,0.0,1.02111226,1.021112
2024-06-15,0.0,0.0,0.0,0.0,0.0,0.0,0.0,0.0,0.0,1.02111226,1.021112
2024-06-16,0.0,0.0,0.0,0.0,0.0,0.0,0.0,0.0,0.0,1.02111226,1.021112
2024-06-17,0.0,0.0,4.0,0.0,0.0,0.0,0.6621,0.0,0.0,1.02111226,1.021112
2024-06-18,1.0,0.0,0.0,0.0,0.0,0.0,0.1022,0.0,0.0,1.02111226,1.021112
2024-06-19,0.0,0.0,0.0,0.0,0.0,0.0,0.0,0.0,0.0,1.02111226,1.021112
2024-06-20,0.0,0.0,0.0,0.0,0.0,0.0,0.0,0.0,0.0,1.02111226,1.021112
2024-06-21,0.0,0.0,0.0,0.0,0.0,0.0,0.0,0.0,0.0,1.02111226,1.021112
2024-06-22,1.0,0.0,3.0,0.0,0.0,0.0,0.5988,0.0,0.0,1.02111226,1.021112
2024-06-23,3.0,0.0,8.0,0.0,0.0,0.5,1.7381,0.0,0.0,1.02111226,1.021112
2024-06-24,0.0,0.0,0.0,0.0,0.0,1.0,0.2143,0.0,0.0,1.02111226,1.021112
2024-06-25,0.0,9.0,0.0,0.0,0.0,1.0,1.6946,0.0,0.0,1.02111226,1.021112
2024-06-26,0.0,0.0,0.0,1.0,0.0,0.0,0.1556,0.0,0.0,1.02111226,1.021112
2024-06-27,48.0,45.0,26.0,0.0,0.0,0.0,16.6129,0.011955,0.017692,1.02111226,1.038804
2024-06-28,0.0,10.0,8.0,87.0,42.5,9.0,26.8431,1.403861,2.077519,1.02111226,3.098631
2024-06-29,0.0,2.0,0.0,0.0,0.0,0.0,0.329,0.0,0.0,1.02111226,1.021112
2024-06-30,0.0,0.0,0.0,1.1,0.0,0.0,0.1711,0.0,0.0,1.02111226,1.021112
2024-07-01,0.0,0.0,1.0,0.0,0.0,0.0,0.1655,0.0,0.0,1.02111226,1.021112
2024-07-02,0.0,0.0,0.0,0.0,0.0,0.0,0.0,0.0,0.0,1.02111226,1.021112
2024-07-03,14.0,16.0,19.0,0.0,0.0,2.0,7.6367,0.0,0.0,1.02111226,1.021112
2024-07-04,42.0,4.0,58.0,19.6,24.0,57.0,34.5654,3.68773,5.457328,1.02111226,6.478441
2024-07-05,0.0,0.0,0.0,4.5,7.0,53.0,13.4423,0.0,0.0,1.02111226,1.021112
2024-07-06,0.0,1.0,0.0,0.0,0.0,0.0,0.1645,0.0,0.0,1.02111226,1.021112
2024-07-07,0.0,1.0,0.0,0.0,0.0,0.0,0.1645,0.0,0.0,1.02111226,1.021112
2024-07-08,0.0,0.0,0.0,8.8,41.0,0.0,9.4827,0.0,0.0,1.02111226,1.021112
2024-07-09,0.0,0.0,0.0,0.0,0.0,0.0,0.0,0.0,0.0,1.02111226,1.021112
2024-07-10,0.0,0.0,0.0,0.0,0.0,0.0,0.0,0.0,0.0,1.02111226,1.021112
2024-07-11,0.0,0.0,0.0,0.0,0.0,0.0,0.0,0.0,0.0,1.02111226,1.021112
2024-07-12,0.0,0.0,0.0,0.0,0.0,0.0,0.0,0.0,0.0,1.02111226,1.021112
2024-07-13,0.0,0.0,0.0,0.0,0.0,0.0,0.0,0.0,0.0,1.02111226,1.021112
2024-07-14,0.0,0.0,0.0,0.0,0.0,0.0,0.0,0.0,0.0,1.02111226,1.021112
2024-07-15,0.0,0.0,0.0,0.0,0.0,0.0,0.0,0.0,0.0,1.02111226,1.021112
2024-07-16,0.0,0.0,0.0,0.0,0.0,0.0,0.0,0.0,0.0,1.02111226,1.021112
2024-07-17,0.0,0.0,0.0,0.0,0.0,0.0,0.0,0.0,0.0,1.02111226,1.021112
2024-07-18,0.0,0.0,0.0,0.0,0.0,0.0,0.0,0.0,0.0,1.02111226,1.021112
2024-07-19,0.0,0.0,0.0,0.0,0.0,0.0,0.0,0.0,0.0,1.02111226,1.021112
2024-07-20,0.0,0.0,0.0,0.0,0.0,0.0,0.0,0.0,0.0,1.02111226,1.021112
2024-07-21,0.0,0.0,0.0,0.0,0.0,0.0,0.0,0.0,0.0,1.02111226,1.021112
2024-07-22,0.0,0.0,0.0,0.0,0.0,0.0,0.0,0.0,0.0,1.02111226,1.021112
2024-07-23,0.0,0.0,0.0,0.0,0.0,0.0,0.0,0.0,0.0,1.02111226,1.021112
2024-07-24,0.0,0.0,0.0,0.0,0.0,0.0,0.0,0.0,0.0,1.02111226,1.021112
2024-07-25,0.0,0.0,0.0,0.0,0.0,0.0,0.0,0.0,0.0,1.02111226,1.021112
2024-07-26,0.0,0.0,0.0,0.0,0.0,0.0,0.0,0.0,0.0,1.02111226,1.021112
2024-07-27,0.0,0.0,0.0,0.0,0.0,0.0,0.0,0.0,0.0,1.02111226,1.021112
2024-07-28,0.0,0.0,0.0,0.0,0.0,0.0,0.0,0.0,0.0,1.02111226,1.021112
2024-07-29,0.0,0.0,0.0,0.0,0.0,0.0,0.0,0.0,0.0,1.02111226,1.021112
2024-07-30,0.0,0.0,0.0,0.0,0.0,0.0,0.0,0.0,0.0,1.02111226,1.021112
2024-07-31,0.0,0.0,0.0,0.0,0.0,0.0,0.0,0.0,0.0,1.02111226,1.021112
2024-08-01,0.0,1.0,0.0,0.0,0.0,0.0,0.1645,0.0,0.0,1.02111226,1.021112
2024-08-02,0.0,0.0,0.0,0.0,0.0,0.0,0.0,0.0,0.0,1.02111226,1.021112
2024-08-03,0.0,0.0,0.0,0.0,0.0,0.0,0.0,0.0,0.0,1.02111226,1.021112
2024-08-04,0.0,0.0,0.0,0.0,0.0,0.0,0.0,0.0,0.0,1.02111226,1.021112
2024-08-05,0.0,0.0,0.0,0.0,0.0,0.0,0.0,0.0,0.0,1.02111226,1.021112
2024-08-06,0.0,0.0,0.0,0.0,0.0,0.0,0.0,0.0,0.0,1.02111226,1.021112
2024-08-07,0.0,0.0,0.0,0.0,0.0,0.0,0.0,0.0,0.0,1.02111226,1.021112
2024-08-08,0.0,0.0,5.0,0.0,0.0,0.0,0.8277,0.0,0.0,1.02111226,1.021112
2024-08-09,4.0,0.0,0.0,0.0,0.0,6.0,1.6946,0.0,0.0,1.02111226,1.021112
2024-08-10,0.0,0.0,0.0,0.0,0.0,0.0,0.0,0.0,0.0,1.02111226,1.021112
2024-08-11,0.0,0.0,0.0,0.0,0.0,0.0,0.0,0.0,0.0,1.02111226,1.021112
2024-08-12,0.0,0.0,0.0,0.0,0.0,0.0,0.0,0.0,0.0,1.02111226,1.021112
2024-08-13,0.0,0.0,0.0,0.0,0.0,0.0,0.0,0.0,0.0,1.02111226,1.021112
2024-08-14,0.0,0.0,0.0,0.0,0.0,0.0,0.0,0.0,0.0,1.02111226,1.021112
2024-08-15,0.0,0.0,0.0,0.0,0.0,0.0,0.0,0.0,0.0,1.02111226,1.021112
2024-08-16,0.0,0.0,0.0,0.0,0.0,0.0,0.0,0.0,0.0,1.02111226,1.021112
2024-08-17,0.0,0.0,0.0,0.0,0.0,0.0,0.0,0.0,0.0,1.02111226,1.021112
2024-08-18,0.0,0.0,0.0,0.0,0.0,0.0,0.0,0.0,0.0,1.02111226,1.021112
2024-08-19,0.0,0.0,0.0,0.0,0.0,0.0,0.0,0.0,0.0,1.02111226,1.021112
2024-08-20,0.0,0.0,0.0,0.0,0.0,0.0,0.0,0.0,0.0,1.02111226,1.021112
2024-08-21,0.0,0.0,0.0,0.0,0.0,0.0,0.0,0.0,0.0,1.02111226,1.021112
2024-08-22,0.0,0.0,0.0,0.0,0.0,0.0,0.0,0.0,0.0,1.02111226,1.021112
2024-08-23,0.0,0.0,0.0,0.0,0.0,0.0,0.0,0.0,0.0,1.02111226,1.021112
2024-08-24,0.0,0.0,0.0,0.0,0.0,0.0,0.0,0.0,0.0,1.02111226,1.021112
2024-08-25,0.0,0.0,0.0,0.0,0.0,0.0,0.0,0.0,0.0,1.02111226,1.021112
2024-08-26,0.0,0.0,0.0,0.0,0.0,0.0,0.0,0.0,0.0,1.02111226,1.021112
2024-08-27,0.0,0.0,0.0,0.0,0.0,0.0,0.0,0.0,0.0,1.02111226,1.021112
2024-08-28,0.0,0.0,0.0,0.0,0.0,0.0,0.0,0.0,0.0,1.02111226,1.021112
2024-08-29,0.0,0.0,0.0,0.0,0.0,0.0,0.0,0.0,0.0,1.02111226,1.021112
2024-08-30,0.0,0.0,0.0,0.0,0.0,0.0,0.0,0.0,0.0,1.02111226,1.021112
2024-08-31,0.0,0.0,0.0,0.0,0.0,0.0,0.0,0.0,0.0,1.02111226,1.021112
2024-09-01,0.0,0.0,0.0,0.0,0.0,0.0,0.0,0.0,0.0,1.02111226,1.021112
2024-09-02,0.0,0.0,0.0,0.0,0.0,0.0,0.0,0.0,0.0,1.02111226,1.021112
2024-09-03,0.0,0.0,1.0,0.0,0.0,0.0,0.1655,0.0,0.0,1.02111226,1.021112
2024-09-04,0.0,0.0,2.0,0.0,0.0,0.0,0.3311,0.0,0.0,1.02111226,1.021112
2024-09-05,0.0,0.0,0.0,0.0,0.0,0.0,0.0,0.0,0.0,1.02111226,1.021112
2024-09-06,0.0,0.0,0.0,0.0,0.0,0.0,0.0,0.0,0.0,1.02111226,1.021112
2024-09-07,7.0,0.0,42.0,0.0,0.0,0.0,7.6679,0.0,0.0,1.02111226,1.021112
2024-09-08,0.0,1.0,6.0,0.0,0.0,2.0,1.5862,0.0,0.0,1.02111226,1.021112
2024-09-09,0.0,48.0,0.0,0.0,2.8,0.0,8.4493,0.0,0.0,1.02111226,1.021112
2024-09-10,0.0,16.0,0.0,24.5,1.9,0.0,6.8193,0.0,0.0,1.02111226,1.021112
2024-09-11,0.0,0.0,0.0,18.5,0.5,0.0,2.9771,0.0,0.0,1.02111226,1.021112
2024-09-12,0.0,0.0,0.0,0.0,0.0,0.0,0.0,0.0,0.0,1.02111226,1.021112
2024-09-13,0.0,0.0,0.0,0.0,0.0,0.0,0.0,0.0,0.0,1.02111226,1.021112
2024-09-14,0.0,0.0,0.0,0.0,0.0,0.0,0.0,0.0,0.0,1.02111226,1.021112
2024-09-15,0.0,0.0,0.0,0.0,0.0,0.0,0.0,0.0,0.0,1.02111226,1.021112
2024-09-16,0.0,0.0,0.0,0.0,0.0,0.0,0.0,0.0,0.0,1.02111226,1.021112
2024-09-17,0.0,0.0,0.0,0.0,0.0,0.0,0.0,0.0,0.0,1.02111226,1.021112
2024-09-18,0.0,0.0,0.0,0.0,0.0,0.0,0.0,0.0,0.0,1.02111226,1.021112
2024-09-19,0.0,0.0,0.0,0.0,0.0,0.0,0.0,0.0,0.0,1.02111226,1.021112
2024-09-20,0.0,0.0,0.0,0.0,0.0,0.0,0.0,0.0,0.0,1.02111226,1.021112
2024-09-21,0.0,0.0,0.0,0.0,0.0,0.0,0.0,0.0,0.0,1.02111226,1.021112
2024-09-22,0.0,0.0,0.0,0.0,0.0,0.0,0.0,0.0,0.0,1.02111226,1.021112
2024-09-23,1.0,42.0,2.0,0.0,0.0,0.0,7.3416,0.0,0.0,1.02111226,1.021112
2024-09-24,0.0,21.0,0.0,81.5,80.5,5.0,33.1353,3.198572,4.733443,1.02111226,5.754555
2024-09-25,0.0,24.0,0.0,12.5,1.0,0.5,6.1973,0.0,0.0,1.02111226,1.021112
2024-09-26,0.0,5.0,0.0,27.0,1.5,0.0,5.3198,0.0,0.0,1.02111226,1.021112
2024-09-27,0.0,0.0,0.0,39.0,1.0,0.0,6.2653,0.0,0.0,1.02111226,1.021112
2024-09-28,0.0,0.0,0.0,1.0,0.0,0.0,0.1556,0.0,0.0,1.02111226,1.021112
2024-09-29,0.0,0.0,0.0,0.0,0.0,0.0,0.0,0.0,0.0,1.02111226,1.021112
2024-09-30,0.0,0.0,0.0,0.0,0.0,0.0,0.0,0.0,0.0,1.02111226,1.021112
2024-10-01,0.0,0.0,0.0,2.0,0.6,0.0,0.4299,0.0,0.0,1.02111226,1.021112
2024-10-02,0.0,0.0,0.0,0.0,0.5,0.5,0.2061,0.0,0.0,1.02111226,1.021112
2024-10-03,0.0,0.0,0.0,0.0,0.0,0.0,0.0,0.0,0.0,1.02111226,1.021112
2024-10-04,0.0,0.0,0.0,0.0,0.0,0.0,0.0,0.0,0.0,1.02111226,1.021112
2024-10-05,0.0,0.0,0.0,0.0,0.0,0.0,0.0,0.0,0.0,1.02111226,1.021112
2024-10-06,0.0,0.0,0.0,0.0,0.0,0.0,0.0,0.0,0.0,1.02111226,1.021112
2024-10-07,12.0,0.0,18.0,0.0,0.0,0.0,4.2064,0.0,0.0,1.02111226,1.021112
2024-10-08,0.0,0.0,4.0,0.0,0.0,3.0,1.305,0.0,0.0,1.02111226,1.021112
2024-10-09,0.0,0.0,1.0,0.0,0.0,0.0,0.1655,0.0,0.0,1.02111226,1.021112
2024-10-10,0.0,0.0,0.0,0.0,0.0,0.0,0.0,0.0,0.0,1.02111226,1.021112
2024-10-11,0.0,0.0,0.0,0.0,0.0,0.0,0.0,0.0,0.0,1.02111226,1.021112
2024-10-12,0.0,0.0,0.0,0.0,0.0,0.0,0.0,0.0,0.0,1.02111226,1.021112
2024-10-13,0.0,0.0,0.0,0.0,0.0,0.0,0.0,0.0,0.0,1.02111226,1.021112
2024-10-14,0.0,0.0,0.0,0.0,0.0,0.0,0.0,0.0,0.0,1.02111226,1.021112
2024-10-15,0.0,0.0,0.0,0.0,0.0,0.0,0.0,0.0,0.0,1.02111226,1.021112
2024-10-16,0.0,0.0,0.0,0.0,0.0,0.0,0.0,0.0,0.0,1.02111226,1.021112
2024-10-17,0.0,0.0,0.0,0.0,0.0,0.0,0.0,0.0,0.0,1.02111226,1.021112
2024-10-18,0.0,0.0,1.0,0.0,0.0,0.0,0.1655,0.0,0.0,1.02111226,1.021112
2024-10-19,83.0,25.0,155.0,0.0,0.0,0.0,38.2549,5.07302,7.507365,1.02111226,8.528477
2024-10-20,17.0,7.0,8.0,29.0,45.0,76.0,33.916,3.462128,5.123469,1.02111226,6.144581
2024-10-21,0.0,0.0,4.0,10.0,15.0,7.0,6.6863,0.0,0.0,1.02111226,1.021112
2024-10-22,1.0,2.0,3.0,1.5,0.3,0.0,1.2205,0.0,0.0,1.02111226,1.021112
2024-10-23,11.0,0.0,9.0,0.5,1.6,1.5,3.3302,0.0,0.0,1.02111226,1.021112
2024-10-24,0.0,0.0,3.0,0.0,4.0,0.5,1.3953,0.0,0.0,1.02111226,1.021112
2024-10-25,1.0,0.0,1.0,0.0,0.0,0.5,0.3749,0.0,0.0,1.02111226,1.021112
2024-10-26,2.0,0.0,8.0,0.0,0.0,4.0,2.3858,0.0,0.0,1.02111226,1.021112
2024-10-27,0.0,0.0,1.0,0.0,0.0,0.5,0.2727,0.0,0.0,1.02111226,1.021112
2024-10-28,2.0,0.0,0.0,0.0,0.0,0.0,0.2045,0.0,0.0,1.02111226,1.021112
2024-10-29,0.0,0.0,0.0,0.0,0.0,0.0,0.0,0.0,0.0,1.02111226,1.021112
2024-10-30,0.0,0.0,6.0,0.0,0.0,1.0,1.2075,0.0,0.0,1.02111226,1.021112
2024-10-31,7.0,0.0,56.0,4.0,5.1,12.0,14.1883,0.0,0.0,1.02111226,1.021112
2024-11-01,8.0,11.0,0.0,0.0,2.6,7.0,4.6417,0.0,0.0,1.02111226,1.021112
2024-11-02,2.0,1.0,6.0,26.5,6.5,0.0,6.7712,0.0,0.0,1.02111226,1.021112
2024-11-03,14.0,36.0,4.0,17.0,18.5,2.0,14.7492,0.0,0.0,1.02111226,1.021112
2024-11-04,0.0,3.0,0.0,11.0,15.5,19.0,9.3435,0.0,0.0,1.02111226,1.021112
2024-11-05,0.0,8.0,0.0,9.0,2.0,37.0,11.0403,0.0,0.0,1.02111226,1.021112
2024-11-06,0.0,0.0,0.0,0.0,1.4,0.0,0.2771,0.0,0.0,1.02111226,1.021112
2024-11-07,1.0,0.0,0.0,0.0,0.4,0.0,0.1814,0.0,0.0,1.02111226,1.021112
2024-11-08,0.0,54.0,23.0,2.0,0.3,0.0,13.0598,0.0,0.0,1.02111226,1.021112
2024-11-09,52.0,30.0,65.0,0.0,4.5,0.0,21.9008,0.464094,0.686795,1.02111226,1.707907
2024-11-10,0.0,61.0,0.0,12.0,30.9,22.0,22.7295,0.589308,0.872095,1.02111226,1.893207
2024-11-11,8.0,11.0,5.0,0.5,25.0,3.0,9.1229,0.0,0.0,1.02111226,1.021112
2024-11-12,3.0,0.0,80.0,10.5,51.8,38.0,33.5764,3.346437,4.952263,1.02111226,5.973375
2024-11-13,3.0,0.0,0.0,0.0,2.0,43.0,9.9166,0.0,0.0,1.02111226,1.021112
2024-11-14,0.0,18.0,0.0,0.0,0.2,28.0,9.0002,0.0,0.0,1.02111226,1.021112
2024-11-15,0.0,2.0,0.0,2.5,0.0,0.0,0.7179,0.0,0.0,1.02111226,1.021112
2024-11-16,31.0,6.0,27.0,2.2,8.9,1.0,10.9433,0.0,0.0,1.02111226,1.021112
2024-11-17,39.0,66.0,33.0,4.0,19.5,56.0,36.7866,4.501229,6.661194,1.02111226,7.682306
2024-11-18,0.0,15.0,4.0,64.5,43.0,55.0,33.4589,3.30678,4.893576,1.02111226,5.914688
2024-11-19,0.0,10.0,1.0,52.0,18.0,3.0,14.1052,0.0,0.0,1.02111226,1.021112
2024-11-20,24.0,11.0,12.0,54.5,19.5,2.0,19.0156,0.139687,0.206717,1.02111226,1.227829
2024-11-21,19.0,0.0,0.0,50.0,11.2,19.0,16.0089,0.001733,0.002564,1.02111226,1.023676
2024-11-22,0.0,22.0,0.0,0.0,0.0,3.5,4.3686,0.0,0.0,1.02111226,1.021112
2024-11-23,0.0,13.0,0.0,5.0,17.6,2.0,6.8277,0.0,0.0,1.02111226,1.021112
2024-11-24,13.0,53.0,34.0,5.0,2.0,4.0,17.7055,0.053155,0.078662,1.02111226,1.099774
2024-11-25,37.0,0.0,12.0,68.5,33.0,65.0,36.8847,4.538607,6.716508,1.02111226,7.73762
2024-11-26,0.0,1.0,0.0,2.5,3.0,7.5,2.7542,0.0,0.0,1.02111226,1.021112
2024-11-27,85.0,19.0,77.0,0.0,0.0,0.0,24.5611,0.913512,1.351871,1.02111226,2.372983
2024-11-28,100.0,44.0,74.0,29.5,34.3,41.0,49.8729,10.423041,15.424653,1.02111226,16.445765
2024-11-29,13.0,12.0,16.0,42.0,47.6,37.0,29.8337,2.180467,3.226789,1.02111226,4.247901
2024-11-30,53.0,52.0,70.0,8.5,18.5,18.0,34.3993,3.629483,5.371131,1.02111226,6.392243
2024-12-01,12.0,3.0,8.0,56.0,46.0,50.0,31.5739,2.697122,3.991365,1.02111226,5.012478
2024-12-02,21.0,11.0,40.0,2.0,4.5,2.0,12.2077,0.0,0.0,1.02111226,1.021112
2024-12-03,4.0,0.0,5.0,2.0,25.0,46.0,16.3521,0.006426,0.00951,1.02111226,1.030622
2024-12-04,0.0,6.0,0.0,0.0,1.0,0.5,1.2919,0.0,0.0,1.02111226,1.021112
2024-12-05,0.0,3.0,3.0,6.0,23.6,24.0,11.7366,0.0,0.0,1.02111226,1.021112
2024-12-06,11.0,64.0,10.0,29.0,47.6,7.0,28.7382,1.879169,2.780909,1.02111226,3.802021
2024-12-07,4.0,39.0,6.0,51.5,26.6,6.0,22.3787,0.534631,0.791179,1.02111226,1.812291
2024-12-08,45.0,31.0,35.0,30.5,4.0,10.0,23.1726,0.661825,0.97941,1.02111226,2.000522
2024-12-09,9.0,2.0,6.0,29.5,29.0,39.0,20.9276,0.334893,0.495596,1.02111226,1.516708
2024-12-10,108.0,53.0,107.0,6.0,16.0,11.0,43.9277,7.514453,11.120346,1.02111226,12.141459
2024-12-11,3.0,0.0,13.0,56.0,55.7,81.0,39.5503,5.598895,8.285587,1.02111226,9.306699
2024-12-12,35.0,10.0,32.0,1.0,0.9,0.0,10.8537,0.0,0.0,1.02111226,1.021112
2024-12-13,0.0,17.0,0.0,14.5,21.5,24.0,14.4495,0.0,0.0,1.02111226,1.021112
2024-12-14,18.0,14.0,34.0,54.0,15.5,26.0,26.8107,1.396276,2.066295,1.02111226,3.087407
2024-12-15,58.0,91.0,52.0,18.0,15.6,25.5,40.8569,6.148854,9.09945,1.02111226,10.120563
2024-12-16,18.0,5.0,18.0,111.5,81.5,83.0,56.9025,14.252156,21.091211,1.02111226,22.112323
2024-12-17,57.0,55.0,57.0,4.5,11.5,37.0,35.2136,3.918505,5.798843,1.02111226,6.819955
2024-12-18,0.0,12.0,0.0,71.0,35.0,47.0,30.0171,2.232758,3.304172,1.02111226,4.325284
2024-12-19,19.0,0.0,24.0,7.5,5.5,0.0,8.1704,0.0,0.0,1.02111226,1.021112
2024-12-20,1.0,0.0,0.0,0.0,0.0,0.5,0.2094,0.0,0.0,1.02111226,1.021112
2024-12-21,46.0,21.0,44.0,0.0,0.0,1.5,15.7618,0.000189,0.00028,1.02111226,1.021393
2024-12-22,0.0,56.0,1.0,7.0,2.4,3.0,11.5834,0.0,0.0,1.02111226,1.021112
2024-12-23,36.0,11.0,73.0,5.5,40.5,1.0,26.6582,1.36073,2.013691,1.02111226,3.034803
2024-12-24,74.0,13.0,80.0,7.2,6.0,31.0,31.8964,2.797822,4.140388,1.02111226,5.1615
2024-12-25,10.0,14.0,28.0,18.5,60.0,15.5,26.0331,1.219262,1.804339,1.02111226,2.825451
2024-12-26,7.0,13.0,4.0,3.5,0.4,5.5,5.3183,0.0,0.0,1.02111226,1.021112
2024-12-27,0.0,0.0,0.0,6.0,5.5,5.0,3.0933,0.0,0.0,1.02111226,1.021112
2024-12-28,38.0,11.0,41.0,2.0,4.0,0.0,13.5838,0.0,0.0,1.02111226,1.021112
2024-12-29,12.0,7.0,10.0,20.5,10.5,24.0,14.4434,0.0,0.0,1.02111226,1.021112
2024-12-30,2.0,20.0,3.0,1.5,7.5,9.0,7.6368,0.0,0.0,1.02111226,1.021112
2024-12-31,15.0,0.0,8.0,14.0,2.9,1.0,5.824,0.0,0.0,1.02111226,1.021112
