date,pacitan,nawangan,kebonagung,bandar,tegalombo,tulakan,p_das,pe,q_runoff,q_baseflow,q_total
2014-01-01,20.0,37.0,38.0,2.0,16.0,20.0,22.166666666666668,1.2282016141312624,9.950707521896803,3.92918,13.879887521896803
2014-01-02,18.0,5.0,49.0,0.0,4.0,10.0,14.333333333333334,0.04095871716137835,0.33184145848338936,3.92918,4.261021458483389
2014-01-03,3.0,2.0,6.0,2.0,3.0,3.0,3.1666666666666665,0.0,0.0,3.92918,3.92918
2014-01-04,0.0,0.0,0.0,18.0,6.0,1.0,4.166666666666667,0.0,0.0,3.92918,3.92918
2014-01-05,5.0,16.0,14.0,4.0,25.0,4.0,11.333333333333334,0.0,0.0,3.92918,3.92918
2014-01-06,5.0,57.0,9.0,2.0,2.0,57.0,22.0,1.1880494505494503,9.625400641025639,5.058655696153846,14.684056337179484
2014-01-07,27.0,23.0,23.0,5.0,27.0,53.0,26.333333333333332,2.4096946125036007,19.522988758709726,7.582411554267997,27.10540031297772
2014-01-08,2.0,6.0,3.0,16.0,28.0,4.0,9.833333333333334,0.0,0.0,6.975818629926557,6.975818629926557
2014-01-09,3.0,26.0,8.0,7.0,1.0,14.0,9.833333333333334,0.0,0.0,6.417753139532433,6.417753139532433
2014-01-10,7.0,27.0,17.0,11.0,0.0,0.0,10.333333333333334,0.0,0.0,5.904332888369838,5.904332888369838
2014-01-11,0.0,6.0,0.0,14.0,0.0,0.0,3.3333333333333335,0.0,0.0,5.4319862573002515,5.4319862573002515
2014-01-12,4.0,5.0,3.0,3.0,9.0,3.0,4.5,0.0,0.0,4.997427356716232,4.997427356716232
2014-01-13,14.0,32.0,17.0,5.0,13.0,63.0,24.0,1.707085561497326,13.830554317686667,6.672216315831934,20.5027706335186
2014-01-14,44.0,0.0,58.0,0.0,53.0,58.0,35.5,6.023638470451911,48.802626496716876,13.45883298507291,62.261459481789785
2014-01-15,46.0,32.0,56.0,40.0,49.0,41.0,44.0,10.334282700421939,83.72682743397405,24.941150461363186,108.66797789533723
2014-01-16,40.0,37.0,104.0,61.0,36.0,54.0,55.333333333333336,17.125638609715242,138.749386884267,43.75826645709418,182.5076533413612
2014-01-17,0.0,0.0,0.0,3.0,0.0,0.0,0.5,0.0,0.0,40.25760514052665,40.25760514052665
2014-01-18,2.0,0.0,1.0,0.0,0.0,0.0,0.5,0.0,0.0,37.03699672928452,37.03699672928452
2014-01-19,3.0,18.0,8.0,0.0,12.0,0.0,6.833333333333333,0.0,0.0,34.07403699094176,34.07403699094176
2014-01-20,19.0,24.0,30.0,6.0,27.0,44.0,25.0,1.9959102902374666,16.170569481090585,33.773699453830005,49.944268934920586
2014-01-21,20.0,10.0,20.0,0.0,20.0,30.0,16.666666666666668,0.23321805006587618,1.8894980908114967,31.35522821114533,33.24472630195683
2014-01-22,5.0,3.0,24.0,6.0,0.0,5.0,7.166666666666667,0.0,0.0,28.846809954253704,28.846809954253704
2014-01-23,31.0,11.0,48.0,0.0,0.0,58.0,24.666666666666668,1.8975412249705537,15.373597887492913,28.845104841037347,44.21870272853026
2014-01-24,2.0,5.0,5.0,9.0,1.0,2.0,4.0,0.0,0.0,26.53749645375436,26.53749645375436
2014-01-25,18.0,14.0,15.0,12.0,13.0,9.0,13.5,0.009953343701399664,0.08064051609930284,24.426592814868908,24.507233330968212
2014-01-26,25.0,29.0,24.0,7.0,66.0,26.0,29.5,3.514819427148193,28.47654628476545,26.743947332394214,55.22049361715966
2014-01-27,3.0,0.0,14.0,0.0,1.0,2.0,3.3333333333333335,0.0,0.0,24.60443154580268,24.60443154580268
2014-01-28,0.0,0.0,0.0,0.0,0.0,0.0,0.0,0.0,0.0,22.636077022138466,22.636077022138466
2014-01-29,1.0,12.0,0.0,8.0,16.0,2.0,6.5,0.0,0.0,20.82519086036739,20.82519086036739
2014-01-30,0.0,0.0,1.0,13.0,0.0,5.0,3.1666666666666665,0.0,0.0,19.159175591538,19.159175591538
2014-01-31,0.0,4.0,1.0,5.0,1.0,2.0,2.1666666666666665,0.0,0.0,17.62644154421496,17.62644154421496
2014-02-01,17.0,9.0,10.0,2.0,5.0,10.0,8.833333333333334,0.0,0.0,16.216326220677765,16.216326220677765
2014-02-02,3.0,5.0,9.0,0.0,1.0,6.0,4.0,0.0,0.0,14.919020123023545,14.919020123023545
2014-02-03,0.0,4.0,7.0,0.0,12.0,1.0,4.0,0.0,0.0,13.725498513181662,13.725498513181662
2014-02-04,12.0,5.0,14.0,7.0,0.0,3.0,6.833333333333333,0.0,0.0,12.62745863212713,12.62745863212713
2014-02-05,0.0,1.0,0.0,3.0,0.0,1.0,0.8333333333333334,0.0,0.0,11.61726194155696,11.61726194155696
2014-02-06,4.0,0.0,3.0,0.0,8.0,33.0,8.0,0.0,0.0,10.687880986232404,10.687880986232404
2014-02-07,14.0,0.0,7.0,13.0,2.0,26.0,10.333333333333334,0.0,0.0,9.832850507333813,9.832850507333813
2014-02-08,2.0,11.0,9.0,5.0,6.0,2.0,5.833333333333333,0.0,0.0,9.046222466747109,9.046222466747109
2014-02-09,3.0,16.0,3.0,0.0,8.0,11.0,6.833333333333333,0.0,0.0,8.32252466940734,8.32252466940734
2014-02-10,0.0,0.0,0.0,0.0,0.0,0.0,0.0,0.0,0.0,7.656722695854753,7.656722695854753
2014-02-11,0.0,0.0,0.0,0.0,0.0,0.0,0.0,0.0,0.0,7.044184880186373,7.044184880186373
2014-02-12,6.0,0.0,5.0,0.0,0.0,0.0,1.8333333333333333,0.0,0.0,6.480650089771464,6.480650089771464
2014-02-13,0.0,0.0,0.0,0.0,0.0,6.0,1.0,0.0,0.0,5.962198082589747,5.962198082589747
2014-02-14,0.0,16.0,0.0,0.0,0.0,0.0,2.6666666666666665,0.0,0.0,5.485222235982568,5.485222235982568
2014-02-15,0.0,0.0,2.0,18.0,10.0,6.0,6.0,0.0,0.0,5.046404457103963,5.046404457103963
2014-02-16,4.0,0.0,0.0,0.0,0.0,0.0,0.6666666666666666,0.0,0.0,4.642692100535646,4.642692100535646
2014-02-17,1.0,14.0,4.0,11.0,15.0,3.0,8.0,0.0,0.0,4.271276732492795,4.271276732492795
2014-02-18,0.0,0.0,0.0,0.0,0.0,1.0,0.16666666666666666,0.0,0.0,3.9295745938933715,3.9295745938933715
2014-02-19,11.0,5.0,15.0,0.0,2.0,1.0,5.666666666666667,0.0,0.0,3.92918,3.92918
2014-02-20,2.0,8.0,4.0,12.0,0.0,4.0,5.0,0.0,0.0,3.92918,3.92918
2014-02-21,0.0,0.0,0.0,0.0,3.0,0.0,0.5,0.0,0.0,3.92918,3.92918
2014-02-22,10.0,9.0,19.0,4.0,2.0,19.0,10.5,0.0,0.0,3.92918,3.92918
2014-02-23,10.0,18.0,10.0,0.0,2.0,12.0,8.666666666666666,0.0,0.0,3.92918,3.92918
2014-02-24,0.0,0.0,11.0,0.0,3.0,26.0,6.666666666666667,0.0,0.0,3.92918,3.92918
2014-02-25,5.0,45.0,4.0,0.0,28.0,22.0,17.333333333333332,0.3150848010437049,2.5527703788263127,3.9977611568239473,6.55053153565026
2014-02-26,1.0,32.0,0.0,18.0,32.0,22.0,17.5,0.3373352855051243,2.7330405075646644,4.0878963404127315,6.820936847977396
2014-02-27,0.0,40.0,2.0,5.0,8.0,2.0,9.5,0.0,0.0,3.92918,3.92918
2014-02-28,1.0,0.0,0.0,14.0,7.0,0.0,3.6666666666666665,0.0,0.0,3.92918,3.92918
2014-03-01,0.0,0.0,0.0,0.0,2.0,0.0,0.3333333333333333,0.0,0.0,3.92918,3.92918
2014-03-02,0.0,0.0,0.0,3.0,1.0,0.0,0.6666666666666666,0.0,0.0,3.92918,3.92918
2014-03-03,0.0,2.0,0.0,0.0,0.0,0.0,0.3333333333333333,0.0,0.0,3.92918,3.92918
2014-03-04,0.0,10.0,0.0,2.0,13.0,33.0,9.666666666666666,0.0,0.0,3.92918,3.92918
2014-03-05,0.0,40.0,0.0,0.0,3.0,0.0,7.166666666666667,0.0,0.0,3.92918,3.92918
2014-03-06,0.0,0.0,0.0,2.0,0.0,0.0,0.3333333333333333,0.0,0.0,3.92918,3.92918
2014-03-07,0.0,0.0,0.0,0.0,0.0,0.0,0.0,0.0,0.0,3.92918,3.92918
2014-03-08,0.0,0.0,0.0,0.0,0.0,0.0,0.0,0.0,0.0,3.92918,3.92918
2014-03-09,0.0,2.0,0.0,0.0,0.0,0.0,0.3333333333333333,0.0,0.0,3.92918,3.92918
2014-03-10,0.0,0.0,0.0,0.0,0.0,0.0,0.0,0.0,0.0,3.92918,3.92918
2014-03-11,0.0,0.0,0.0,0.0,0.0,0.0,0.0,0.0,0.0,3.92918,3.92918
2014-03-12,0.0,0.0,0.0,0.0,0.0,0.0,0.0,0.0,0.0,3.92918,3.92918
2014-03-13,33.0,6.0,19.0,4.0,11.0,8.0,13.5,0.009953343701399664,0.08064051609930284,3.92918,4.009820516099303
2014-03-14,3.0,28.0,4.0,3.0,4.0,17.0,9.833333333333334,0.0,0.0,3.92918,3.92918
2014-03-15,0.0,15.0,1.0,6.0,0.0,2.0,4.0,0.0,0.0,3.92918,3.92918
2014-03-16,0.0,13.0,0.0,9.0,11.0,0.0,5.5,0.0,0.0,3.92918,3.92918
2014-03-17,0.0,7.0,12.0,22.0,40.0,9.0,15.0,0.08039513677811543,0.6513494877856574,3.92918,4.5805294877856575
2014-03-18,0.0,11.0,0.0,5.0,4.0,0.0,3.3333333333333335,0.0,0.0,3.92918,3.92918
2014-03-19,2.0,28.0,14.0,7.0,1.0,13.0,10.833333333333334,0.0,0.0,3.92918,3.92918
2014-03-20,10.0,6.0,14.0,0.0,0.0,7.0,6.166666666666667,0.0,0.0,3.92918,3.92918
2014-03-21,10.0,0.0,18.0,0.0,0.0,13.0,6.833333333333333,0.0,0.0,3.92918,3.92918
2014-03-22,0.0,0.0,0.0,8.0,0.0,6.0,2.3333333333333335,0.0,0.0,3.92918,3.92918
2014-03-23,0.0,0.0,0.0,0.0,0.0,0.0,0.0,0.0,0.0,3.92918,3.92918
2014-03-24,0.0,0.0,0.0,0.0,0.0,0.0,0.0,0.0,0.0,3.92918,3.92918
2014-03-25,23.0,2.0,4.0,0.0,3.0,9.0,6.833333333333333,0.0,0.0,3.92918,3.92918
2014-03-26,0.0,0.0,0.0,4.0,0.0,1.0,0.8333333333333334,0.0,0.0,3.92918,3.92918
2014-03-27,5.0,13.0,0.0,0.0,0.0,0.0,3.0,0.0,0.0,3.92918,3.92918
2014-03-28,1.0,1.0,0.0,0.0,14.0,0.0,2.6666666666666665,0.0,0.0,3.92918,3.92918
2014-03-29,0.0,2.0,0.0,0.0,0.0,0.0,0.3333333333333333,0.0,0.0,3.92918,3.92918
2014-03-30,0.0,0.0,0.0,0.0,0.0,0.0,0.0,0.0,0.0,3.92918,3.92918
2014-03-31,0.0,0.0,0.0,0.0,0.0,0.0,0.0,0.0,0.0,3.92918,3.92918
2014-04-01,0.0,0.0,7.0,0.0,0.0,0.0,1.1666666666666667,0.0,0.0,3.92918,3.92918
2014-04-02,0.0,13.0,1.0,0.0,75.0,6.0,15.833333333333334,0.14734033683508418,1.1937295808398025,3.92918,5.122909580839803
2014-04-03,0.0,0.0,0.0,17.0,16.0,0.0,5.5,0.0,0.0,3.92918,3.92918
2014-04-04,0.0,0.0,0.0,5.0,0.0,1.0,1.0,0.0,0.0,3.92918,3.92918
2014-04-05,0.0,0.0,0.0,0.0,0.0,0.0,0.0,0.0,0.0,3.92918,3.92918
2014-04-06,0.0,0.0,0.0,3.0,38.0,0.0,6.833333333333333,0.0,0.0,3.92918,3.92918
2014-04-07,0.0,3.0,0.0,6.0,43.0,1.0,8.833333333333334,0.0,0.0,3.92918,3.92918
2014-04-08,4.0,0.0,2.0,6.0,0.0,5.0,2.8333333333333335,0.0,0.0,3.92918,3.92918
2014-04-09,13.0,0.0,4.0,0.0,2.0,1.0,3.3333333333333335,0.0,0.0,3.92918,3.92918
2014-04-10,1.0,0.0,0.0,0.0,11.0,0.0,2.0,0.0,0.0,3.92918,3.92918
2014-04-11,9.0,0.0,10.0,12.0,11.0,4.0,7.666666666666667,0.0,0.0,3.92918,3.92918
2014-04-12,10.0,0.0,4.0,0.0,0.0,0.0,2.3333333333333335,0.0,0.0,3.92918,3.92918
2014-04-13,5.0,10.0,24.0,4.0,6.0,26.0,12.5,0.0,0.0,3.92918,3.92918
2014-04-14,0.0,0.0,0.0,2.0,0.0,0.0,0.3333333333333333,0.0,0.0,3.92918,3.92918
2014-04-15,19.0,5.0,17.0,0.0,0.0,0.0,6.833333333333333,0.0,0.0,3.92918,3.92918
2014-04-16,4.0,0.0,2.0,0.0,0.0,17.0,3.8333333333333335,0.0,0.0,3.92918,3.92918
2014-04-17,0.0,0.0,1.0,7.0,14.0,2.0,4.0,0.0,0.0,3.92918,3.92918
2014-04-18,0.0,0.0,0.0,0.0,0.0,0.0,0.0,0.0,0.0,3.92918,3.92918
2014-04-19,0.0,0.0,0.0,0.0,0.0,0.0,0.0,0.0,0.0,3.92918,3.92918
2014-04-20,0.0,9.0,20.0,0.0,2.0,1.0,5.333333333333333,0.0,0.0,3.92918,3.92918
2014-04-21,0.0,11.0,1.0,0.0,0.0,10.0,3.6666666666666665,0.0,0.0,3.92918,3.92918
2014-04-22,36.0,8.0,47.0,0.0,3.0,8.0,17.0,0.27271386430678457,2.2094873265595973,3.94626869898394,6.155756025543537
2014-04-23,2.0,38.0,2.0,16.0,12.0,0.0,11.666666666666666,0.0,0.0,3.92918,3.92918
2014-04-24,0.0,0.0,0.0,0.0,0.0,0.0,0.0,0.0,0.0,3.92918,3.92918
2014-04-25,0.0,0.0,0.0,0.0,0.0,0.0,0.0,0.0,0.0,3.92918,3.92918
2014-04-26,0.0,0.0,2.0,0.0,0.0,0.0,0.3333333333333333,0.0,0.0,3.92918,3.92918
2014-04-27,0.0,0.0,0.0,11.0,0.0,0.0,1.8333333333333333,0.0,0.0,3.92918,3.92918
2014-04-28,16.0,35.0,27.0,0.0,10.0,11.0,16.5,0.21456166419019307,1.738346816355731,3.92918,5.667526816355731
2014-04-29,2.0,0.0,2.0,0.0,0.0,0.0,0.6666666666666666,0.0,0.0,3.92918,3.92918
2014-04-30,0.0,0.0,0.0,0.0,9.0,0.0,1.5,0.0,0.0,3.92918,3.92918
2014-05-01,0.0,0.0,0.0,0.0,0.0,2.0,0.3333333333333333,0.0,0.0,3.92918,3.92918
2014-05-02,0.0,0.0,0.0,0.0,0.0,0.0,0.0,0.0,0.0,3.92918,3.92918
2014-05-03,0.0,0.0,14.0,0.0,0.0,0.0,2.3333333333333335,0.0,0.0,3.92918,3.92918
2014-05-04,0.0,0.0,0.0,0.0,0.0,0.0,0.0,0.0,0.0,3.92918,3.92918
2014-05-05,0.0,0.0,0.0,0.0,0.0,0.0,0.0,0.0,0.0,3.92918,3.92918
2014-05-06,0.0,0.0,0.0,0.0,3.0,27.0,5.0,0.0,0.0,3.92918,3.92918
2014-05-07,0.0,0.0,0.0,0.0,0.0,0.0,0.0,0.0,0.0,3.92918,3.92918
2014-05-08,0.0,7.0,0.0,0.0,5.0,0.0,2.0,0.0,0.0,3.92918,3.92918
2014-05-09,0.0,0.0,1.0,0.0,0.0,0.0,0.16666666666666666,0.0,0.0,3.92918,3.92918
2014-05-10,0.0,0.0,0.0,0.0,0.0,1.0,0.16666666666666666,0.0,0.0,3.92918,3.92918
2014-05-11,0.0,0.0,0.0,0.0,0.0,0.0,0.0,0.0,0.0,3.92918,3.92918
2014-05-12,0.0,0.0,0.0,0.0,0.0,0.0,0.0,0.0,0.0,3.92918,3.92918
2014-05-13,0.0,0.0,0.0,0.0,0.0,0.0,0.0,0.0,0.0,3.92918,3.92918
2014-05-14,0.0,30.0,31.0,0.0,27.0,31.0,19.833333333333332,0.720402705678779,5.836595995082701,4.490334999262405,10.326930994345105
2014-05-15,0.0,15.0,2.0,0.0,0.0,0.0,2.8333333333333335,0.0,0.0,4.131108199321413,4.131108199321413
2014-05-16,0.0,0.0,2.0,0.0,0.0,0.0,0.3333333333333333,0.0,0.0,3.92918,3.92918
2014-05-17,0.0,0.0,0.0,0.0,0.0,0.0,0.0,0.0,0.0,3.92918,3.92918
2014-05-18,0.0,0.0,0.0,0.0,0.0,0.0,0.0,0.0,0.0,3.92918,3.92918
2014-05-19,0.0,0.0,0.0,0.0,0.0,0.0,0.0,0.0,0.0,3.92918,3.92918
2014-05-20,0.0,0.0,0.0,0.0,0.0,0.0,0.0,0.0,0.0,3.92918,3.92918
2014-05-21,0.0,0.0,0.0,0.0,0.0,0.0,0.0,0.0,0.0,3.92918,3.92918
2014-05-22,0.0,0.0,0.0,0.0,0.0,0.0,0.0,0.0,0.0,3.92918,3.92918
2014-05-23,0.0,8.0,0.0,0.0,0.0,0.0,1.3333333333333333,0.0,0.0,3.92918,3.92918
2014-05-24,0.0,0.0,0.0,0.0,0.0,0.0,0.0,0.0,0.0,3.92918,3.92918
2014-05-25,0.0,0.0,0.0,0.0,0.0,0.0,0.0,0.0,0.0,3.92918,3.92918
2014-05-26,0.0,0.0,0.0,0.0,0.0,0.0,0.0,0.0,0.0,3.92918,3.92918
2014-05-27,0.0,0.0,0.0,0.0,0.0,0.0,0.0,0.0,0.0,3.92918,3.92918
2014-05-28,0.0,0.0,0.0,0.0,0.0,0.0,0.0,0.0,0.0,3.92918,3.92918
2014-05-29,0.0,0.0,0.0,0.0,0.0,1.0,0.16666666666666666,0.0,0.0,3.92918,3.92918
2014-05-30,0.0,0.0,1.0,0.0,0.0,0.0,0.16666666666666666,0.0,0.0,3.92918,3.92918
2014-05-31,0.0,0.0,0.0,0.0,0.0,0.0,0.0,0.0,0.0,3.92918,3.92918
2014-06-01,0.0,0.0,0.0,0.0,0.0,0.0,0.0,0.0,0.0,3.92918,3.92918
2014-06-02,0.0,0.0,0.0,0.0,0.0,0.0,0.0,0.0,0.0,3.92918,3.92918
2014-06-03,0.0,0.0,0.0,0.0,0.0,0.0,0.0,0.0,0.0,3.92918,3.92918
2014-06-04,0.0,2.0,0.0,0.0,0.0,0.0,0.3333333333333333,0.0,0.0,3.92918,3.92918
2014-06-05,0.0,0.0,0.0,0.0,0.0,0.0,0.0,0.0,0.0,3.92918,3.92918
2014-06-06,0.0,0.0,0.0,0.0,0.0,0.0,0.0,0.0,0.0,3.92918,3.92918
2014-06-07,0.0,0.0,0.0,0.0,0.0,0.0,0.0,0.0,0.0,3.92918,3.92918
2014-06-08,0.0,0.0,0.0,0.0,0.0,0.0,0.0,0.0,0.0,3.92918,3.92918
2014-06-09,0.0,0.0,0.0,0.0,0.0,0.0,0.0,0.0,0.0,3.92918,3.92918
2014-06-10,0.0,0.0,0.0,0.0,0.0,0.0,0.0,0.0,0.0,3.92918,3.92918
2014-06-11,0.0,50.0,0.0,0.0,0.0,0.0,8.333333333333334,0.0,0.0,3.92918,3.92918
2014-06-12,0.0,0.0,0.0,0.0,0.0,0.0,0.0,0.0,0.0,3.92918,3.92918
2014-06-13,0.0,0.0,0.0,0.0,0.0,0.0,0.0,0.0,0.0,3.92918,3.92918
2014-06-14,0.0,0.0,0.0,0.0,0.0,0.0,0.0,0.0,0.0,3.92918,3.92918
2014-06-15,0.0,0.0,0.0,0.0,0.0,0.0,0.0,0.0,0.0,3.92918,3.92918
2014-06-16,0.0,0.0,0.0,0.0,0.0,0.0,0.0,0.0,0.0,3.92918,3.92918
2014-06-17,0.0,0.0,0.0,0.0,0.0,0.0,0.0,0.0,0.0,3.92918,3.92918
2014-06-18,5.0,120.0,41.0,0.0,48.0,16.0,38.333333333333336,7.371740214410372,59.724747107491446,12.573557666123717,72.29830477361516
2014-06-19,14.0,0.0,16.0,9.0,20.0,12.0,11.833333333333334,0.0,0.0,11.56767305283382,11.56767305283382
2014-06-20,1.0,1.0,8.0,0.0,10.0,13.0,5.5,0.0,0.0,10.642259208607115,10.642259208607115
2014-06-21,0.0,0.0,0.0,0.0,0.0,0.0,0.0,0.0,0.0,9.790878471918546,9.790878471918546
2014-06-22,2.0,4.0,1.0,0.0,0.0,0.0,1.1666666666666667,0.0,0.0,9.007608194165062,9.007608194165062
2014-06-23,0.0,0.0,0.0,0.0,0.0,0.0,0.0,0.0,0.0,8.286999538631857,8.286999538631857
2014-06-24,0.0,0.0,0.0,0.0,0.0,0.0,0.0,0.0,0.0,7.624039575541309,7.624039575541309
2014-06-25,18.0,31.0,103.0,0.0,10.0,46.0,34.666666666666664,5.645878835153403,45.74207389591877,13.87542749388582,59.61750138980459
2014-06-26,28.0,46.0,47.0,0.0,2.0,2.0,20.833333333333332,0.923468279820071,7.4818031929866855,13.887663773322958,21.369466966309645
2014-06-27,133.0,27.0,36.0,3.0,1.0,0.0,33.333333333333336,5.060235076597992,40.99727492614114,18.92624191037829,59.923516836519426
2014-06-28,0.0,0.0,1.0,0.0,0.0,1.0,0.3333333333333333,0.0,0.0,17.41214255754803,17.41214255754803
2014-06-29,1.0,0.0,3.0,0.0,0.0,0.0,0.6666666666666666,0.0,0.0,16.01917115294419,16.01917115294419
2014-06-30,0.0,0.0,0.0,0.0,0.0,0.0,0.0,0.0,0.0,14.737637460708655,14.737637460708655
2014-07-01,34.0,0.0,69.0,0.0,0.0,25.0,21.333333333333332,1.0332871226124456,8.371539187832314,14.81435734202681,23.18589652985912
2014-07-02,1.0,0.0,47.0,0.0,0.0,0.0,8.0,0.0,0.0,13.629208754664665,13.629208754664665
2014-07-03,7.0,0.0,24.0,2.0,2.0,18.0,8.833333333333334,0.0,0.0,12.538872054291492,12.538872054291492
2014-07-04,1.0,0.0,6.0,0.0,0.0,5.0,2.0,0.0,0.0,11.535762289948172,11.535762289948172
2014-07-05,0.0,0.0,1.0,0.0,0.0,0.0,0.16666666666666666,0.0,0.0,10.612901306752319,10.612901306752319
2014-07-06,0.0,0.0,15.0,0.0,0.0,0.0,2.5,0.0,0.0,9.763869202212133,9.763869202212133
2014-07-07,0.0,0.0,7.0,4.0,0.0,0.0,1.8333333333333333,0.0,0.0,8.982759666035163,8.982759666035163
2014-07-08,5.0,0.0,13.0,0.0,0.0,0.0,3.0,0.0,0.0,8.26413889275235,8.26413889275235
2014-07-09,1.0,0.0,5.0,0.0,0.0,3.0,1.5,0.0,0.0,7.6030077813321615,7.6030077813321615
2014-07-10,0.0,0.0,0.0,0.0,0.0,0.0,0.0,0.0,0.0,6.994767158825589,6.994767158825589
2014-07-11,0.0,0.0,0.0,4.0,0.0,0.0,0.6666666666666666,0.0,0.0,6.435185786119542,6.435185786119542
2014-07-12,0.0,0.0,0.0,0.0,0.0,0.0,0.0,0.0,0.0,5.920370923229979,5.920370923229979
2014-07-13,9.0,12.0,38.0,11.0,0.0,45.0,19.166666666666668,0.597681435604256,4.8423264458678155,6.173090216251753,11.015416662119568
2014-07-14,72.0,24.0,123.0,7.0,5.0,76.0,51.166666666666664,14.511452544404486,117.56963866994376,23.314688799443175,140.88432746938693
2014-07-15,7.0,2.0,21.0,3.0,6.0,32.0,11.833333333333334,0.0,0.0,21.44951369548772,21.44951369548772
2014-07-16,1.0,0.0,4.0,0.0,0.0,0.0,0.8333333333333334,0.0,0.0,19.733552599848704,19.733552599848704
2014-07-17,0.0,0.0,0.0,0.0,0.0,0.0,0.0,0.0,0.0,18.15486839186081,18.15486839186081
2014-07-18,0.0,0.0,0.0,0.0,0.0,0.0,0.0,0.0,0.0,16.702478920511947,16.702478920511947
2014-07-19,0.0,0.0,0.0,0.0,0.0,0.0,0.0,0.0,0.0,15.366280606870992,15.366280606870992
2014-07-20,0.0,0.0,0.0,0.0,0.0,0.0,0.0,0.0,0.0,14.136978158321314,14.136978158321314
2014-07-21,0.0,0.0,0.0,0.0,4.0,1.0,0.8333333333333334,0.0,0.0,13.00601990565561,13.00601990565561
2014-07-22,0.0,0.0,0.0,0.0,0.0,0.0,0.0,0.0,0.0,11.965538313203162,11.965538313203162
2014-07-23,0.0,0.0,0.0,0.0,0.0,0.0,0.0,0.0,0.0,11.00829524814691,11.00829524814691
2014-07-24,0.0,0.0,0.0,0.0,0.0,0.0,0.0,0.0,0.0,10.127631628295157,10.127631628295157
2014-07-25,0.0,0.0,2.0,0.0,0.0,0.0,0.3333333333333333,0.0,0.0,9.317421098031545,9.317421098031545
2014-07-26,0.0,0.0,0.0,0.0,0.0,0.0,0.0,0.0,0.0,8.572027410189023,8.572027410189023
2014-07-27,0.0,0.0,0.0,0.0,0.0,0.0,0.0,0.0,0.0,7.886265217373901,7.886265217373901
2014-07-28,1.0,0.0,0.0,0.0,0.0,6.0,1.1666666666666667,0.0,0.0,7.255363999983989,7.255363999983989
2014-07-29,0.0,0.0,3.0,0.0,0.0,0.0,0.5,0.0,0.0,6.67493487998527,6.67493487998527
2014-07-30,0.0,0.0,0.0,0.0,0.0,0.0,0.0,0.0,0.0,6.140940089586449,6.140940089586449
2014-07-31,5.0,12.0,23.0,0.0,5.0,9.0,9.0,0.0,0.0,5.6496648824195335,5.6496648824195335
2014-08-01,0.0,0.0,0.0,0.0,0.0,0.0,0.0,0.0,0.0,5.197691691825971,5.197691691825971
2014-08-02,13.0,0.0,28.0,0.0,0.0,0.0,6.833333333333333,0.0,0.0,4.781876356479893,4.781876356479893
2014-08-03,2.0,0.0,7.0,0.0,0.0,0.0,1.5,0.0,0.0,4.399326247961502,4.399326247961502
2014-08-04,0.0,0.0,8.0,0.0,0.0,0.0,1.3333333333333333,0.0,0.0,4.047380148124582,4.047380148124582
2014-08-05,0.0,0.0,0.0,0.0,8.0,0.0,1.3333333333333333,0.0,0.0,3.92918,3.92918
2014-08-06,0.0,0.0,0.0,0.0,0.0,0.0,0.0,0.0,0.0,3.92918,3.92918
2014-08-07,0.0,0.0,3.0,0.0,0.0,0.0,0.5,0.0,0.0,3.92918,3.92918
2014-08-08,0.0,0.0,0.0,0.0,0.0,0.0,0.0,0.0,0.0,3.92918,3.92918
2014-08-09,0.0,0.0,22.0,0.0,0.0,0.0,3.6666666666666665,0.0,0.0,3.92918,3.92918
2014-08-10,0.0,0.0,1.0,0.0,0.0,0.0,0.16666666666666666,0.0,0.0,3.92918,3.92918
2014-08-11,5.0,0.0,8.0,0.0,0.0,0.0,2.1666666666666665,0.0,0.0,3.92918,3.92918
2014-08-12,0.0,0.0,0.0,0.0,0.0,0.0,0.0,0.0,0.0,3.92918,3.92918
2014-08-13,0.0,0.0,0.0,0.0,0.0,0.0,0.0,0.0,0.0,3.92918,3.92918
2014-08-14,0.0,0.0,0.0,0.0,0.0,0.0,0.0,0.0,0.0,3.92918,3.92918
2014-08-15,0.0,0.0,0.0,0.0,0.0,0.0,0.0,0.0,0.0,3.92918,3.92918
2014-08-16,0.0,0.0,0.0,0.0,0.0,0.0,0.0,0.0,0.0,3.92918,3.92918
2014-08-17,0.0,0.0,0.0,0.0,0.0,0.0,0.0,0.0,0.0,3.92918,3.92918
2014-08-18,0.0,0.0,0.0,0.0,0.0,0.0,0.0,0.0,0.0,3.92918,3.92918
2014-08-19,0.0,0.0,0.0,0.0,0.0,0.0,0.0,0.0,0.0,3.92918,3.92918
2014-08-20,0.0,0.0,0.0,0.0,0.0,0.0,0.0,0.0,0.0,3.92918,3.92918
2014-08-21,0.0,0.0,0.0,0.0,0.0,0.0,0.0,0.0,0.0,3.92918,3.92918
2014-08-22,0.0,0.0,0.0,0.0,0.0,0.0,0.0,0.0,0.0,3.92918,3.92918
2014-08-23,0.0,0.0,0.0,0.0,0.0,0.0,0.0,0.0,0.0,3.92918,3.92918
2014-08-24,0.0,0.0,0.0,0.0,0.0,0.0,0.0,0.0,0.0,3.92918,3.92918
2014-08-25,0.0,0.0,0.0,0.0,0.0,0.0,0.0,0.0,0.0,3.92918,3.92918
2014-08-26,0.0,0.0,0.0,0.0,0.0,0.0,0.0,0.0,0.0,3.92918,3.92918
2014-08-27,0.0,0.0,0.0,0.0,0.0,0.0,0.0,0.0,0.0,3.92918,3.92918
2014-08-28,0.0,0.0,0.0,0.0,0.0,0.0,0.0,0.0,0.0,3.92918,3.92918
2014-08-29,0.0,0.0,0.0,0.0,0.0,0.0,0.0,0.0,0.0,3.92918,3.92918
2014-08-30,0.0,0.0,0.0,0.0,0.0,0.0,0.0,0.0,0.0,3.92918,3.92918
2014-08-31,0.0,0.0,0.0,0.0,0.0,0.0,0.0,0.0,0.0,3.92918,3.92918
2014-09-01,0.0,0.0,0.0,0.0,0.0,0.0,0.0,0.0,0.0,3.92918,3.92918
2014-09-02,0.0,0.0,0.0,0.0,0.0,0.0,0.0,0.0,0.0,3.92918,3.92918
2014-09-03,0.0,0.0,0.0,0.0,0.0,0.0,0.0,0.0,0.0,3.92918,3.92918
2014-09-04,0.0,0.0,0.0,0.0,0.0,0.0,0.0,0.0,0.0,3.92918,3.92918
2014-09-05,0.0,0.0,0.0,0.0,0.0,0.0,0.0,0.0,0.0,3.92918,3.92918
2014-09-06,0.0,0.0,0.0,0.0,0.0,0.0,0.0,0.0,0.0,3.92918,3.92918
2014-09-07,0.0,0.0,0.0,0.0,0.0,0.0,0.0,0.0,0.0,3.92918,3.92918
2014-09-08,0.0,0.0,0.0,0.0,0.0,0.0,0.0,0.0,0.0,3.92918,3.92918
2014-09-09,0.0,0.0,0.0,0.0,0.0,0.0,0.0,0.0,0.0,3.92918,3.92918
2014-09-10,0.0,0.0,0.0,0.0,0.0,0.0,0.0,0.0,0.0,3.92918,3.92918
2014-09-11,0.0,0.0,0.0,0.0,0.0,0.0,0.0,0.0,0.0,3.92918,3.92918
2014-09-12,0.0,0.0,0.0,0.0,0.0,0.0,0.0,0.0,0.0,3.92918,3.92918
2014-09-13,0.0,0.0,0.0,0.0,0.0,0.0,0.0,0.0,0.0,3.92918,3.92918
2014-09-14,0.0,0.0,0.0,0.0,0.0,0.0,0.0,0.0,0.0,3.92918,3.92918
2014-09-15,0.0,0.0,0.0,0.0,0.0,0.0,0.0,0.0,0.0,3.92918,3.92918
2014-09-16,0.0,0.0,0.0,0.0,0.0,0.0,0.0,0.0,0.0,3.92918,3.92918
2014-09-17,0.0,0.0,0.0,0.0,0.0,0.0,0.0,0.0,0.0,3.92918,3.92918
2014-09-18,0.0,0.0,0.0,0.0,0.0,0.0,0.0,0.0,0.0,3.92918,3.92918
2014-09-19,0.0,0.0,0.0,0.0,0.0,0.0,0.0,0.0,0.0,3.92918,3.92918
2014-09-20,0.0,0.0,0.0,0.0,0.0,0.0,0.0,0.0,0.0,3.92918,3.92918
2014-09-21,0.0,0.0,0.0,0.0,0.0,0.0,0.0,0.0,0.0,3.92918,3.92918
2014-09-22,0.0,0.0,0.0,0.0,0.0,0.0,0.0,0.0,0.0,3.92918,3.92918
2014-09-23,0.0,0.0,0.0,0.0,0.0,0.0,0.0,0.0,0.0,3.92918,3.92918
2014-09-24,0.0,0.0,0.0,0.0,0.0,0.0,0.0,0.0,0.0,3.92918,3.92918
2014-09-25,0.0,0.0,0.0,0.0,0.0,0.0,0.0,0.0,0.0,3.92918,3.92918
2014-09-26,0.0,0.0,0.0,0.0,0.0,0.0,0.0,0.0,0.0,3.92918,3.92918
2014-09-27,0.0,0.0,0.0,0.0,0.0,0.0,0.0,0.0,0.0,3.92918,3.92918
2014-09-28,0.0,0.0,0.0,0.0,0.0,0.0,0.0,0.0,0.0,3.92918,3.92918
2014-09-29,0.0,0.0,0.0,0.0,0.0,0.0,0.0,0.0,0.0,3.92918,3.92918
2014-09-30,0.0,0.0,0.0,0.0,0.0,0.0,0.0,0.0,0.0,3.92918,3.92918
2014-10-01,0.0,0.0,0.0,0.0,0.0,0.0,0.0,0.0,0.0,3.92918,3.92918
2014-10-02,0.0,0.0,0.0,0.0,0.0,0.0,0.0,0.0,0.0,3.92918,3.92918
2014-10-03,1.0,0.0,1.0,0.0,0.0,0.0,0.3333333333333333,0.0,0.0,3.92918,3.92918
2014-10-04,0.0,0.0,5.0,0.0,0.0,5.0,1.6666666666666667,0.0,0.0,3.92918,3.92918
2014-10-05,0.0,0.0,0.0,0.0,0.0,0.0,0.0,0.0,0.0,3.92918,3.92918
2014-10-06,8.0,0.0,11.0,0.0,0.0,0.0,3.1666666666666665,0.0,0.0,3.92918,3.92918
2014-10-07,0.0,0.0,0.0,0.0,0.0,0.0,0.0,0.0,0.0,3.92918,3.92918
2014-10-08,0.0,0.0,0.0,0.0,0.0,0.0,0.0,0.0,0.0,3.92918,3.92918
2014-10-09,0.0,0.0,0.0,0.0,0.0,0.0,0.0,0.0,0.0,3.92918,3.92918
2014-10-10,0.0,0.0,0.0,0.0,0.0,0.0,0.0,0.0,0.0,3.92918,3.92918
2014-10-11,0.0,0.0,0.0,0.0,0.0,0.0,0.0,0.0,0.0,3.92918,3.92918
2014-10-12,0.0,0.0,0.0,0.0,0.0,0.0,0.0,0.0,0.0,3.92918,3.92918
2014-10-13,0.0,0.0,0.0,0.0,0.0,0.0,0.0,0.0,0.0,3.92918,3.92918
2014-10-14,0.0,0.0,0.0,0.0,0.0,0.0,0.0,0.0,0.0,3.92918,3.92918
2014-10-15,0.0,0.0,0.0,0.0,0.0,0.0,0.0,0.0,0.0,3.92918,3.92918
2014-10-16,0.0,0.0,0.0,0.0,0.0,0.0,0.0,0.0,0.0,3.92918,3.92918
2014-10-17,0.0,0.0,0.0,0.0,0.0,0.0,0.0,0.0,0.0,3.92918,3.92918
2014-10-18,0.0,0.0,0.0,0.0,0.0,0.0,0.0,0.0,0.0,3.92918,3.92918
2014-10-19,0.0,0.0,0.0,0.0,0.0,0.0,0.0,0.0,0.0,3.92918,3.92918
2014-10-20,0.0,0.0,0.0,0.0,0.0,0.0,0.0,0.0,0.0,3.92918,3.92918
2014-10-21,0.0,0.0,0.0,0.0,0.0,0.0,0.0,0.0,0.0,3.92918,3.92918
2014-10-22,0.0,0.0,0.0,0.0,0.0,0.0,0.0,0.0,0.0,3.92918,3.92918
2014-10-23,1.0,0.0,0.0,0.0,0.0,0.0,0.16666666666666666,0.0,0.0,3.92918,3.92918
2014-10-24,0.0,0.0,0.0,1.0,0.0,0.0,0.16666666666666666,0.0,0.0,3.92918,3.92918
2014-10-25,0.0,0.0,0.0,0.0,0.0,0.0,0.0,0.0,0.0,3.92918,3.92918
2014-10-26,0.0,0.0,0.0,0.0,0.0,0.0,0.0,0.0,0.0,3.92918,3.92918
2014-10-27,0.0,0.0,0.0,0.0,0.0,0.0,0.0,0.0,0.0,3.92918,3.92918
2014-10-28,0.0,0.0,0.0,0.0,0.0,0.0,0.0,0.0,0.0,3.92918,3.92918
2014-10-29,0.0,0.0,0.0,0.0,0.0,118.0,19.666666666666668,0.6887574897508673,5.580211143814896,4.451877271572235,10.03208841538713
2014-10-30,232.0,28.0,163.0,46.0,33.0,0.0,83.66666666666667,37.453652288877876,303.4439421552606,49.61231841313554,353.0562605683961
2014-10-31,0.0,0.0,0.0,0.0,0.0,0.0,0.0,0.0,0.0,45.6433329400847,45.6433329400847
2014-11-01,0.0,0.0,0.0,0.0,0.0,0.0,0.0,0.0,0.0,41.991866304877924,41.991866304877924
2014-11-02,0.0,0.0,0.0,0.0,0.0,0.0,0.0,0.0,0.0,38.63251700048769,38.63251700048769
2014-11-03,0.0,0.0,0.0,0.0,0.0,0.0,0.0,0.0,0.0,35.54191564044867,35.54191564044867
2014-11-04,0.0,0.0,0.0,0.0,0.0,1.0,0.16666666666666666,0.0,0.0,32.69856238921278,32.69856238921278
2014-11-05,0.0,0.0,8.0,0.0,0.0,0.0,1.3333333333333333,0.0,0.0,30.08267739807576,30.08267739807576
2014-11-06,0.0,0.0,0.0,0.0,0.0,0.0,0.0,0.0,0.0,27.6760632062297,27.6760632062297
2014-11-07,5.0,4.0,12.0,0.0,0.0,0.0,3.5,0.0,0.0,25.461978149731323,25.461978149731323
2014-11-08,0.0,0.0,4.0,0.0,0.0,0.0,0.6666666666666666,0.0,0.0,23.42501989775282,23.42501989775282
2014-11-09,0.0,2.0,0.0,0.0,0.0,0.0,0.3333333333333333,0.0,0.0,21.551018305932594,21.551018305932594
2014-11-10,0.0,0.0,0.0,29.0,0.0,0.0,4.833333333333333,0.0,0.0,19.826936841457986,19.826936841457986
2014-11-11,10.0,32.0,25.0,30.0,5.0,6.0,18.0,0.4082848837209301,3.3078636412575353,18.73696144032998,22.04482508158752
2014-11-12,11.0,32.0,23.0,36.0,2.0,15.0,19.833333333333332,0.720402705678779,5.836595995082701,18.11349392436599,23.95008991944869
2014-11-13,0.0,5.0,0.0,0.0,0.0,0.0,0.8333333333333334,0.0,0.0,16.66441441041671,16.66441441041671
2014-11-14,0.0,9.0,0.0,0.0,0.0,0.0,1.5,0.0,0.0,15.331261257583375,15.331261257583375
2014-11-15,0.0,6.0,0.0,2.0,1.0,19.0,4.666666666666667,0.0,0.0,14.104760356976705,14.104760356976705
2014-11-16,8.0,2.0,3.0,8.0,13.0,5.0,6.5,0.0,0.0,12.976379528418569,12.976379528418569
2014-11-17,7.0,18.0,7.0,8.0,17.0,24.0,13.5,0.009953343701399664,0.08064051609930284,11.950365243559979,12.031005759659282
2014-11-18,4.0,30.0,9.0,60.0,15.0,0.0,19.666666666666668,0.6887574897508673,5.580211143814896,11.831367695647415,17.41157883946231
2014-11-19,0.0,9.0,1.0,0.0,20.0,37.0,11.166666666666666,0.0,0.0,10.884858279995623,10.884858279995623
2014-11-20,0.0,10.0,0.0,0.0,11.0,35.0,9.333333333333334,0.0,0.0,10.014069617595974,10.014069617595974
2014-11-21,0.0,4.0,0.0,9.0,0.0,0.0,2.1666666666666665,0.0,0.0,9.212944048188296,9.212944048188296
2014-11-22,0.0,0.0,0.0,0.0,0.0,0.0,0.0,0.0,0.0,8.475908524333233,8.475908524333233
2014-11-23,0.0,0.0,0.0,0.0,5.0,0.0,0.8333333333333334,0.0,0.0,7.797835842386575,7.797835842386575
2014-11-24,0.0,0.0,3.0,0.0,0.0,0.0,0.5,0.0,0.0,7.174008974995649,7.174008974995649
2014-11-25,0.0,6.0,0.0,0.0,0.0,0.0,1.0,0.0,0.0,6.600088256995997,6.600088256995997
2014-11-26,6.0,39.0,7.0,15.0,32.0,15.0,19.0,0.5686246418338107,4.606912607449854,6.763118087553796,11.37003069500365
2014-11-27,0.0,17.0,4.0,0.0,0.0,3.0,4.0,0.0,0.0,6.222068640549493,6.222068640549493
2014-11-28,0.0,5.0,7.0,0.0,0.0,12.0,4.0,0.0,0.0,5.724303149305533,5.724303149305533
2014-11-29,18.0,4.0,35.0,34.0,40.0,29.0,26.666666666666668,2.518086632243259,20.40116484456344,8.326533624045606,28.727698468609045
2014-11-30,26.0,0.0,27.0,65.0,9.0,20.0,24.5,1.8491367861885788,14.98143229550932,9.907625778448356,24.889058073957678
2014-12-01,21.0,22.0,35.0,20.0,0.0,86.8,30.8,4.01482843137255,32.52754516158316,13.994147490409961,46.52169265199312
2014-12-02,12.0,6.0,19.0,0.0,3.0,48.0,14.666666666666666,0.05908010862186005,0.47865828744562533,12.94641443429401,13.425072721739635
2014-12-03,53.0,6.0,30.0,11.0,42.0,20.0,27.0,2.6284061696658094,21.29495739312577,15.104944888519354,36.399902281645126
2014-12-04,5.0,3.0,2.0,12.0,3.0,0.0,4.166666666666667,0.0,0.0,13.896549297437806,13.896549297437806
2014-12-05,2.0,20.0,8.0,30.0,3.0,3.0,11.0,0.0,0.0,12.784825353642782,12.784825353642782
2014-12-06,1.0,10.0,0.0,5.0,3.0,10.0,4.833333333333333,0.0,0.0,11.76203932535136,11.76203932535136
2014-12-07,2.0,2.0,13.0,6.0,2.0,1.0,4.333333333333333,0.0,0.0,10.821076179323251,10.821076179323251
2014-12-08,0.0,15.0,0.0,5.0,10.0,13.0,7.166666666666667,0.0,0.0,9.955390084977392,9.955390084977392
2014-12-09,0.0,1.0,8.0,6.0,2.0,1.0,3.0,0.0,0.0,9.1589588781792,9.1589588781792
2014-12-10,13.0,0.0,17.0,0.0,2.0,7.0,6.5,0.0,0.0,8.426242167924865,8.426242167924865
2014-12-11,19.0,22.0,31.0,61.0,6.0,15.0,25.666666666666668,2.198793955245568,17.814302878146965,10.424288226212921,28.238591104359884
2014-12-12,15.0,110.0,7.0,0.0,67.0,26.0,37.5,6.965345413363532,56.43219663604714,18.05517466352296,74.4873712995701
2014-12-13,4.0,0.0,5.0,0.0,0.0,4.0,2.1666666666666665,0.0,0.0,16.610760690441122,16.610760690441122
2014-12-14,0.0,7.0,9.0,0.0,0.0,13.0,4.833333333333333,0.0,0.0,15.281899835205833,15.281899835205833
2014-12-15,0.0,5.0,1.0,0.0,8.0,24.0,6.333333333333333,0.0,0.0,14.059347848389367,14.059347848389367
2014-12-16,4.0,27.0,24.0,8.0,24.0,24.0,18.5,0.48542568542568526,3.932846988402543,13.5245270687786,17.45737405718114
2014-12-17,70.0,50.0,95.0,7.0,74.0,83.0,63.166666666666664,22.347626011504335,181.05715518579902,39.60113818114616,220.65829336694517
2014-12-18,0.0,30.0,1.0,5.0,0.0,1.0,6.166666666666667,0.0,0.0,36.43304712665447,36.43304712665447
2014-12-19,3.0,5.0,4.0,11.0,23.0,10.0,9.333333333333334,0.0,0.0,33.518403356522114,33.518403356522114
2014-12-20,0.0,11.0,0.0,7.0,0.0,0.0,3.0,0.0,0.0,30.836931088000345,30.836931088000345
2014-12-21,52.0,48.0,24.0,7.0,34.0,21.0,31.0,4.094009779951099,33.1690607171964,33.34533570853978,66.51439642573618
2014-12-22,2.0,8.0,19.0,4.0,7.0,3.0,7.166666666666667,0.0,0.0,30.677708851856597,30.677708851856597
2014-12-23,10.0,0.0,11.0,0.0,51.0,14.0,14.333333333333334,0.04095871716137835,0.33184145848338936,28.27326836248058,28.605109820963968
2014-12-24,44.0,19.0,73.0,41.0,61.0,28.0,44.333333333333336,10.518582106984349,85.21999392232689,38.79440598183116,124.01439990415805
2014-12-25,24.0,74.0,13.0,38.0,12.0,0.0,26.833333333333332,2.573007013024187,20.846121633297813,38.81777174827934,59.663893381577154
2014-12-26,3.0,0.0,5.0,10.0,0.0,7.0,4.166666666666667,0.0,0.0,35.712350008417,35.712350008417
2014-12-27,5.0,0.0,4.0,0.0,0.0,15.0,4.0,0.0,0.0,32.855362007743636,32.855362007743636
2014-12-28,62.0,50.0,123.0,32.0,85.0,74.0,71.0,27.905500821018062,226.0862335036186,64.13986807266693,290.2261015762855
2014-12-29,47.0,28.0,62.0,0.0,0.0,0.0,22.833333333333332,1.3945374981137764,11.298336211569946,60.703429058589066,72.00176527015901
2014-12-30,0.0,0.0,0.0,0.0,0.0,0.0,0.0,0.0,0.0,55.847154733901945,55.847154733901945
2014-12-31,0.0,0.0,0.0,0.0,0.0,0.0,0.0,0.0,0.0,51.37938235518979,51.37938235518979
2015-01-01,3.0,42.0,1.0,33.0,7.0,5.6,15.266666666666666,0.09971409350824069,0.8078688131454685,47.39021208874643,48.1980809018919
2015-01-02,41.0,9.0,27.0,30.0,10.0,7.2,20.7,0.8951048951048947,7.252007252007248,44.686796209447806,51.93880346145505
2015-01-03,0.0,9.0,20.0,1.0,7.0,13.2,8.366666666666667,0.0,0.0,41.11185251269198,41.11185251269198
2015-01-04,0.0,0.0,1.0,5.0,0.0,0.0,1.0,0.0,0.0,37.82290431167662,37.82290431167662
2015-01-05,3.0,7.0,5.0,1.5,7.0,5.8,4.883333333333334,0.0,0.0,34.79707196674249,34.79707196674249
2015-01-06,0.0,0.0,0.0,0.0,0.0,0.0,0.0,0.0,0.0,32.0133062094031,32.0133062094031
2015-01-07,0.0,0.0,2.0,0.0,0.0,0.0,0.3333333333333333,0.0,0.0,29.45224171265085,29.45224171265085
2015-01-08,0.0,0.0,0.0,0.0,0.0,0.0,0.0,0.0,0.0,27.096062375638784,27.096062375638784
2015-01-09,0.0,0.0,1.0,0.0,0.0,0.0,0.16666666666666666,0.0,0.0,24.928377385587684,24.928377385587684
2015-01-10,0.0,0.0,0.0,0.0,31.0,0.0,5.166666666666667,0.0,0.0,22.93410719474067,22.93410719474067
2015-01-11,2.0,0.0,0.0,0.0,0.0,0.0,0.3333333333333333,0.0,0.0,21.099378619161417,21.099378619161417
2015-01-12,10.0,2.0,14.0,0.0,0.0,6.0,5.333333333333333,0.0,0.0,19.411428329628503,19.411428329628503
2015-01-13,20.0,18.0,45.0,7.0,27.0,62.2,29.866666666666664,3.65323691460055,29.597984261810016,22.298211702529727,51.89619596433974
2015-01-14,50.0,14.0,37.0,7.0,25.0,28.2,26.866666666666664,2.5840486409155923,20.93557926667725,23.65469165632894,44.59027092300619
2015-01-15,39.0,20.0,33.0,2.0,24.0,26.0,24.0,1.707085561497326,13.830554317686667,23.836899471475625,37.667453789162295
2015-01-16,1.0,6.0,8.0,9.5,5.0,2.4,5.316666666666666,0.0,0.0,21.929947513757575,21.929947513757575
2015-01-17,0.0,5.0,1.0,6.0,0.0,0.0,2.0,0.0,0.0,20.17555171265697,20.17555171265697
2015-01-18,31.0,11.0,56.0,6.5,8.0,22.4,22.483333333333334,1.3060761125009477,10.58163517072527,20.148752851253203,30.730388021978474
2015-01-19,23.0,20.0,8.0,3.0,36.0,4.0,15.666666666666666,0.13241390839184206,1.072797868915387,18.697772303490257,19.770570172405645
2015-01-20,8.0,11.0,17.0,2.0,8.0,9.8,9.299999999999999,0.0,0.0,17.20195051921104,17.20195051921104
2015-01-21,0.0,0.0,0.0,0.0,0.0,0.0,0.0,0.0,0.0,15.825794477674156,15.825794477674156
2015-01-22,2.0,13.0,0.0,2.0,16.5,1.0,5.75,0.0,0.0,14.559730919460225,14.559730919460225
2015-01-23,19.0,50.0,33.0,12.0,46.0,35.8,32.63333333333333,4.762338527100811,38.58376121493713,19.18251662814398,57.766277843081106
2015-01-24,0.0,0.0,1.0,7.5,0.0,0.0,1.4166666666666667,0.0,0.0,17.64791529789246,17.64791529789246
2015-01-25,0.0,2.0,2.0,0.0,37.0,3.6,7.433333333333334,0.0,0.0,16.236082074061063,16.236082074061063
2015-01-26,18.0,31.0,49.0,3.0,3.0,12.4,19.400000000000002,0.6394586894586897,5.1807995673736436,15.714315443242224,20.895115010615868
2015-01-27,0.0,3.0,0.0,0.0,0.0,0.0,0.5,0.0,0.0,14.457170207782847,14.457170207782847
2015-01-28,3.0,0.0,1.0,7.5,3.5,1.2,2.6999999999999997,0.0,0.0,13.30059659116022,13.30059659116022
2015-01-29,0.0,15.0,0.0,6.5,4.0,0.0,4.25,0.0,0.0,12.236548863867403,12.236548863867403
2015-01-30,9.0,1.0,7.0,2.0,0.0,1.2,3.3666666666666667,0.0,0.0,11.257624954758011,11.257624954758011
2015-01-31,16.0,3.0,37.0,3.0,3.0,4.4,11.066666666666668,0.0,0.0,10.35701495837737,10.35701495837737
2015-02-01,4.0,35.0,6.0,24.0,62.0,21.8,25.46666666666667,2.137077505827506,17.314285348139517,12.125596563928108,29.439881912067627
2015-02-02,2.0,52.0,3.0,5.5,20.0,0.0,13.75,0.01707978311386519,0.13837787245029667,11.176305519681403,11.3146833921317
2015-02-03,0.0,0.0,0.0,2.0,0.0,0.0,0.3333333333333333,0.0,0.0,10.28220107810689,10.28220107810689
2015-02-04,0.0,0.0,0.0,0.0,3.0,0.6,0.6,0.0,0.0,9.45962499185834,9.45962499185834
2015-02-05,0.0,0.0,0.0,2.0,0.0,7.6,1.5999999999999999,0.0,0.0,8.702854992509673,8.702854992509673
2015-02-06,0.0,0.0,3.0,5.5,37.0,15.8,10.216666666666667,0.0,0.0,8.0066265931089,8.0066265931089
2015-02-07,0.0,5.0,0.0,5.0,0.0,0.0,1.6666666666666667,0.0,0.0,7.3660964656601875,7.3660964656601875
2015-02-08,0.0,40.0,0.0,8.0,0.0,0.0,8.0,0.0,0.0,6.7768087484073725,6.7768087484073725
2015-02-09,27.0,6.0,14.0,8.0,3.0,21.8,13.299999999999999,0.00561622464898592,0.045501820072802596,6.2414893215457035,6.286991141618506
2015-02-10,6.0,35.0,0.0,5.0,4.0,16.8,11.133333333333333,0.0,0.0,5.742170175822047,5.742170175822047
2015-02-11,1.0,19.0,0.0,6.0,5.0,0.0,5.166666666666667,0.0,0.0,5.2827965617562835,5.2827965617562835
2015-02-12,98.0,17.0,86.0,55.0,60.5,53.6,61.68333333333334,21.33086630118042,172.81951864382285,30.783100633389207,203.60261927721206
2015-02-13,13.0,23.0,63.0,60.0,20.0,4.0,30.5,3.8971709717097163,31.574301854129644,33.05659786083752,64.63089971496717
2015-02-14,11.0,14.0,19.0,60.0,65.0,38.0,34.5,5.57139507620164,45.138617515522554,37.182862659298905,82.32148017482146
2015-02-15,0.0,0.0,0.0,54.0,51.0,3.0,18.0,0.4082848837209301,3.3078636412575353,34.70441319274362,38.012276834001156
2015-02-16,0.0,0.0,0.0,0.0,0.0,0.0,0.0,0.0,0.0,31.928060137324135,31.928060137324135
2015-02-17,0.0,0.0,1.0,0.0,0.0,0.0,0.16666666666666666,0.0,0.0,29.373815326338207,29.373815326338207
2015-02-18,0.0,0.0,2.0,2.0,12.0,0.0,2.6666666666666665,0.0,0.0,27.023910100231152,27.023910100231152
2015-02-19,0.0,5.0,0.0,0.0,0.0,0.0,0.8333333333333334,0.0,0.0,24.86199729221266,24.86199729221266
2015-02-20,15.0,17.0,23.0,14.5,58.5,43.8,28.633333333333336,3.196027416421878,25.893740642306884,26.75709860518168,52.65083924748856
2015-02-21,0.0,0.0,0.0,0.0,0.0,0.0,0.0,0.0,0.0,24.616530716767148,24.616530716767148
2015-02-22,0.0,0.0,0.0,0.0,0.0,0.0,0.0,0.0,0.0,22.647208259425778,22.647208259425778
2015-02-23,0.0,0.0,0.0,0.0,0.0,0.0,0.0,0.0,0.0,20.835431598671715,20.835431598671715
2015-02-24,0.0,7.0,18.0,11.0,16.0,18.8,11.799999999999999,0.0,0.0,19.168597070777977,19.168597070777977
2015-02-25,26.0,3.0,16.0,3.0,8.0,2.8,9.799999999999999,0.0,0.0,17.63510930511574,17.63510930511574
2015-02-26,0.0,0.0,1.0,0.0,0.0,0.0,0.16666666666666666,0.0,0.0,16.22430056070648,16.22430056070648
2015-02-27,22.0,0.0,15.0,4.5,0.0,0.0,6.916666666666667,0.0,0.0,14.926356515849964,14.926356515849964
2015-02-28,0.0,0.0,10.0,5.5,0.0,0.0,2.5833333333333335,0.0,0.0,13.732247994581968,13.732247994581968
2015-03-01,0.0,16.0,1.0,54.0,54.0,0.0,20.833333333333332,0.923468279820071,7.4818031929866855,13.755938633963414,21.2377418269501
2015-03-02,19.0,16.0,42.0,12.0,12.0,16.4,19.566666666666666,0.6700773724932889,5.4288676012187755,13.469793683429158,18.898661284647932
2015-03-03,7.0,8.0,0.0,2.0,0.0,7.0,4.0,0.0,0.0,12.392210188754825,12.392210188754825
2015-03-04,8.0,17.0,14.0,24.5,12.0,2.4,12.983333333333334,0.001258601167145718,0.010197000196782439,11.402362923683956,11.412559923880739
2015-03-05,52.0,15.0,58.0,14.5,10.0,31.0,30.083333333333332,3.7360017858369394,30.268532987104834,15.030453837854964,45.2989868249598
2015-03-06,2.0,0.0,10.0,4.0,1.0,17.2,5.7,0.0,0.0,13.828017530826568,13.828017530826568
2015-03-07,20.0,7.0,36.0,9.0,46.0,4.4,20.400000000000002,0.8327247191011238,6.746612307532252,13.73376797449028,20.480380282022534
2015-03-08,12.0,4.0,15.0,4.0,3.5,30.0,11.416666666666666,0.0,0.0,12.63506653653106,12.63506653653106
2015-03-09,0.0,0.0,0.0,0.0,0.0,0.0,0.0,0.0,0.0,11.624261213608575,11.624261213608575
2015-03-10,69.0,30.0,52.0,28.5,12.5,16.0,34.666666666666664,5.645878835153403,45.74207389591877,17.555631400907703,63.29770529682648
2015-03-11,28.0,16.0,42.0,10.5,25.5,18.2,23.366666666666664,1.5340823970037443,12.428908309058114,18.015517135193807,30.44442544425192
2015-03-12,24.0,38.0,36.0,30.0,40.0,26.0,32.333333333333336,4.6367415129644485,37.566192813369376,22.20920468638371,59.77539749975308
2015-03-13,33.0,0.0,34.0,23.0,0.0,0.0,15.0,0.08039513677811543,0.6513494877856574,20.530170734640862,21.18152022242652
2015-03-14,1.0,0.0,0.0,0.0,1.0,3.2,0.8666666666666667,0.0,0.0,18.887757075869594,18.887757075869594
2015-03-15,3.0,13.0,1.0,4.5,3.0,0.0,4.083333333333333,0.0,0.0,17.376736509800025,17.376736509800025
2015-03-16,0.0,0.0,0.0,2.5,0.0,2.8,0.8833333333333333,0.0,0.0,15.986597589016025,15.986597589016025
2015-03-17,3.0,0.0,6.0,0.0,0.0,2.2,1.8666666666666665,0.0,0.0,14.707669781894744,14.707669781894744
2015-03-18,0.0,0.0,0.0,0.0,0.0,0.0,0.0,0.0,0.0,13.531056199343166,13.531056199343166
2015-03-19,0.0,0.0,0.0,0.0,0.0,0.0,0.0,0.0,0.0,12.448571703395713,12.448571703395713
2015-03-20,6.0,0.0,38.0,25.0,23.0,0.2,15.366666666666667,0.10747271200671699,0.8707279907951607,11.58329516574333,12.45402315653849
2015-03-21,4.0,16.0,14.0,3.0,1.0,0.0,6.333333333333333,0.0,0.0,10.656631552483864,10.656631552483864
2015-03-22,0.0,0.0,0.0,30.0,10.0,30.2,11.700000000000001,0.0,0.0,9.804101028285155,9.804101028285155
2015-03-23,0.0,56.0,0.0,10.5,15.0,5.6,14.516666666666666,0.050527345411244255,0.4093650669892475,9.08117770607073,9.490542773059977
2015-03-24,0.0,9.0,3.0,1.5,2.0,13.6,4.8500000000000005,0.0,0.0,8.35468348958507,8.35468348958507
2015-03-25,4.0,15.0,15.0,59.5,28.0,0.0,20.25,0.8022871217452496,6.500011403028642,8.661310520872561,15.161321923901204
2015-03-26,13.0,0.0,43.0,0.0,11.0,25.6,15.433333333333332,0.11279986579432959,0.9138878015744295,8.105488849438922,9.019376651013351
2015-03-27,1.0,0.0,0.0,1.0,0.0,24.0,4.333333333333333,0.0,0.0,7.457049741483809,7.457049741483809
2015-03-28,0.0,0.0,0.0,0.0,0.0,0.0,0.0,0.0,0.0,6.860485762165105,6.860485762165105
2015-03-29,39.0,175.0,25.0,1.0,5.0,0.0,40.833333333333336,8.637516672729477,69.97988045035456,16.80862896874508,86.78850941909964
2015-03-30,0.0,0.0,0.0,0.0,2.0,0.0,0.3333333333333333,0.0,0.0,15.463938651245474,15.463938651245474
2015-03-31,0.0,0.0,3.0,0.0,0.0,0.0,0.5,0.0,0.0,14.226823559145837,14.226823559145837
2015-04-01,0.0,0.0,0.0,0.0,0.0,0.0,0.0,0.0,0.0,13.08867767441417,13.08867767441417
2015-04-02,0.0,3.0,0.0,2.0,0.0,0.0,0.8333333333333334,0.0,0.0,12.041583460461036,12.041583460461036
2015-04-03,9.0,7.0,0.0,9.0,0.0,31.0,9.333333333333334,0.0,0.0,11.078256783624154,11.078256783624154
2015-04-04,8.0,4.0,46.0,11.0,1.0,61.8,21.96666666666667,1.1800885631394107,9.560902710620226,11.626131647527256,21.187034358147482
2015-04-05,0.0,6.0,0.0,8.0,3.0,0.0,2.8333333333333335,0.0,0.0,10.696041115725075,10.696041115725075
2015-04-06,0.0,0.0,0.0,0.0,0.0,0.0,0.0,0.0,0.0,9.84035782646707,9.84035782646707
2015-04-07,11.0,40.0,4.0,31.0,4.0,35.8,20.966666666666665,0.9522217061464616,7.7147591933162385,10.21034307934714,17.92510227266338
2015-04-08,34.0,67.0,23.0,20.5,25.0,65.0,39.083333333333336,7.744264169602571,62.742881003724534,18.80494778355805,81.54782878728258
2015-04-09,1.0,9.0,0.0,1.0,1.0,12.8,4.133333333333334,0.0,0.0,17.300551960873406,17.300551960873406
2015-04-10,0.0,34.0,1.0,0.0,3.0,0.0,6.333333333333333,0.0,0.0,15.916507804003535,15.916507804003535
2015-04-11,0.0,0.0,0.0,6.5,2.0,0.0,1.4166666666666667,0.0,0.0,14.643187179683252,14.643187179683252
2015-04-12,4.0,10.0,6.0,0.0,6.0,14.2,6.7,0.0,0.0,13.471732205308593,13.471732205308593
2015-04-13,0.0,31.0,0.0,23.0,10.0,0.0,10.666666666666666,0.0,0.0,12.393993628883905,12.393993628883905
2015-04-14,12.0,7.0,31.0,59.0,15.0,11.2,22.53333333333333,1.3185606060606054,10.682782687991017,13.004891541771846,23.687674229762862
2015-04-15,24.0,37.0,3.0,7.5,0.0,0.0,11.916666666666666,0.0,0.0,11.964500218430098,11.964500218430098
2015-04-16,17.0,7.0,5.0,15.0,20.0,10.0,12.333333333333334,0.0,0.0,11.00734020095569,11.00734020095569
2015-04-17,2.0,0.0,3.0,1.5,1.0,28.0,5.916666666666667,0.0,0.0,10.126752984879236,10.126752984879236
2015-04-18,0.0,5.0,3.0,0.0,3.0,0.0,1.8333333333333333,0.0,0.0,9.316612746088897,9.316612746088897
2015-04-19,6.0,25.0,3.0,2.5,2.0,0.0,6.416666666666667,0.0,0.0,8.571283726401786,8.571283726401786
2015-04-20,0.0,0.0,0.0,2.0,0.0,0.0,0.3333333333333333,0.0,0.0,7.885581028289644,7.885581028289644
2015-04-21,0.0,4.0,0.0,7.5,3.0,2.2,2.783333333333333,0.0,0.0,7.254734546026473,7.254734546026473
2015-04-22,5.0,0.0,9.0,8.0,50.0,4.8,12.799999999999999,0.00015723270440250902,0.0012738760773351426,6.674546863755956,6.675820739833291
2015-04-23,7.0,8.0,27.0,19.0,28.0,21.2,18.366666666666667,0.46425702811244973,3.7613416629480874,6.704784364097693,10.466126027045782
2015-04-24,42.0,12.0,33.0,8.0,17.0,18.0,21.666666666666668,1.1094909536951854,8.988931337808214,7.51674131564111,16.505672653449324
2015-04-25,84.0,37.0,67.0,13.5,19.0,37.4,42.98333333333333,9.778712753983763,79.22568203459068,18.799254315578423,98.0249363501691
2015-04-26,11.0,5.0,13.0,12.5,4.0,10.2,9.283333333333333,0.0,0.0,17.29531397033215,17.29531397033215
2015-04-27,7.0,10.0,16.0,8.0,6.0,6.0,8.833333333333334,0.0,0.0,15.911688852705577,15.911688852705577
2015-04-28,5.0,5.0,5.0,1.0,0.0,2.0,3.0,0.0,0.0,14.638753744489131,14.638753744489131
2015-04-29,5.0,2.0,10.0,0.0,0.0,0.0,2.8333333333333335,0.0,0.0,13.46765344493,13.46765344493
2015-04-30,0.0,0.0,0.0,0.0,0.0,0.0,0.0,0.0,0.0,12.390241169335601,12.390241169335601
2015-05-01,4.0,7.0,3.0,38.5,0.0,5.0,9.583333333333334,0.0,0.0,11.399021875788753,11.399021875788753
2015-05-02,3.0,70.0,6.0,30.5,0.0,17.4,21.150000000000002,0.992390548992356,8.040201207113995,11.693130306792753,19.733331513906748
2015-05-03,4.0,20.0,25.0,7.5,0.0,3.0,9.916666666666666,0.0,0.0,10.757679882249333,10.757679882249333
2015-05-04,13.0,5.0,23.0,19.5,0.0,11.6,12.016666666666666,0.0,0.0,9.897065491669386,9.897065491669386
2015-05-05,0.0,0.0,0.0,0.0,0.0,0.0,0.0,0.0,0.0,9.105300252335836,9.105300252335836
2015-05-06,0.0,0.0,9.0,0.0,0.0,22.2,5.2,0.0,0.0,8.37687623214897,8.37687623214897
2015-05-07,0.0,0.0,0.0,0.0,0.0,0.0,0.0,0.0,0.0,7.706726133577052,7.706726133577052
2015-05-08,0.0,0.0,0.0,0.0,0.0,0.0,0.0,0.0,0.0,7.0901880428908886,7.0901880428908886
2015-05-09,0.0,0.0,1.0,0.0,0.0,0.0,0.16666666666666666,0.0,0.0,6.5229729994596175,6.5229729994596175
2015-05-10,20.0,0.0,36.0,3.0,0.0,78.4,22.900000000000002,1.4116689280868389,11.437132519222073,7.716705037386159,19.15383755660823
2015-05-11,1.0,2.0,2.0,0.0,0.0,18.2,3.8666666666666667,0.0,0.0,7.099368634395267,7.099368634395267
2015-05-12,0.0,0.0,0.0,1.0,0.0,0.0,0.16666666666666666,0.0,0.0,6.531419143643646,6.531419143643646
2015-05-13,0.0,3.0,0.0,0.0,0.0,0.0,0.5,0.0,0.0,6.008905612152154,6.008905612152154
2015-05-14,8.0,18.0,8.0,0.0,0.0,19.0,8.833333333333334,0.0,0.0,5.528193163179982,5.528193163179982
2015-05-15,0.0,0.0,0.0,0.0,0.0,0.0,0.0,0.0,0.0,5.085937710125584,5.085937710125584
2015-05-16,0.0,0.0,0.0,0.0,0.0,0.0,0.0,0.0,0.0,4.6790626933155375,4.6790626933155375
2015-05-17,0.0,0.0,0.0,0.0,0.0,0.0,0.0,0.0,0.0,4.304737677850294,4.304737677850294
2015-05-18,0.0,0.0,0.0,0.0,0.0,0.0,0.0,0.0,0.0,3.960358663622271,3.960358663622271
2015-05-19,0.0,10.0,0.0,0.0,0.0,0.0,1.6666666666666667,0.0,0.0,3.92918,3.92918
2015-05-20,0.0,0.0,0.0,0.0,0.0,0.0,0.0,0.0,0.0,3.92918,3.92918
2015-05-21,0.0,0.0,0.0,0.0,0.0,0.0,0.0,0.0,0.0,3.92918,3.92918
2015-05-22,0.0,0.0,0.0,0.0,0.0,0.0,0.0,0.0,0.0,3.92918,3.92918
2015-05-23,0.0,0.0,0.0,0.0,0.0,0.0,0.0,0.0,0.0,3.92918,3.92918
2015-05-24,0.0,0.0,0.0,0.0,0.0,0.0,0.0,0.0,0.0,3.92918,3.92918
2015-05-25,0.0,0.0,0.0,0.0,0.0,0.0,0.0,0.0,0.0,3.92918,3.92918
2015-05-26,0.0,0.0,0.0,0.0,0.0,0.0,0.0,0.0,0.0,3.92918,3.92918
2015-05-27,0.0,6.0,0.0,0.0,0.0,0.0,1.0,0.0,0.0,3.92918,3.92918
2015-05-28,0.0,0.0,0.0,0.0,0.0,0.0,0.0,0.0,0.0,3.92918,3.92918
2015-05-29,0.0,0.0,0.0,0.0,0.0,0.0,0.0,0.0,0.0,3.92918,3.92918
2015-05-30,0.0,0.0,0.0,0.0,0.0,0.0,0.0,0.0,0.0,3.92918,3.92918
2015-05-31,0.0,0.0,0.0,0.0,0.0,0.0,0.0,0.0,0.0,3.92918,3.92918
2015-06-01,0.0,0.0,1.0,0.0,0.0,0.0,0.16666666666666666,0.0,0.0,3.92918,3.92918
2015-06-02,0.0,0.0,0.0,0.0,0.0,0.0,0.0,0.0,0.0,3.92918,3.92918
2015-06-03,0.0,0.0,1.0,0.0,0.0,0.0,0.16666666666666666,0.0,0.0,3.92918,3.92918
2015-06-04,2.0,0.0,10.0,0.0,0.0,5.2,2.8666666666666667,0.0,0.0,3.92918,3.92918
2015-06-05,0.0,0.0,1.0,0.0,0.0,0.0,0.16666666666666666,0.0,0.0,3.92918,3.92918
2015-06-06,0.0,0.0,4.0,0.0,0.0,0.0,0.6666666666666666,0.0,0.0,3.92918,3.92918
2015-06-07,0.0,0.0,0.0,0.0,0.0,0.0,0.0,0.0,0.0,3.92918,3.92918
2015-06-08,0.0,0.0,0.0,0.0,0.0,0.0,0.0,0.0,0.0,3.92918,3.92918
2015-06-09,0.0,0.0,0.0,1.0,0.0,0.0,0.16666666666666666,0.0,0.0,3.92918,3.92918
2015-06-10,0.0,0.0,0.0,0.0,0.0,0.0,0.0,0.0,0.0,3.92918,3.92918
2015-06-11,0.0,0.0,0.0,0.0,0.0,0.0,0.0,0.0,0.0,3.92918,3.92918
2015-06-12,0.0,0.0,0.0,0.0,0.0,0.0,0.0,0.0,0.0,3.92918,3.92918
2015-06-13,0.0,0.0,0.0,0.0,0.0,0.0,0.0,0.0,0.0,3.92918,3.92918
2015-06-14,0.0,0.0,0.0,0.0,0.0,0.0,0.0,0.0,0.0,3.92918,3.92918
2015-06-15,0.0,0.0,0.0,0.0,0.0,0.0,0.0,0.0,0.0,3.92918,3.92918
2015-06-16,0.0,0.0,0.0,0.0,0.0,0.0,0.0,0.0,0.0,3.92918,3.92918
2015-06-17,0.0,0.0,0.0,0.0,0.0,0.0,0.0,0.0,0.0,3.92918,3.92918
2015-06-18,0.0,0.0,0.0,0.0,0.0,0.0,0.0,0.0,0.0,3.92918,3.92918
2015-06-19,0.0,0.0,0.0,0.0,0.0,0.0,0.0,0.0,0.0,3.92918,3.92918
2015-06-20,0.0,0.0,0.0,0.0,0.0,0.0,0.0,0.0,0.0,3.92918,3.92918
2015-06-21,0.0,0.0,0.0,0.0,0.0,0.0,0.0,0.0,0.0,3.92918,3.92918
2015-06-22,0.0,0.0,0.0,0.0,0.0,0.0,0.0,0.0,0.0,3.92918,3.92918
2015-06-23,0.0,0.0,0.0,0.0,0.0,0.0,0.0,0.0,0.0,3.92918,3.92918
2015-06-24,0.0,0.0,0.0,0.0,0.0,0.0,0.0,0.0,0.0,3.92918,3.92918
2015-06-25,0.0,0.0,0.0,0.0,0.0,0.0,0.0,0.0,0.0,3.92918,3.92918
2015-06-26,0.0,0.0,0.0,0.0,0.0,0.0,0.0,0.0,0.0,3.92918,3.92918
2015-06-27,0.0,0.0,0.0,0.0,0.0,0.0,0.0,0.0,0.0,3.92918,3.92918
2015-06-28,0.0,0.0,0.0,0.0,0.0,0.0,0.0,0.0,0.0,3.92918,3.92918
2015-06-29,0.0,0.0,0.0,0.0,0.0,0.0,0.0,0.0,0.0,3.92918,3.92918
2015-06-30,0.0,0.0,0.0,0.0,0.0,0.0,0.0,0.0,0.0,3.92918,3.92918
2015-07-01,0.0,0.0,0.0,0.0,0.0,0.0,0.0,0.0,0.0,3.92918,3.92918
2015-07-02,0.0,0.0,0.0,0.0,0.0,0.0,0.0,0.0,0.0,3.92918,3.92918
2015-07-03,0.0,0.0,0.0,0.0,0.0,0.0,0.0,0.0,0.0,3.92918,3.92918
2015-07-04,0.0,0.0,0.0,0.0,0.0,0.0,0.0,0.0,0.0,3.92918,3.92918
2015-07-05,0.0,0.0,0.0,0.0,0.0,0.0,0.0,0.0,0.0,3.92918,3.92918
2015-07-06,0.0,0.0,0.0,0.0,0.0,0.0,0.0,0.0,0.0,3.92918,3.92918
2015-07-07,0.0,0.0,0.0,0.0,0.0,0.0,0.0,0.0,0.0,3.92918,3.92918
2015-07-08,0.0,0.0,0.0,0.0,0.0,0.0,0.0,0.0,0.0,3.92918,3.92918
2015-07-09,0.0,0.0,0.0,0.0,0.0,0.0,0.0,0.0,0.0,3.92918,3.92918
2015-07-10,0.0,0.0,0.0,0.0,0.0,0.0,0.0,0.0,0.0,3.92918,3.92918
2015-07-11,0.0,0.0,0.0,0.0,0.0,0.0,0.0,0.0,0.0,3.92918,3.92918
2015-07-12,0.0,0.0,0.0,0.0,0.0,0.0,0.0,0.0,0.0,3.92918,3.92918
2015-07-13,0.0,0.0,0.0,0.0,0.0,0.0,0.0,0.0,0.0,3.92918,3.92918
2015-07-14,0.0,0.0,0.0,0.0,0.0,0.0,0.0,0.0,0.0,3.92918,3.92918
2015-07-15,0.0,0.0,0.0,0.0,0.0,0.0,0.0,0.0,0.0,3.92918,3.92918
2015-07-16,0.0,0.0,0.0,0.0,0.0,0.0,0.0,0.0,0.0,3.92918,3.92918
2015-07-17,0.0,0.0,0.0,0.0,0.0,0.0,0.0,0.0,0.0,3.92918,3.92918
2015-07-18,0.0,0.0,0.0,0.0,0.0,0.0,0.0,0.0,0.0,3.92918,3.92918
2015-07-19,0.0,0.0,0.0,0.0,0.0,0.0,0.0,0.0,0.0,3.92918,3.92918
2015-07-20,0.0,0.0,0.0,0.0,0.0,0.0,0.0,0.0,0.0,3.92918,3.92918
2015-07-21,0.0,0.0,0.0,0.0,0.0,0.0,0.0,0.0,0.0,3.92918,3.92918
2015-07-22,0.0,0.0,0.0,0.0,0.0,0.0,0.0,0.0,0.0,3.92918,3.92918
2015-07-23,0.0,0.0,0.0,0.0,0.0,0.0,0.0,0.0,0.0,3.92918,3.92918
2015-07-24,0.0,0.0,0.0,0.0,0.0,0.0,0.0,0.0,0.0,3.92918,3.92918
2015-07-25,0.0,0.0,0.0,0.0,0.0,0.0,0.0,0.0,0.0,3.92918,3.92918
2015-07-26,0.0,0.0,0.0,0.0,0.0,0.0,0.0,0.0,0.0,3.92918,3.92918
2015-07-27,0.0,0.0,0.0,0.0,0.0,0.0,0.0,0.0,0.0,3.92918,3.92918
2015-07-28,0.0,0.0,0.0,0.0,0.0,0.0,0.0,0.0,0.0,3.92918,3.92918
2015-07-29,0.0,0.0,0.0,0.0,0.0,0.0,0.0,0.0,0.0,3.92918,3.92918
2015-07-30,0.0,0.0,0.0,0.0,0.0,0.0,0.0,0.0,0.0,3.92918,3.92918
2015-07-31,0.0,0.0,0.0,0.0,0.0,0.0,0.0,0.0,0.0,3.92918,3.92918
2015-08-01,0.0,0.0,0.0,0.0,0.0,0.0,0.0,0.0,0.0,3.92918,3.92918
2015-08-02,0.0,0.0,0.0,0.0,0.0,0.0,0.0,0.0,0.0,3.92918,3.92918
2015-08-03,0.0,0.0,0.0,0.0,0.0,0.0,0.0,0.0,0.0,3.92918,3.92918
2015-08-04,0.0,0.0,0.0,0.0,0.0,0.0,0.0,0.0,0.0,3.92918,3.92918
2015-08-05,0.0,0.0,0.0,0.0,0.0,0.0,0.0,0.0,0.0,3.92918,3.92918
2015-08-06,0.0,0.0,0.0,0.0,0.0,0.0,0.0,0.0,0.0,3.92918,3.92918
2015-08-07,0.0,0.0,0.0,0.0,0.0,0.0,0.0,0.0,0.0,3.92918,3.92918
2015-08-08,0.0,0.0,0.0,0.0,0.0,0.0,0.0,0.0,0.0,3.92918,3.92918
2015-08-09,0.0,0.0,0.0,0.0,0.0,0.0,0.0,0.0,0.0,3.92918,3.92918
2015-08-10,0.0,0.0,0.0,0.0,0.0,0.0,0.0,0.0,0.0,3.92918,3.92918
2015-08-11,0.0,0.0,0.0,0.0,0.0,0.0,0.0,0.0,0.0,3.92918,3.92918
2015-08-12,0.0,0.0,0.0,0.0,0.0,0.0,0.0,0.0,0.0,3.92918,3.92918
2015-08-13,0.0,0.0,0.0,0.0,0.0,0.0,0.0,0.0,0.0,3.92918,3.92918
2015-08-14,0.0,0.0,0.0,0.0,0.0,0.0,0.0,0.0,0.0,3.92918,3.92918
2015-08-15,0.0,0.0,0.0,0.0,0.0,0.0,0.0,0.0,0.0,3.92918,3.92918
2015-08-16,0.0,0.0,0.0,0.0,0.0,0.0,0.0,0.0,0.0,3.92918,3.92918
2015-08-17,0.0,0.0,0.0,0.0,0.0,0.0,0.0,0.0,0.0,3.92918,3.92918
2015-08-18,0.0,0.0,0.0,0.0,0.0,0.0,0.0,0.0,0.0,3.92918,3.92918
2015-08-19,0.0,0.0,0.0,0.0,0.0,0.0,0.0,0.0,0.0,3.92918,3.92918
2015-08-20,0.0,0.0,0.0,0.0,0.0,0.0,0.0,0.0,0.0,3.92918,3.92918
2015-08-21,0.0,0.0,0.0,0.0,0.0,0.0,0.0,0.0,0.0,3.92918,3.92918
2015-08-22,0.0,0.0,0.0,0.0,0.0,0.0,0.0,0.0,0.0,3.92918,3.92918
2015-08-23,0.0,0.0,0.0,0.0,0.0,0.0,0.0,0.0,0.0,3.92918,3.92918
2015-08-24,0.0,0.0,0.0,0.0,0.0,0.0,0.0,0.0,0.0,3.92918,3.92918
2015-08-25,0.0,0.0,0.0,0.0,0.0,0.0,0.0,0.0,0.0,3.92918,3.92918
2015-08-26,0.0,0.0,0.0,0.0,0.0,0.0,0.0,0.0,0.0,3.92918,3.92918
2015-08-27,0.0,0.0,0.0,0.0,0.0,0.0,0.0,0.0,0.0,3.92918,3.92918
2015-08-28,0.0,0.0,0.0,0.0,0.0,0.0,0.0,0.0,0.0,3.92918,3.92918
2015-08-29,0.0,0.0,0.0,0.0,0.0,0.0,0.0,0.0,0.0,3.92918,3.92918
2015-08-30,0.0,0.0,0.0,0.0,0.0,0.0,0.0,0.0,0.0,3.92918,3.92918
2015-08-31,0.0,0.0,0.0,0.0,0.0,0.0,0.0,0.0,0.0,3.92918,3.92918
2015-09-01,0.0,0.0,0.0,0.0,0.0,0.0,0.0,0.0,0.0,3.92918,3.92918
2015-09-02,0.0,0.0,0.0,0.0,0.0,0.0,0.0,0.0,0.0,3.92918,3.92918
2015-09-03,0.0,0.0,0.0,0.0,0.0,0.0,0.0,0.0,0.0,3.92918,3.92918
2015-09-04,0.0,0.0,0.0,0.0,0.0,0.0,0.0,0.0,0.0,3.92918,3.92918
2015-09-05,0.0,0.0,0.0,0.0,0.0,0.0,0.0,0.0,0.0,3.92918,3.92918
2015-09-06,0.0,0.0,0.0,0.0,0.0,0.0,0.0,0.0,0.0,3.92918,3.92918
2015-09-07,0.0,0.0,0.0,0.0,0.0,0.0,0.0,0.0,0.0,3.92918,3.92918
2015-09-08,0.0,0.0,0.0,0.0,0.0,0.0,0.0,0.0,0.0,3.92918,3.92918
2015-09-09,0.0,0.0,0.0,0.0,0.0,0.0,0.0,0.0,0.0,3.92918,3.92918
2015-09-10,0.0,0.0,0.0,0.0,0.0,0.0,0.0,0.0,0.0,3.92918,3.92918
2015-09-11,0.0,0.0,0.0,0.0,0.0,0.0,0.0,0.0,0.0,3.92918,3.92918
2015-09-12,0.0,0.0,0.0,0.0,0.0,0.0,0.0,0.0,0.0,3.92918,3.92918
2015-09-13,0.0,0.0,0.0,0.0,0.0,0.0,0.0,0.0,0.0,3.92918,3.92918
2015-09-14,0.0,0.0,0.0,0.0,0.0,0.0,0.0,0.0,0.0,3.92918,3.92918
2015-09-15,0.0,0.0,0.0,0.0,0.0,0.0,0.0,0.0,0.0,3.92918,3.92918
2015-09-16,0.0,0.0,0.0,0.0,0.0,0.0,0.0,0.0,0.0,3.92918,3.92918
2015-09-17,0.0,0.0,0.0,0.0,0.0,0.0,0.0,0.0,0.0,3.92918,3.92918
2015-09-18,0.0,0.0,0.0,0.0,0.0,0.0,0.0,0.0,0.0,3.92918,3.92918
2015-09-19,0.0,0.0,0.0,0.0,0.0,0.0,0.0,0.0,0.0,3.92918,3.92918
2015-09-20,0.0,0.0,0.0,0.0,0.0,0.0,0.0,0.0,0.0,3.92918,3.92918
2015-09-21,0.0,0.0,0.0,0.0,0.0,0.0,0.0,0.0,0.0,3.92918,3.92918
2015-09-22,0.0,0.0,0.0,0.0,0.0,0.0,0.0,0.0,0.0,3.92918,3.92918
2015-09-23,0.0,0.0,0.0,0.0,0.0,0.0,0.0,0.0,0.0,3.92918,3.92918
2015-09-24,0.0,0.0,0.0,0.0,0.0,0.0,0.0,0.0,0.0,3.92918,3.92918
2015-09-25,0.0,0.0,0.0,4.8,0.0,0.0,0.7999999999999999,0.0,0.0,3.92918,3.92918
2015-09-26,0.0,0.0,0.0,0.0,0.0,0.0,0.0,0.0,0.0,3.92918,3.92918
2015-09-27,0.0,0.0,0.0,0.0,0.0,0.0,0.0,0.0,0.0,3.92918,3.92918
2015-09-28,0.0,0.0,0.0,0.0,0.0,0.0,0.0,0.0,0.0,3.92918,3.92918
2015-09-29,0.0,0.0,0.0,0.0,0.0,0.0,0.0,0.0,0.0,3.92918,3.92918
2015-09-30,0.0,0.0,0.0,0.0,0.0,0.0,0.0,0.0,0.0,3.92918,3.92918
2015-10-01,0.0,0.0,0.0,0.0,0.0,0.0,0.0,0.0,0.0,3.92918,3.92918
2015-10-02,0.0,0.0,0.0,0.0,0.0,0.0,0.0,0.0,0.0,3.92918,3.92918
2015-10-03,0.0,0.0,0.0,0.0,0.0,0.0,0.0,0.0,0.0,3.92918,3.92918
2015-10-04,0.0,0.0,0.0,0.0,0.0,0.0,0.0,0.0,0.0,3.92918,3.92918
2015-10-05,0.0,0.0,0.0,0.0,0.0,0.0,0.0,0.0,0.0,3.92918,3.92918
2015-10-06,0.0,0.0,0.0,0.0,0.0,0.0,0.0,0.0,0.0,3.92918,3.92918
2015-10-07,0.0,0.0,0.0,0.0,0.0,0.0,0.0,0.0,0.0,3.92918,3.92918
2015-10-08,0.0,0.0,0.0,0.0,0.0,0.0,0.0,0.0,0.0,3.92918,3.92918
2015-10-09,0.0,0.0,0.0,0.0,0.0,0.0,0.0,0.0,0.0,3.92918,3.92918
2015-10-10,0.0,0.0,0.0,0.0,0.0,0.0,0.0,0.0,0.0,3.92918,3.92918
2015-10-11,0.0,0.0,0.0,0.0,0.0,0.0,0.0,0.0,0.0,3.92918,3.92918
2015-10-12,0.0,0.0,0.0,0.0,0.0,0.0,0.0,0.0,0.0,3.92918,3.92918
2015-10-13,0.0,0.0,0.0,0.0,0.0,0.0,0.0,0.0,0.0,3.92918,3.92918
2015-10-14,0.0,0.0,0.0,0.0,0.0,0.0,0.0,0.0,0.0,3.92918,3.92918
2015-10-15,0.0,0.0,0.0,0.0,0.0,0.0,0.0,0.0,0.0,3.92918,3.92918
2015-10-16,0.0,0.0,0.0,0.0,0.0,0.0,0.0,0.0,0.0,3.92918,3.92918
2015-10-17,0.0,0.0,0.0,0.0,0.0,0.0,0.0,0.0,0.0,3.92918,3.92918
2015-10-18,0.0,0.0,0.0,0.0,0.0,0.0,0.0,0.0,0.0,3.92918,3.92918
2015-10-19,0.0,0.0,0.0,0.0,0.0,0.0,0.0,0.0,0.0,3.92918,3.92918
2015-10-20,0.0,0.0,0.0,0.0,0.0,0.0,0.0,0.0,0.0,3.92918,3.92918
2015-10-21,0.0,0.0,0.0,0.0,0.0,0.0,0.0,0.0,0.0,3.92918,3.92918
2015-10-22,0.0,0.0,0.0,0.0,0.0,0.0,0.0,0.0,0.0,3.92918,3.92918
2015-10-23,0.0,0.0,0.0,0.0,0.0,0.0,0.0,0.0,0.0,3.92918,3.92918
2015-10-24,0.0,0.0,0.0,0.0,0.0,0.0,0.0,0.0,0.0,3.92918,3.92918
2015-10-25,0.0,0.0,0.0,0.0,0.0,0.0,0.0,0.0,0.0,3.92918,3.92918
2015-10-26,0.0,0.0,0.0,0.0,0.0,0.0,0.0,0.0,0.0,3.92918,3.92918
2015-10-27,0.0,0.0,0.0,0.0,0.0,0.0,0.0,0.0,0.0,3.92918,3.92918
2015-10-28,0.0,0.0,0.0,0.0,0.0,0.0,0.0,0.0,0.0,3.92918,3.92918
2015-10-29,0.0,0.0,0.0,0.0,0.0,18.0,3.0,0.0,0.0,3.92918,3.92918
2015-10-30,0.0,30.0,1.0,11.0,0.0,0.0,7.0,0.0,0.0,3.92918,3.92918
2015-10-31,0.0,0.0,0.0,0.0,0.0,0.0,0.0,0.0,0.0,3.92918,3.92918
2015-11-01,0.0,0.0,0.0,0.0,0.0,0.0,0.0,0.0,0.0,3.92918,3.92918
2015-11-02,0.0,0.0,0.0,0.0,0.0,0.0,0.0,0.0,0.0,3.92918,3.92918
2015-11-03,0.0,0.0,0.0,0.0,0.0,0.0,0.0,0.0,0.0,3.92918,3.92918
2015-11-04,0.0,0.0,0.0,0.0,0.0,0.0,0.0,0.0,0.0,3.92918,3.92918
2015-11-05,0.0,0.0,0.0,0.0,0.0,0.0,0.0,0.0,0.0,3.92918,3.92918
2015-11-06,0.0,0.0,0.0,0.0,0.0,0.0,0.0,0.0,0.0,3.92918,3.92918
2015-11-07,0.0,0.0,0.0,0.0,0.0,0.0,0.0,0.0,0.0,3.92918,3.92918
2015-11-08,0.0,75.0,0.0,21.0,0.0,0.0,16.0,0.1630239520958083,1.320795908183632,3.92918,5.249975908183632
2015-11-09,0.0,0.0,0.0,33.0,0.0,0.0,5.5,0.0,0.0,3.92918,3.92918
2015-11-10,0.0,0.0,0.0,1.0,0.0,0.0,0.16666666666666666,0.0,0.0,3.92918,3.92918
2015-11-11,67.0,64.0,41.0,12.0,0.0,41.0,37.5,6.965345413363532,56.43219663604714,12.07967509540707,68.5118717314542
2015-11-12,0.0,12.0,0.0,29.0,0.0,11.8,8.799999999999999,0.0,0.0,11.113301087774506,11.113301087774506
2015-11-13,0.0,19.0,0.0,5.0,0.0,1.2,4.2,0.0,0.0,10.224237000752545,10.224237000752545
2015-11-14,0.0,14.0,0.0,0.0,0.0,0.0,2.3333333333333335,0.0,0.0,9.406298040692342,9.406298040692342
2015-11-15,0.0,0.0,0.0,0.0,0.0,0.0,0.0,0.0,0.0,8.653794197436955,8.653794197436955
2015-11-16,0.0,0.0,0.0,0.0,0.0,0.0,0.0,0.0,0.0,7.961490661641999,7.961490661641999
2015-11-17,0.0,0.0,0.0,0.0,0.0,0.0,0.0,0.0,0.0,7.32457140871064,7.32457140871064
2015-11-18,0.0,0.0,0.0,0.0,0.0,0.0,0.0,0.0,0.0,6.7386056960137894,6.7386056960137894
2015-11-19,0.0,0.0,0.0,6.0,0.0,0.0,1.0,0.0,0.0,6.199517240332686,6.199517240332686
2015-11-20,0.0,0.0,1.0,0.0,0.0,26.0,4.5,0.0,0.0,5.7035558611060715,5.7035558611060715
2015-11-21,0.0,17.0,0.0,0.0,0.0,0.0,2.8333333333333335,0.0,0.0,5.247271392217586,5.247271392217586
2015-11-22,0.0,7.0,0.0,0.0,0.0,0.0,1.1666666666666667,0.0,0.0,4.82748968084018,4.82748968084018
2015-11-23,0.0,0.0,0.0,11.0,0.0,0.0,1.8333333333333333,0.0,0.0,4.441290506372965,4.441290506372965
2015-11-24,0.0,0.0,0.0,0.0,0.0,0.0,0.0,0.0,0.0,4.085987265863128,4.085987265863128
2015-11-25,0.0,27.0,0.0,0.0,0.0,0.0,4.5,0.0,0.0,3.92918,3.92918
2015-11-26,91.0,15.0,93.0,30.5,0.0,11.4,40.15,8.284799340296864,67.12221687740515,13.683178131610774,80.80539500901592
2015-11-27,4.0,0.0,13.0,21.5,0.0,3.0,6.916666666666667,0.0,0.0,12.588523881081912,12.588523881081912
2015-11-28,21.0,0.0,1.0,0.0,0.0,2.0,4.0,0.0,0.0,11.581441970595359,11.581441970595359
2015-11-29,0.0,0.0,0.0,0.0,0.0,0.0,0.0,0.0,0.0,10.65492661294773,10.65492661294773
2015-11-30,0.0,0.0,0.0,0.0,0.0,0.0,0.0,0.0,0.0,9.80253248391191,9.80253248391191
2015-12-01,0.0,0.0,4.0,0.0,0.0,0.0,0.6666666666666666,0.0,0.0,9.018329885198959,9.018329885198959
2015-12-02,0.0,15.0,0.0,5.5,0.0,0.0,3.4166666666666665,0.0,0.0,8.296863494383043,8.296863494383043
2015-12-03,9.0,13.0,31.0,17.0,0.0,6.0,12.666666666666666,0.0,0.0,7.6331144148323995,7.6331144148323995
2015-12-04,11.0,5.0,6.0,1.0,0.0,8.2,5.2,0.0,0.0,7.022465261645808,7.022465261645808
2015-12-05,10.0,0.0,24.0,0.0,0.0,41.2,12.533333333333333,0.0,0.0,6.460668040714143,6.460668040714143
2015-12-06,0.0,0.0,6.0,13.5,0.0,0.0,3.25,0.0,0.0,5.9438145974570125,5.9438145974570125
2015-12-07,0.0,0.0,2.0,0.0,0.0,3.4,0.9,0.0,0.0,5.468309429660452,5.468309429660452
2015-12-08,20.0,27.0,6.0,52.0,0.0,11.0,19.333333333333332,0.6273922686945497,5.083039213960472,5.793300557381687,10.87633977134216
2015-12-09,19.0,49.0,26.0,48.0,0.0,57.8,33.300000000000004,5.045897740784781,40.88111595543226,11.462003906105991,52.34311986153825
2015-12-10,0.0,3.0,0.0,7.0,0.0,0.0,1.6666666666666667,0.0,0.0,10.545043593617512,10.545043593617512
2015-12-11,3.0,5.0,6.0,2.0,0.0,17.8,5.633333333333333,0.0,0.0,9.701440106128112,9.701440106128112
2015-12-12,0.0,0.0,0.0,1.0,0.0,0.0,0.16666666666666666,0.0,0.0,8.925324897637864,8.925324897637864
2015-12-13,10.0,7.0,10.0,0.0,0.0,27.4,9.066666666666666,0.0,0.0,8.211298905826835,8.211298905826835
2015-12-14,2.0,0.0,3.0,0.0,0.0,0.0,0.8333333333333334,0.0,0.0,7.554394993360688,7.554394993360688
2015-12-15,23.0,19.0,50.0,30.0,0.0,44.0,27.666666666666668,2.854729538374398,23.128595797014796,10.419332763444054,33.54792856045885
2015-12-16,7.0,32.0,8.0,38.0,0.0,10.8,15.966666666666667,0.15982692627725067,1.2948940786351328,9.7800202541638,11.074914332798933
2015-12-17,2.0,21.0,0.0,29.5,0.0,1.0,8.916666666666666,0.0,0.0,8.997618633830696,8.997618633830696
2015-12-18,8.0,7.0,10.0,24.0,0.0,11.6,10.1,0.0,0.0,8.27780914312424,8.27780914312424
2015-12-19,0.0,14.0,1.0,38.0,0.0,5.8,9.799999999999999,0.0,0.0,7.615584411674302,7.615584411674302
2015-12-20,4.0,0.0,7.0,0.0,0.0,10.4,3.5666666666666664,0.0,0.0,7.006337658740358,7.006337658740358
2015-12-21,0.0,12.0,7.0,0.0,0.0,0.0,3.1666666666666665,0.0,0.0,6.445830646041129,6.445830646041129
2015-12-22,20.0,0.0,8.0,31.0,0.0,11.4,11.733333333333334,0.0,0.0,5.930164194357839,5.930164194357839
2015-12-23,16.0,0.0,9.0,0.0,0.0,0.0,4.166666666666667,0.0,0.0,5.455751058809212,5.455751058809212
2015-12-24,20.0,0.0,7.0,0.0,0.0,6.2,5.533333333333334,0.0,0.0,5.019290974104475,5.019290974104475
2015-12-25,39.0,0.0,52.0,0.0,0.0,0.0,15.166666666666666,0.09223513559036538,0.7472754040886083,4.729839006789408,5.477114410878016
2015-12-26,0.0,0.0,0.0,0.0,0.0,0.0,0.0,0.0,0.0,4.351451886246256,4.351451886246256
2015-12-27,0.0,0.0,0.0,0.0,0.0,0.0,0.0,0.0,0.0,4.003335735346556,4.003335735346556
2015-12-28,0.0,0.0,0.0,0.0,0.0,0.0,0.0,0.0,0.0,3.92918,3.92918
2015-12-29,0.0,0.0,0.0,0.0,0.0,0.0,0.0,0.0,0.0,3.92918,3.92918
2015-12-30,0.0,0.0,0.0,0.0,0.0,0.0,0.0,0.0,0.0,3.92918,3.92918
2015-12-31,0.0,0.0,0.0,0.0,0.0,0.0,0.0,0.0,0.0,3.92918,3.92918
2016-01-01,0.0,0.0,0.0,0.0,0.0,0.0,0.0,0.0,0.0,3.92918,3.92918
2016-01-02,2.0,71.0,0.0,0.5,2.0,0.0,12.583333333333334,0.0,0.0,3.92918,3.92918
2016-01-03,0.0,6.0,0.0,41.0,0.0,0.0,7.833333333333333,0.0,0.0,3.92918,3.92918
2016-01-04,0.0,12.0,0.0,2.0,0.0,0.0,2.3333333333333335,0.0,0.0,3.92918,3.92918
2016-01-05,0.0,0.0,0.0,7.5,0.0,0.0,1.25,0.0,0.0,3.92918,3.92918
2016-01-06,0.0,0.0,0.0,0.0,0.0,22.0,3.6666666666666665,0.0,0.0,3.92918,3.92918
2016-01-07,0.0,0.0,0.0,0.0,0.0,0.0,0.0,0.0,0.0,3.92918,3.92918
2016-01-08,0.0,33.0,0.0,0.0,25.0,1.2,9.866666666666667,0.0,0.0,3.92918,3.92918
2016-01-09,0.0,0.0,0.0,0.0,6.0,0.0,1.0,0.0,0.0,3.92918,3.92918
2016-01-10,2.0,62.0,0.0,0.0,0.0,2.0,11.0,0.0,0.0,3.92918,3.92918
2016-01-11,3.0,12.0,13.0,32.0,5.0,1.2,11.033333333333333,0.0,0.0,3.92918,3.92918
2016-01-12,4.0,0.0,0.0,9.0,0.0,7.4,3.4,0.0,0.0,3.92918,3.92918
2016-01-13,1.0,0.0,30.0,0.0,2.0,0.0,5.5,0.0,0.0,3.92918,3.92918
2016-01-14,0.0,0.0,0.0,4.5,0.0,1.0,0.9166666666666666,0.0,0.0,3.92918,3.92918
2016-01-15,0.0,0.0,0.0,0.0,20.0,3.4,3.9,0.0,0.0,3.92918,3.92918
2016-01-16,0.0,0.0,0.0,0.0,5.0,2.3,1.2166666666666666,0.0,0.0,3.92918,3.92918
2016-01-17,0.0,7.0,0.0,3.0,5.0,0.0,2.5,0.0,0.0,3.92918,3.92918
2016-01-18,12.0,19.0,4.0,11.0,21.0,0.0,11.166666666666666,0.0,0.0,3.92918,3.92918
2016-01-19,0.0,2.0,2.0,66.5,70.0,74.6,35.85,6.184910559723022,50.109229071830036,11.131229960774505,61.24045903260454
2016-01-20,11.0,55.0,9.0,45.0,10.0,20.8,25.133333333333336,2.0358355282411478,16.494037844546337,12.714837240594496,29.208875085140832
2016-01-21,4.0,31.0,5.0,41.0,15.0,10.0,17.666666666666668,0.3602888672508926,2.9190070263382504,12.135501315297674,15.054508341635923
2016-01-22,32.0,0.0,22.0,2.5,0.0,22.8,13.216666666666667,0.004169921027510182,0.03378408239880935,11.169728822433683,11.203512904832492
2016-01-23,4.0,10.0,27.0,0.0,6.0,0.0,7.833333333333333,0.0,0.0,10.276150516638989,10.276150516638989
2016-01-24,0.0,0.0,0.0,33.0,10.0,45.6,14.766666666666666,0.06514150144043371,0.527766794077588,9.533223494419508,10.060990288497095
2016-01-25,0.0,22.0,0.0,0.0,0.0,0.0,3.6666666666666665,0.0,0.0,8.770565614865948,8.770565614865948
2016-01-26,7.0,5.0,8.0,29.0,0.0,7.2,9.366666666666667,0.0,0.0,8.068920365676673,8.068920365676673
2016-01-27,3.0,19.0,9.0,1.0,10.0,5.6,7.933333333333334,0.0,0.0,7.42340673642254,7.42340673642254
2016-01-28,0.0,8.0,1.0,17.5,12.0,5.0,7.25,0.0,0.0,6.829534197508737,6.829534197508737
2016-01-29,0.0,0.0,0.0,0.0,0.0,0.0,0.0,0.0,0.0,6.283171461708038,6.283171461708038
2016-01-30,0.0,4.0,0.0,8.5,10.0,0.0,3.75,0.0,0.0,5.780517744771395,5.780517744771395
2016-01-31,5.0,27.0,5.0,0.0,25.0,3.8,10.966666666666667,0.0,0.0,5.318076325189684,5.318076325189684
2016-02-01,32.0,13.0,34.0,57.0,41.0,8.2,30.866666666666664,4.041156462585033,32.74085097001763,9.803757864677154,42.544608834694785
2016-02-02,58.0,33.0,80.0,10.0,20.0,25.0,37.666666666666664,7.045980909319264,57.085493478281066,17.582281257245143,74.66777473552621
2016-02-03,15.0,5.0,15.0,38.0,30.0,45.6,24.766666666666666,1.9268342890751355,15.610925953155034,18.517337649638787,34.12826360279382
2016-02-04,1.0,1.0,0.0,10.0,1.0,10.0,3.8333333333333335,0.0,0.0,17.035950637667685,17.035950637667685
2016-02-05,41.0,38.0,46.0,0.0,3.0,3.2,21.866666666666664,1.1563455657492345,9.368540463246113,17.078355656141188,26.4468961193873
2016-02-06,0.0,13.0,1.0,54.5,64.0,31.0,27.25,2.712395900064061,21.975429745889382,19.008401665533302,40.983831411422685
2016-02-07,13.0,10.0,19.0,12.0,4.0,0.8,9.799999999999999,0.0,0.0,17.48772953229064,17.48772953229064
2016-02-08,9.0,12.0,14.0,6.0,0.0,11.0,8.666666666666666,0.0,0.0,16.088711169707388,16.088711169707388
2016-02-09,7.0,15.0,16.0,9.5,25.0,6.0,13.083333333333334,0.002300200017392811,0.018635879770543606,14.804409658096379,14.823045537866923
2016-02-10,17.0,41.0,65.0,5.0,8.0,44.1,30.016666666666666,3.71045920120987,30.061590750542926,18.129295498030107,48.19088624857304
2016-02-11,77.0,10.0,65.0,20.0,1.0,8.4,30.233333333333334,3.7937200054847104,30.736157451843717,21.289375475964256,52.02553292780797
2016-02-12,1.0,0.0,2.0,22.0,0.0,10.0,5.833333333333333,0.0,0.0,19.586225437887116,19.586225437887116
2016-02-13,0.0,1.0,0.0,0.0,0.0,1.4,0.39999999999999997,0.0,0.0,18.01932740285615,18.01932740285615
2016-02-14,0.0,0.0,0.0,0.0,0.0,0.0,0.0,0.0,0.0,16.57778121062766,16.57778121062766
2016-02-15,17.0,3.0,6.0,0.0,7.0,0.0,5.5,0.0,0.0,15.251558713777447,15.251558713777447
2016-02-16,2.0,5.0,6.0,0.0,3.0,0.0,2.6666666666666665,0.0,0.0,14.031434016675252,14.031434016675252
2016-02-17,0.0,7.0,0.0,11.0,31.0,57.0,17.666666666666668,0.3602888672508926,2.9190070263382504,13.34677034929197,16.265777375630222
2016-02-18,0.0,0.0,0.0,14.0,41.0,0.0,9.166666666666666,0.0,0.0,12.279028721348613,12.279028721348613
2016-02-19,0.0,0.0,0.0,0.0,1.0,0.0,0.16666666666666666,0.0,0.0,11.296706423640725,11.296706423640725
2016-02-20,0.0,27.0,0.0,0.0,0.0,0.0,4.5,0.0,0.0,10.392969909749468,10.392969909749468
2016-02-21,6.0,0.0,0.0,8.0,0.0,0.0,2.3333333333333335,0.0,0.0,9.56153231696951,9.56153231696951
2016-02-22,0.0,2.0,0.0,0.0,6.0,9.0,2.8333333333333335,0.0,0.0,8.79660973161195,8.79660973161195
2016-02-23,0.0,8.0,0.0,28.0,0.0,0.0,6.0,0.0,0.0,8.092880953082995,8.092880953082995
2016-02-24,0.0,3.0,0.0,0.0,0.0,0.0,0.5,0.0,0.0,7.445450476836355,7.445450476836355
2016-02-25,0.0,0.0,0.0,10.5,5.0,0.0,2.5833333333333335,0.0,0.0,6.849814438689447,6.849814438689447
2016-02-26,8.0,18.0,16.0,0.0,2.0,0.0,7.333333333333333,0.0,0.0,6.301829283594292,6.301829283594292
2016-02-27,4.0,5.0,1.0,14.0,0.0,8.4,5.3999999999999995,0.0,0.0,5.797682940906749,5.797682940906749
2016-02-28,7.0,72.0,17.0,8.5,8.0,5.6,19.683333333333334,0.6918932765823282,5.605616824162381,6.174710829258567,11.780327653420947
2016-02-29,8.0,9.0,14.0,51.0,5.0,7.2,15.700000000000001,0.13533834586466165,1.0964912280701753,5.845207647128408,6.9416988751985835
2016-03-01,0.0,0.0,0.0,3.0,10.0,7.4,3.4,0.0,0.0,5.377591035358136,5.377591035358136
2016-03-02,8.0,10.0,0.0,0.0,25.0,0.0,7.166666666666667,0.0,0.0,4.947383752529485,4.947383752529485
2016-03-03,2.0,2.0,3.0,107.0,15.0,0.0,21.5,1.0710926694329181,8.677834127350032,5.853268171429631,14.531102298779663
2016-03-04,0.0,4.0,8.0,0.0,0.0,0.0,2.0,0.0,0.0,5.385006717715261,5.385006717715261
2016-03-05,11.0,77.0,8.0,0.0,16.0,0.0,18.666666666666668,0.512492002559181,4.152134279993366,5.577026322297045,9.72916060229041
2016-03-06,1.0,30.0,3.0,19.0,25.0,49.0,21.166666666666668,0.9960784313725491,8.070079883805375,6.341376199084088,14.411456082889464
2016-03-07,9.0,51.0,0.0,15.0,4.0,8.6,14.6,0.0551987767584097,0.4472123117000787,5.901147949912374,6.348360261612452
2016-03-08,0.0,37.0,1.0,0.0,7.0,0.0,7.5,0.0,0.0,5.429056113919384,5.429056113919384
2016-03-09,0.0,44.0,6.0,21.0,25.0,1.4,16.233333333333334,0.18624233383059838,1.5089077972386442,5.22106779439163,6.729975591630275
2016-03-10,0.0,3.0,0.0,0.0,20.0,5.6,4.766666666666667,0.0,0.0,4.8033823708403,4.8033823708403
2016-03-11,0.0,39.0,0.0,30.0,0.0,0.0,11.5,0.0,0.0,4.4191117811730765,4.4191117811730765
2016-03-12,0.0,0.0,3.0,30.0,10.0,28.0,11.833333333333334,0.0,0.0,4.06558283867923,4.06558283867923
2016-03-13,0.0,7.0,0.0,6.5,4.0,0.0,2.9166666666666665,0.0,0.0,3.92918,3.92918
2016-03-14,0.0,0.0,0.0,29.0,0.0,0.0,4.833333333333333,0.0,0.0,3.92918,3.92918
2016-03-15,0.0,0.0,0.0,5.0,12.0,1.4,3.0666666666666664,0.0,0.0,3.92918,3.92918
2016-03-16,0.0,0.0,0.0,0.0,3.0,0.0,0.5,0.0,0.0,3.92918,3.92918
2016-03-17,0.0,27.0,0.0,9.0,4.0,14.6,9.1,0.0,0.0,3.92918,3.92918
2016-03-18,0.0,4.0,0.0,13.0,0.0,3.2,3.3666666666666667,0.0,0.0,3.92918,3.92918
2016-03-19,0.0,0.0,0.0,67.0,25.0,0.0,15.333333333333334,0.10485551075268815,0.8495238139685382,3.92918,4.778703813968538
2016-03-20,1.0,0.0,45.0,0.0,0.0,1.2,7.866666666666667,0.0,0.0,3.92918,3.92918
2016-03-21,0.0,0.0,0.0,0.0,20.0,3.2,3.8666666666666667,0.0,0.0,3.92918,3.92918
2016-03-22,4.0,14.0,3.0,0.0,15.0,1.4,6.233333333333333,0.0,0.0,3.92918,3.92918
2016-03-23,29.0,27.0,7.0,2.0,0.0,7.0,12.0,0.0,0.0,3.92918,3.92918
2016-03-24,13.0,9.0,6.0,28.0,6.0,28.4,15.066666666666668,0.08503711201079625,0.688958083420803,3.92918,4.618138083420803
2016-03-25,16.0,15.0,3.0,0.0,9.0,1.6,7.433333333333334,0.0,0.0,3.92918,3.92918
2016-03-26,5.0,4.0,2.0,42.5,40.0,51.6,24.183333333333334,1.7586167296436241,14.248052207760843,5.752053431164127,20.00010563892497
2016-03-27,0.0,59.0,0.0,2.0,30.0,3.0,15.666666666666666,0.13241390839184206,1.072797868915387,5.4528088370083045,6.525606705923692
2016-03-28,28.0,42.0,39.0,55.0,7.0,0.0,28.5,3.1480453972257245,25.504997431226933,8.842333744731679,34.347331175958615
2016-03-29,25.0,27.0,34.0,39.5,75.0,31.4,38.65,7.528256008943543,60.992814887274065,17.283869278244254,78.27668416551832
2016-03-30,0.0,20.0,0.0,2.0,0.0,0.0,3.6666666666666665,0.0,0.0,15.901159735984715,15.901159735984715
2016-03-31,6.0,1.0,6.0,30.0,5.0,13.0,10.166666666666666,0.0,0.0,14.629066957105938,14.629066957105938
2016-04-01,3.0,0.0,29.0,0.0,0.0,14.8,7.8,0.0,0.0,13.458741600537463,13.458741600537463
2016-04-02,1.0,9.0,1.0,0.0,0.0,17.8,4.8,0.0,0.0,12.382042272494466,12.382042272494466
2016-04-03,4.0,29.0,42.0,3.0,32.0,48.0,26.333333333333332,2.4096946125036007,19.522988758709726,14.319927204501369,33.8429159632111
2016-04-04,0.0,11.0,0.0,12.0,10.0,23.6,9.433333333333334,0.0,0.0,13.174333028141259,13.174333028141259
2016-04-05,0.0,26.0,0.0,0.0,0.0,0.0,4.333333333333333,0.0,0.0,12.120386385889958,12.120386385889958
2016-04-06,0.0,1.0,2.0,15.0,5.0,1.4,4.066666666666666,0.0,0.0,11.150755475018762,11.150755475018762
2016-04-07,0.0,0.0,2.0,0.0,0.0,4.0,1.0,0.0,0.0,10.258695037017262,10.258695037017262
2016-04-08,43.0,52.0,18.0,1.0,16.0,3.4,22.233333333333334,1.244424159440134,10.082140180649233,10.950320461153266,21.0324606418025
2016-04-09,0.0,2.0,0.0,23.0,70.0,36.0,21.833333333333332,1.1484778950588952,9.304797760893827,11.47001448839508,20.774812249288907
2016-04-10,6.0,0.0,0.0,0.0,0.0,1.4,1.2333333333333334,0.0,0.0,10.552413329323475,10.552413329323475
2016-04-11,16.0,19.0,25.0,0.0,24.0,1.0,14.166666666666666,0.033110997092526004,0.26826039311074307,9.748459321944209,10.016719715054952
2016-04-12,11.0,51.0,2.0,29.5,7.0,77.4,29.650000000000002,3.5711932877563717,28.933278951729864,13.308574418948151,42.241853370678015
2016-04-13,35.0,20.0,46.0,18.0,9.0,1.6,21.599999999999998,1.0940607734806622,8.863918303662771,13.573476210981715,22.437394514644488
2016-04-14,2.0,12.0,18.0,18.0,10.0,25.0,14.166666666666666,0.033110997092526004,0.26826039311074307,12.52783717306979,12.796097566180533
2016-04-15,0.0,0.0,0.0,22.0,25.0,24.8,11.966666666666667,0.0,0.0,11.525610199224207,11.525610199224207
2016-04-16,12.0,20.0,59.0,0.0,3.0,0.0,15.666666666666666,0.13241390839184206,1.072797868915387,10.76448106362358,11.837278932538966
2016-04-17,4.0,5.0,21.0,25.0,5.0,22.2,13.700000000000001,0.015503875968992248,0.12561010623026125,9.922164094468233,10.047774200698495
2016-04-18,0.0,0.0,0.0,14.5,9.0,5.0,4.75,0.0,0.0,9.128390966910775,9.128390966910775
2016-04-19,0.0,22.0,0.0,0.0,10.0,0.0,5.333333333333333,0.0,0.0,8.398119689557914,8.398119689557914
2016-04-20,0.0,0.0,0.0,0.0,71.0,0.0,11.833333333333334,0.0,0.0,7.726270114393281,7.726270114393281
2016-04-21,0.0,7.0,3.0,0.0,8.0,0.0,3.0,0.0,0.0,7.108168505241819,7.108168505241819
2016-04-22,43.0,0.0,16.0,21.5,10.0,0.0,15.083333333333334,0.08621721898979676,0.6985191353340016,6.6442928951225735,7.342812030456575
2016-04-23,1.0,10.0,0.0,0.0,5.0,11.6,4.6000000000000005,0.0,0.0,6.112749463512768,6.112749463512768
2016-04-24,0.0,0.0,0.0,0.0,20.0,0.0,3.3333333333333335,0.0,0.0,5.623729506431746,5.623729506431746
2016-04-25,0.0,0.0,0.0,0.0,0.0,1.8,0.3,0.0,0.0,5.173831145917207,5.173831145917207
2016-04-26,8.0,0.0,25.0,0.0,0.0,0.0,5.5,0.0,0.0,4.7599246542438305,4.7599246542438305
2016-04-27,0.0,3.0,0.0,1.5,14.0,57.0,12.583333333333334,0.0,0.0,4.379130681904324,4.379130681904324
2016-04-28,0.0,68.0,0.0,0.0,0.0,0.0,11.333333333333334,0.0,0.0,4.0288002273519785,4.0288002273519785
2016-04-29,0.0,0.0,3.0,0.0,0.0,0.0,0.5,0.0,0.0,3.92918,3.92918
2016-04-30,62.0,9.0,22.0,50.0,20.0,3.2,27.7,2.86624203821656,23.22186836518046,7.098125854777069,30.31999421995753
2016-05-01,1.0,18.0,1.0,0.0,25.0,3.0,8.0,0.0,0.0,6.5302757863949035,6.5302757863949035
2016-05-02,0.0,0.0,0.0,14.0,9.0,9.4,5.3999999999999995,0.0,0.0,6.007853723483311,6.007853723483311
2016-05-03,0.0,3.0,0.0,0.0,0.0,15.0,3.0,0.0,0.0,5.527225425604647,5.527225425604647
2016-05-04,0.0,0.0,0.0,0.0,0.0,1.8,0.3,0.0,0.0,5.085047391556276,5.085047391556276
2016-05-05,0.0,42.0,0.0,0.0,5.0,0.0,7.833333333333333,0.0,0.0,4.678243600231774,4.678243600231774
2016-05-06,6.0,0.0,31.0,0.0,2.0,5.8,7.466666666666666,0.0,0.0,4.303984112213232,4.303984112213232
2016-05-07,0.0,0.0,0.0,1.0,5.0,0.0,1.0,0.0,0.0,3.9596653832361737,3.9596653832361737
2016-05-08,78.0,38.0,34.0,2.0,3.0,8.0,27.166666666666668,2.684281031779963,21.74764724821729,6.905039239809874,28.652686488027165
2016-05-09,2.0,3.0,0.0,28.0,22.0,14.8,11.633333333333333,0.0,0.0,6.352636100625084,6.352636100625084
2016-05-10,2.0,0.0,1.0,9.0,10.0,3.0,4.166666666666667,0.0,0.0,5.844425212575078,5.844425212575078
2016-05-11,0.0,3.0,9.0,2.5,3.0,1.0,3.0833333333333335,0.0,0.0,5.376871195569072,5.376871195569072
2016-05-12,0.0,74.0,1.0,0.0,20.0,20.0,19.166666666666668,0.597681435604256,4.8423264458678155,5.673070466803718,10.515396912671534
2016-05-13,0.0,0.0,13.0,49.0,30.0,0.0,15.333333333333334,0.10485551075268815,0.8495238139685382,5.346653401554701,6.19617721552324
2016-05-14,6.0,0.0,22.0,0.0,5.0,4.2,6.2,0.0,0.0,4.918921129430325,4.918921129430325
2016-05-15,0.0,29.0,1.0,0.0,0.0,6.0,6.0,0.0,0.0,4.5254074390759,4.5254074390759
2016-05-16,0.0,0.0,1.0,1.0,1.0,3.4,1.0666666666666667,0.0,0.0,4.1633748439498275,4.1633748439498275
2016-05-17,0.0,2.0,0.0,20.0,2.0,3.8,4.633333333333334,0.0,0.0,3.92918,3.92918
2016-05-18,0.0,0.0,0.0,0.0,0.0,0.0,0.0,0.0,0.0,3.92918,3.92918
2016-05-19,0.0,15.0,0.0,0.0,0.0,3.0,3.0,0.0,0.0,3.92918,3.92918
2016-05-20,0.0,7.0,0.0,1.5,0.0,0.0,1.4166666666666667,0.0,0.0,3.92918,3.92918
2016-05-21,0.0,4.0,0.0,0.0,0.0,0.0,0.6666666666666666,0.0,0.0,3.92918,3.92918
2016-05-22,0.0,56.0,6.0,47.0,8.0,0.0,19.5,0.6577524893314366,5.3290132237500645,4.41419758356251,9.743210807312575
2016-05-23,0.0,27.0,0.0,50.0,0.0,0.0,12.833333333333334,0.0002793783830976059,0.002263482270466714,4.06140129921808,4.063664781488546
2016-05-24,0.0,3.0,0.0,0.0,0.0,16.4,3.233333333333333,0.0,0.0,3.92918,3.92918
2016-05-25,0.0,0.0,0.0,0.0,0.0,0.0,0.0,0.0,0.0,3.92918,3.92918
2016-05-26,0.0,0.0,0.0,9.0,0.0,0.0,1.5,0.0,0.0,3.92918,3.92918
2016-05-27,6.0,20.0,0.0,0.0,0.0,0.0,4.333333333333333,0.0,0.0,3.92918,3.92918
2016-05-28,0.0,5.0,6.0,32.0,15.0,1.8,9.966666666666667,0.0,0.0,3.92918,3.92918
2016-05-29,3.0,5.0,2.0,0.0,30.0,0.0,6.666666666666667,0.0,0.0,3.92918,3.92918
2016-05-30,0.0,1.0,0.0,0.0,0.0,0.0,0.16666666666666666,0.0,0.0,3.92918,3.92918
2016-05-31,0.0,0.0,0.0,0.0,0.0,0.0,0.0,0.0,0.0,3.92918,3.92918
2016-06-01,0.0,0.0,0.0,0.0,0.0,0.0,0.0,0.0,0.0,3.92918,3.92918
2016-06-02,0.0,0.0,0.0,0.0,0.0,1.0,0.16666666666666666,0.0,0.0,3.92918,3.92918
2016-06-03,0.0,0.0,0.0,0.0,0.0,0.0,0.0,0.0,0.0,3.92918,3.92918
2016-06-04,0.0,0.0,0.0,0.0,1.0,0.0,0.16666666666666666,0.0,0.0,3.92918,3.92918
2016-06-05,0.0,0.0,2.0,0.0,0.0,0.0,0.3333333333333333,0.0,0.0,3.92918,3.92918
2016-06-06,35.0,50.0,36.0,0.0,0.0,3.0,20.666666666666668,0.8880752487562189,7.195054098719367,4.6941037148079054,11.889157813527273
2016-06-07,44.0,4.0,47.0,16.0,8.0,0.0,19.833333333333332,0.720402705678779,5.836595995082701,5.194064816885678,11.030660811968378
2016-06-08,0.0,0.0,0.0,2.5,0.0,87.6,15.016666666666666,0.08154385076390634,0.6606561983186856,4.877638061282627,5.5382942596013125
2016-06-09,21.0,2.0,23.0,0.0,0.0,0.0,7.666666666666667,0.0,0.0,4.487427016380017,4.487427016380017
2016-06-10,0.0,0.0,1.0,32.0,15.0,2.0,8.333333333333334,0.0,0.0,4.128432855069615,4.128432855069615
2016-06-11,13.0,39.0,2.0,0.0,0.0,5.0,9.833333333333334,0.0,0.0,3.92918,3.92918
2016-06-12,0.0,2.0,0.0,0.0,0.0,13.0,2.5,0.0,0.0,3.92918,3.92918
2016-06-13,0.0,4.0,0.0,8.0,5.0,0.0,2.8333333333333335,0.0,0.0,3.92918,3.92918
2016-06-14,0.0,3.0,7.0,9.0,4.0,0.0,3.8333333333333335,0.0,0.0,3.92918,3.92918
2016-06-15,33.0,9.0,19.0,8.0,10.0,41.2,20.033333333333335,0.75921568627451,6.151053013798113,4.537503552069717,10.688556565867831
2016-06-16,0.0,2.0,0.0,25.0,0.0,10.0,6.166666666666667,0.0,0.0,4.17450326790414,4.17450326790414
2016-06-17,0.0,0.0,0.0,0.0,1.0,0.0,0.16666666666666666,0.0,0.0,3.92918,3.92918
2016-06-18,112.0,88.0,94.0,7.0,3.0,0.0,50.666666666666664,14.206318440648266,115.09748736636325,20.879468704954487,135.97695607131774
2016-06-19,15.0,5.0,36.0,57.0,2.0,103.6,36.43333333333333,6.457062794548463,52.314166159536164,27.05623613248855,79.37040229202472
2016-06-20,0.0,0.0,0.0,0.0,5.0,15.0,3.3333333333333335,0.0,0.0,24.891737241889466,24.891737241889466
2016-06-21,0.0,0.0,0.0,0.0,10.0,0.0,1.6666666666666667,0.0,0.0,22.90039826253831,22.90039826253831
2016-06-22,0.0,39.0,0.0,5.0,0.0,0.0,7.333333333333333,0.0,0.0,21.068366401535247,21.068366401535247
2016-06-23,0.0,0.0,0.0,2.0,2.0,13.0,2.8333333333333335,0.0,0.0,19.382897089412428,19.382897089412428
2016-06-24,0.0,0.0,0.0,0.0,4.0,0.0,0.6666666666666666,0.0,0.0,17.832265322259435,17.832265322259435
2016-06-25,0.0,0.0,0.0,0.0,0.0,0.0,0.0,0.0,0.0,16.40568409647868,16.40568409647868
2016-06-26,11.0,0.0,18.0,0.0,3.0,0.0,5.333333333333333,0.0,0.0,15.093229368760387,15.093229368760387
2016-06-27,0.0,0.0,5.0,0.0,0.0,2.8,1.3,0.0,0.0,13.885771019259556,13.885771019259556
2016-06-28,1.0,0.0,1.0,0.0,0.0,11.2,2.1999999999999997,0.0,0.0,12.774909337718793,12.774909337718793
2016-06-29,0.0,2.0,0.0,0.0,0.0,1.2,0.5333333333333333,0.0,0.0,11.75291659070129,11.75291659070129
2016-06-30,10.0,0.0,21.0,0.0,1.0,2.0,5.666666666666667,0.0,0.0,10.812683263445187,10.812683263445187
2016-07-01,0.0,6.0,1.0,0.0,0.0,0.0,1.1666666666666667,0.0,0.0,9.947668602369573,9.947668602369573
2016-07-02,1.0,0.0,1.0,0.0,0.0,1.2,0.5333333333333333,0.0,0.0,9.151855114180007,9.151855114180007
2016-07-03,0.0,0.0,0.0,0.0,1.0,0.0,0.16666666666666666,0.0,0.0,8.419706705045607,8.419706705045607
2016-07-04,0.0,0.0,0.0,0.0,0.0,0.0,0.0,0.0,0.0,7.746130168641959,7.746130168641959
2016-07-05,0.0,0.0,0.0,0.0,0.0,0.0,0.0,0.0,0.0,7.126439755150603,7.126439755150603
2016-07-06,0.0,0.0,0.0,0.0,0.0,0.0,0.0,0.0,0.0,6.556324574738555,6.556324574738555
2016-07-07,0.0,0.0,2.0,0.0,0.0,0.0,0.3333333333333333,0.0,0.0,6.031818608759471,6.031818608759471
2016-07-08,0.0,0.0,0.0,0.0,0.0,2.0,0.3333333333333333,0.0,0.0,5.5492731200587135,5.5492731200587135
2016-07-09,0.0,0.0,0.0,0.0,0.0,0.0,0.0,0.0,0.0,5.105331270454017,5.105331270454017
2016-07-10,7.0,0.0,46.0,0.0,0.0,0.0,8.833333333333334,0.0,0.0,4.696904768817696,4.696904768817696
2016-07-11,0.0,0.0,17.0,0.0,0.0,0.0,2.8333333333333335,0.0,0.0,4.321152387312281,4.321152387312281
2016-07-12,0.0,0.0,17.0,0.0,0.0,9.0,4.333333333333333,0.0,0.0,3.9754601963272984,3.9754601963272984
2016-07-13,0.0,0.0,13.0,0.0,0.0,0.0,2.1666666666666665,0.0,0.0,3.92918,3.92918
2016-07-14,0.0,0.0,0.0,0.0,5.0,2.0,1.1666666666666667,0.0,0.0,3.92918,3.92918
2016-07-15,0.0,50.0,0.0,0.0,0.0,1.8,8.633333333333333,0.0,0.0,3.92918,3.92918
2016-07-16,0.0,10.0,4.0,55.0,18.0,10.0,16.166666666666668,0.17945910071345614,1.4539510474469826,3.92918,5.383131047446983
2016-07-17,0.0,8.0,0.0,0.0,1.0,11.2,3.3666666666666667,0.0,0.0,3.92918,3.92918
2016-07-18,10.0,0.0,5.0,2.0,0.0,0.0,2.8333333333333335,0.0,0.0,3.92918,3.92918
2016-07-19,5.0,0.0,26.0,1.5,0.0,9.8,7.05,0.0,0.0,3.92918,3.92918
2016-07-20,28.0,0.0,36.0,0.0,0.0,0.0,10.666666666666666,0.0,0.0,3.92918,3.92918
2016-07-21,3.0,0.0,0.0,0.0,0.0,0.0,0.5,0.0,0.0,3.92918,3.92918
2016-07-22,0.0,3.0,1.0,0.0,0.0,8.4,2.066666666666667,0.0,0.0,3.92918,3.92918
2016-07-23,0.0,10.0,0.0,0.0,0.0,0.0,1.6666666666666667,0.0,0.0,3.92918,3.92918
2016-07-24,0.0,0.0,0.0,0.0,0.0,0.0,0.0,0.0,0.0,3.92918,3.92918
2016-07-25,5.0,0.0,3.0,0.0,3.0,0.0,1.8333333333333333,0.0,0.0,3.92918,3.92918
2016-07-26,13.0,0.0,17.0,0.0,0.0,1.0,5.166666666666667,0.0,0.0,3.92918,3.92918
2016-07-27,0.0,0.0,0.0,4.0,0.0,9.4,2.2333333333333334,0.0,0.0,3.92918,3.92918
2016-07-28,0.0,0.0,13.0,0.0,3.0,0.0,2.6666666666666665,0.0,0.0,3.92918,3.92918
2016-07-29,13.0,0.0,10.0,0.0,1.0,1.2,4.2,0.0,0.0,3.92918,3.92918
2016-07-30,0.0,0.0,0.0,0.0,0.0,0.0,0.0,0.0,0.0,3.92918,3.92918
2016-07-31,1.0,4.0,0.0,19.0,29.0,0.0,8.833333333333334,0.0,0.0,3.92918,3.92918
2016-08-01,0.0,0.0,0.0,0.0,0.0,1.0,0.16666666666666666,0.0,0.0,3.92918,3.92918
2016-08-02,2.0,0.0,8.0,0.0,1.0,12.2,3.8666666666666667,0.0,0.0,3.92918,3.92918
2016-08-03,38.0,10.0,44.0,1.0,1.0,10.4,17.400000000000002,0.3239002932551321,2.6241921907244494,4.008474428608667,6.632666619333117
2016-08-04,0.0,0.0,5.0,0.0,2.0,8.0,2.5,0.0,0.0,3.92918,3.92918
2016-08-05,2.0,0.0,1.0,4.0,0.0,4.4,1.9000000000000001,0.0,0.0,3.92918,3.92918
2016-08-06,0.0,6.0,2.0,0.0,1.0,0.0,1.5,0.0,0.0,3.92918,3.92918
2016-08-07,0.0,25.0,0.0,5.0,9.0,3.0,7.0,0.0,0.0,3.92918,3.92918
2016-08-08,5.0,50.0,20.0,18.0,25.0,0.0,19.666666666666668,0.6887574897508673,5.580211143814896,4.451877271572235,10.03208841538713
2016-08-09,0.0,0.0,0.0,24.0,50.0,15.6,14.933333333333332,0.07587897227856642,0.6147601920717187,4.187941118657213,4.802701310728932
2016-08-10,0.0,0.0,0.0,0.0,0.0,0.0,0.0,0.0,0.0,3.92918,3.92918
2016-08-11,4.0,0.0,15.0,0.0,0.0,0.0,3.1666666666666665,0.0,0.0,3.92918,3.92918
2016-08-12,83.0,10.0,23.0,0.0,5.0,0.0,20.166666666666668,0.7855957413496164,6.364780311860318,4.5695626467790476,10.934342958639366
2016-08-13,35.0,11.0,38.0,15.5,10.0,88.4,32.983333333333334,4.910446919965519,39.78371347194286,10.171554655828153,49.955268127771014
2016-08-14,0.0,0.0,3.0,12.0,2.0,196.2,35.53333333333333,6.038931788931786,48.926530697364,16.696809887966502,65.62334058533051
2016-08-15,0.0,0.0,3.0,0.0,1.0,2.4,1.0666666666666667,0.0,0.0,15.361065096929183,15.361065096929183
2016-08-16,0.0,0.0,38.0,1.0,0.0,0.0,6.5,0.0,0.0,14.132179889174848,14.132179889174848
2016-08-17,0.0,0.0,0.0,0.0,0.0,0.0,0.0,0.0,0.0,13.001605498040862,13.001605498040862
2016-08-18,0.0,0.0,0.0,10.0,0.0,0.0,1.6666666666666667,0.0,0.0,11.961477058197593,11.961477058197593
2016-08-19,0.0,0.0,0.0,0.0,0.0,0.0,0.0,0.0,0.0,11.004558893541786,11.004558893541786
2016-08-20,0.0,0.0,0.0,0.0,0.0,0.0,0.0,0.0,0.0,10.124194182058444,10.124194182058444
2016-08-21,0.0,0.0,0.0,0.0,0.0,0.0,0.0,0.0,0.0,9.31425864749377,9.31425864749377
2016-08-22,0.0,0.0,0.0,0.0,0.0,0.0,0.0,0.0,0.0,8.569117955694269,8.569117955694269
2016-08-23,0.0,0.0,5.0,0.0,0.0,0.0,0.8333333333333334,0.0,0.0,7.883588519238728,7.883588519238728
2016-08-24,0.0,0.0,2.0,0.0,0.0,0.0,0.3333333333333333,0.0,0.0,7.25290143769963,7.25290143769963
2016-08-25,0.0,0.0,0.0,0.0,0.0,0.0,0.0,0.0,0.0,6.67266932268366,6.67266932268366
2016-08-26,0.0,0.0,0.0,0.0,0.0,0.0,0.0,0.0,0.0,6.138855776868968,6.138855776868968
2016-08-27,2.0,47.0,0.0,0.0,0.0,0.0,8.166666666666666,0.0,0.0,5.64774731471945,5.64774731471945
2016-08-28,0.0,3.0,0.0,19.0,52.0,1.6,12.6,0.0,0.0,5.195927529541895,5.195927529541895
2016-08-29,0.0,0.0,0.0,1.5,25.0,0.0,4.416666666666667,0.0,0.0,4.780253327178544,4.780253327178544
2016-08-30,2.0,0.0,10.0,0.0,0.0,0.0,2.0,0.0,0.0,4.397833061004261,4.397833061004261
2016-08-31,0.0,0.0,0.0,0.0,0.0,0.0,0.0,0.0,0.0,4.0460064161239195,4.0460064161239195
2016-09-01,0.0,0.0,0.0,0.0,0.0,0.0,0.0,0.0,0.0,3.92918,3.92918
2016-09-02,0.0,0.0,0.0,0.0,0.0,11.6,1.9333333333333333,0.0,0.0,3.92918,3.92918
2016-09-03,0.0,0.0,0.0,0.0,0.0,0.0,0.0,0.0,0.0,3.92918,3.92918
2016-09-04,0.0,23.0,0.0,0.0,0.0,0.0,3.8333333333333335,0.0,0.0,3.92918,3.92918
2016-09-05,0.0,0.0,0.0,0.0,0.0,0.0,0.0,0.0,0.0,3.92918,3.92918
2016-09-06,0.0,2.0,0.0,0.0,0.0,0.0,0.3333333333333333,0.0,0.0,3.92918,3.92918
2016-09-07,25.0,0.0,15.0,0.0,0.0,0.0,6.666666666666667,0.0,0.0,3.92918,3.92918
2016-09-08,2.0,0.0,24.0,0.0,0.0,0.0,4.333333333333333,0.0,0.0,3.92918,3.92918
2016-09-09,112.0,0.0,121.0,0.0,0.0,16.4,41.56666666666667,9.021484421989655,73.09073027074952,14.578455140612428,87.66918541136195
2016-09-10,30.0,0.0,13.0,0.0,0.0,6.0,8.166666666666666,0.0,0.0,13.412178729363434,13.412178729363434
2016-09-11,6.0,0.0,31.0,0.0,0.0,3.4,6.733333333333333,0.0,0.0,12.33920443101436,12.33920443101436
2016-09-12,2.0,5.0,8.0,0.0,0.0,0.0,2.5,0.0,0.0,11.352068076533213,11.352068076533213
2016-09-13,0.0,0.0,0.0,10.0,0.0,0.0,1.6666666666666667,0.0,0.0,10.443902630410555,10.443902630410555
2016-09-14,0.0,0.0,1.0,0.0,0.0,0.0,0.16666666666666666,0.0,0.0,9.608390419977711,9.608390419977711
2016-09-15,23.0,0.0,134.0,20.5,0.0,0.0,29.583333333333332,3.5460950998686847,28.72993715171388,13.149209759136578,41.87914691085046
2016-09-16,14.0,0.0,16.0,0.0,4.0,0.0,5.666666666666667,0.0,0.0,12.097272978405652,12.097272978405652
2016-09-17,0.0,83.0,145.0,0.0,5.0,2.0,39.166666666666664,7.786044213906382,63.08137673303782,20.591697650088875,83.6730743831267
2016-09-18,34.0,0.0,10.0,50.0,55.0,6.6,25.933333333333334,2.282203880683463,18.490077737018797,21.717873498634585,40.20795123565338
2016-09-19,2.0,35.0,28.0,0.0,0.0,0.0,10.833333333333334,0.0,0.0,19.98044361874382,19.98044361874382
2016-09-20,0.0,0.0,8.0,41.0,25.0,57.0,21.833333333333332,1.1484778950588952,9.304797760893827,19.77772779337839,29.082525554272216
2016-09-21,16.0,0.0,4.0,0.0,0.0,0.0,3.3333333333333335,0.0,0.0,18.19550956990812,18.19550956990812
2016-09-22,8.0,0.0,4.0,22.0,0.0,11.8,7.633333333333333,0.0,0.0,16.73986880431547,16.73986880431547
2016-09-23,6.0,20.0,30.0,18.0,8.0,4.4,14.4,0.04432515337423309,0.3591158259486477,15.45454667386253,15.813662499811178
2016-09-24,17.0,16.0,18.0,4.0,57.0,6.4,19.733333333333334,0.7013390044108381,5.682144711661882,15.070504646702812,20.752649358364692
2016-09-25,0.0,4.0,2.0,0.0,27.0,24.0,9.5,0.0,0.0,13.864864274966587,13.864864274966587
2016-09-26,12.0,22.0,31.0,1.5,5.0,11.0,13.75,0.01707978311386519,0.13837787245029667,12.776431813836805,12.914809686287102
2016-09-27,99.0,0.0,124.0,9.0,44.0,10.4,47.73333333333333,12.456032927379335,100.9169334394159,26.891857284642242,127.80879072405814
2016-09-28,0.0,0.0,1.0,25.0,3.0,13.6,7.1000000000000005,0.0,0.0,24.740508701870866,24.740508701870866
2016-09-29,1.0,0.0,3.0,0.0,1.0,0.0,0.8333333333333334,0.0,0.0,22.7612680057212,22.7612680057212
2016-09-30,0.0,12.0,0.0,0.0,25.0,1.0,6.333333333333333,0.0,0.0,20.940366565263503,20.940366565263503
2016-10-01,27.0,16.0,22.0,3.5,1.0,0.0,11.583333333333334,0.0,0.0,19.265137240042424,19.265137240042424
2016-10-02,3.0,27.0,2.0,10.0,10.0,7.2,9.866666666666667,0.0,0.0,17.723926260839033,17.723926260839033
2016-10-03,0.0,0.0,0.0,30.0,30.0,31.4,15.233333333333334,0.09718997139491839,0.787418749727348,16.424124972431013,17.21154372215836
2016-10-04,0.0,12.0,0.0,6.0,1.0,0.0,3.1666666666666665,0.0,0.0,15.110194974636533,15.110194974636533
2016-10-05,0.0,11.0,2.0,0.0,8.0,2.4,3.9,0.0,0.0,13.901379376665611,13.901379376665611
2016-10-06,0.0,8.0,0.0,8.0,17.0,0.0,5.5,0.0,0.0,12.789269026532363,12.789269026532363
2016-10-07,0.0,15.0,0.0,20.0,22.0,6.0,10.5,0.0,0.0,11.766127504409775,11.766127504409775
2016-10-08,14.0,42.0,21.0,16.0,5.0,0.0,16.333333333333332,0.19664018536908287,1.5931496499809954,11.063809751554142,12.656959401535138
2016-10-09,7.0,52.0,18.0,17.5,45.0,26.0,27.583333333333332,2.8260294847260607,22.896072214215767,13.613115803562176,36.509188017777944
2016-10-10,6.0,10.0,3.0,8.0,8.0,15.0,8.333333333333334,0.0,0.0,12.524066539277202,12.524066539277202
2016-10-11,0.0,0.0,0.0,3.5,0.0,1.4,0.8166666666666668,0.0,0.0,11.522141216135026,11.522141216135026
2016-10-12,11.0,0.0,19.0,0.0,3.0,0.0,5.5,0.0,0.0,10.600369918844224,10.600369918844224
2016-10-13,28.0,0.0,7.0,0.0,0.0,0.0,5.833333333333333,0.0,0.0,9.752340325336688,9.752340325336688
2016-10-14,45.0,0.0,61.0,0.0,1.0,5.0,18.666666666666668,0.512492002559181,4.152134279993366,9.59497324130876,13.747107521302125
2016-10-15,0.0,2.0,1.0,3.0,2.0,48.2,9.366666666666667,0.0,0.0,8.827375382004059,8.827375382004059
2016-10-16,0.0,3.0,0.0,11.5,0.0,0.0,2.4166666666666665,0.0,0.0,8.121185351443735,8.121185351443735
2016-10-17,0.0,0.0,0.0,0.0,1.0,5.2,1.0333333333333334,0.0,0.0,7.471490523328237,7.471490523328237
2016-10-18,0.0,0.0,0.0,0.0,0.0,0.0,0.0,0.0,0.0,6.873771281461979,6.873771281461979
2016-10-19,0.0,0.0,3.0,0.0,0.0,0.0,0.5,0.0,0.0,6.323869578945021,6.323869578945021
2016-10-20,18.0,19.0,21.0,0.0,0.0,2.6,10.1,0.0,0.0,5.8179600126294195,5.8179600126294195
2016-10-21,2.0,0.0,28.0,7.0,0.0,38.6,12.6,0.0,0.0,5.352523211619066,5.352523211619066
2016-10-22,1.0,0.0,5.0,6.0,6.0,0.0,3.0,0.0,0.0,4.924321354689541,4.924321354689541
2016-10-23,4.0,9.0,3.0,5.0,20.0,4.8,7.633333333333333,0.0,0.0,4.530375646314377,4.530375646314377
2016-10-24,10.0,9.0,6.0,2.0,0.0,0.0,4.5,0.0,0.0,4.167945594609227,4.167945594609227
2016-10-25,4.0,1.0,2.0,0.0,2.0,11.6,3.4333333333333336,0.0,0.0,3.92918,3.92918
2016-10-26,1.0,10.0,2.0,0.0,0.0,3.4,2.733333333333333,0.0,0.0,3.92918,3.92918
2016-10-27,2.0,25.0,9.0,1.5,18.0,4.0,9.916666666666666,0.0,0.0,3.92918,3.92918
2016-10-28,4.0,37.0,27.0,28.0,15.0,0.0,18.5,0.48542568542568526,3.932846988402543,4.2047726482603816,8.137619636662924
2016-10-29,1.0,0.0,2.0,32.0,20.0,0.0,9.166666666666666,0.0,0.0,3.92918,3.92918
2016-10-30,1.0,13.0,4.0,19.0,23.0,4.0,10.666666666666666,0.0,0.0,3.92918,3.92918
2016-10-31,0.0,0.0,0.0,0.0,0.0,0.0,0.0,0.0,0.0,3.92918,3.92918
2016-11-01,0.0,31.0,0.0,0.0,0.0,0.0,5.166666666666667,0.0,0.0,3.92918,3.92918
2016-11-02,10.0,38.0,3.0,4.0,18.0,0.0,12.166666666666666,0.0,0.0,3.92918,3.92918
2016-11-03,17.0,6.0,6.0,2.5,25.0,34.6,15.183333333333332,0.09346215374252738,0.757216523376958,3.92918,4.686396523376958
2016-11-04,0.0,4.0,7.0,0.0,0.0,35.4,7.733333333333333,0.0,0.0,3.92918,3.92918
2016-11-05,1.0,2.0,8.0,0.0,0.0,7.8,3.1333333333333333,0.0,0.0,3.92918,3.92918
2016-11-06,0.0,6.0,0.0,0.0,3.0,0.0,1.5,0.0,0.0,3.92918,3.92918
2016-11-07,9.0,2.0,5.0,0.0,18.0,0.0,5.666666666666667,0.0,0.0,3.92918,3.92918
2016-11-08,0.0,35.0,1.0,7.0,22.0,26.0,15.166666666666666,0.09223513559036538,0.7472754040886083,3.92918,4.676455404088609
2016-11-09,27.0,17.0,29.0,3.5,25.0,2.4,17.316666666666666,0.3128986216458689,2.535058277223475,3.9951043415835215,6.5301626188069966
2016-11-10,4.0,18.0,11.0,16.5,48.0,74.0,28.583333333333332,3.1780005598712293,25.74768972117894,7.53764945243368,33.28533917361262
2016-11-11,5.0,6.0,10.0,42.0,0.0,27.0,15.0,0.08039513677811543,0.6513494877856574,7.032339919406834,7.683689407192491
2016-11-12,3.0,13.0,5.0,9.5,7.0,5.8,7.216666666666666,0.0,0.0,6.4697527258542875,6.4697527258542875
2016-11-13,2.0,44.0,8.0,6.0,25.0,17.6,17.099999999999998,0.28512518409425586,2.3100420007636466,6.298678807900492,8.608720808664138
2016-11-14,13.0,26.0,11.0,48.5,20.0,23.0,23.583333333333332,1.592385540368959,12.901271739100363,7.729975264133507,20.63124700323387
2016-11-15,2.0,10.0,7.0,25.0,5.0,16.4,10.9,0.0,0.0,7.111577243002826,7.111577243002826
2016-11-16,6.0,46.0,57.0,18.0,3.0,13.4,23.900000000000002,1.6792503346720218,13.605037433685363,8.583406678615404,22.188444112300765
2016-11-17,15.0,12.0,8.0,10.5,5.0,6.0,9.416666666666666,0.0,0.0,7.896734144326172,7.896734144326172
2016-11-18,0.0,6.0,9.0,36.0,20.0,9.0,13.333333333333334,0.006254331254331246,0.05067166525499852,7.272596162568329,7.323267827823327
2016-11-19,0.0,8.0,0.0,17.0,16.0,3.6,7.433333333333334,0.0,0.0,6.690788469562863,6.690788469562863
2016-11-20,77.0,0.0,135.0,0.0,24.0,0.0,39.333333333333336,7.8698348126232744,63.760235750420044,15.71956075456084,79.47979650498088
2016-11-21,16.0,3.0,17.0,53.0,26.0,42.0,26.166666666666668,2.356229247870651,19.08982029524833,17.325468938483223,36.415289233731556
2016-11-22,2.0,33.0,0.0,2.0,2.0,7.0,7.666666666666667,0.0,0.0,15.939431423404566,15.939431423404566
2016-11-23,22.0,59.0,53.0,46.0,0.0,2.4,30.400000000000002,3.8582512315270945,31.258979885057478,19.353123892290824,50.6121037773483
2016-11-24,5.0,55.0,14.0,8.5,0.0,23.0,17.583333333333332,0.34872451052075687,2.8253143213487246,18.228671129109866,21.05398545045859
2016-11-25,4.0,6.0,2.0,47.0,9.0,4.8,12.133333333333333,0.0,0.0,16.77037743878108,16.77037743878108
2016-11-26,1.0,24.0,0.0,5.0,25.0,0.0,9.166666666666666,0.0,0.0,15.428747243678593,15.428747243678593
2016-11-27,13.0,43.0,7.0,7.0,45.0,3.6,19.766666666666666,0.7076680837663356,5.733421974958738,15.054460760428118,20.787882735386855
2016-11-28,33.0,25.0,10.0,5.0,30.0,36.8,23.3,1.5163292847503376,12.285075223671717,15.692865183144626,27.977940406816344
2016-11-29,2.0,18.0,8.0,59.0,16.0,29.4,22.066666666666666,1.2040408661177187,9.754960720861146,15.90068007662223,25.655640797483375
2016-11-30,10.0,27.0,15.0,15.0,0.0,8.1999,12.533316666666666,0.0,0.0,14.628625670492452,14.628625670492452
2016-12-01,142.0,63.0,191.0,13.5,13.0,0.0,70.41666666666667,27.481481736101564,222.6508936952673,46.85596967114315,269.50686336641047
2016-12-02,13.0,12.0,15.0,82.0,79.0,0.0,33.5,5.132147093712929,41.579895435174194,49.34447641272783,90.92437184790202
2016-12-03,40.0,13.0,64.0,17.0,8.0,0.0,23.666666666666668,1.6150552074007758,13.084938022922952,47.359659003148046,60.444597026070994
2016-12-04,3.0,4.0,9.0,13.0,9.0,0.0,6.333333333333333,0.0,0.0,43.570886282896204,43.570886282896204
2016-12-05,0.0,8.0,1.0,9.0,5.0,0.0,3.8333333333333335,0.0,0.0,40.08521538026451,40.08521538026451
2016-12-06,5.0,3.0,12.0,5.5,0.0,0.0,4.25,0.0,0.0,36.87839814984335,36.87839814984335
2016-12-07,20.0,8.0,29.0,9.0,53.0,0.0,19.833333333333332,0.720402705678779,5.836595995082701,34.80361569711829,40.64021169220099
2016-12-08,51.0,10.0,70.0,9.0,51.0,0.0,31.833333333333332,4.4302272421675415,35.89304478607962,37.40328315926077,73.2963279453404
2016-12-09,18.0,3.0,14.0,34.0,46.0,0.0,19.166666666666668,0.597681435604256,4.8423264458678155,35.137369473400085,39.9796959192679
2016-12-10,18.0,0.0,3.0,7.0,2.0,0.0,5.0,0.0,0.0,32.32637991552808,32.32637991552808
2016-12-11,16.0,0.0,4.0,1.0,8.0,0.0,4.833333333333333,0.0,0.0,29.740269522285836,29.740269522285836
2016-12-12,7.0,11.0,2.0,1.5,10.0,0.0,5.25,0.0,0.0,27.36104796050297,27.36104796050297
2016-12-13,14.0,16.0,25.0,1.0,7.0,0.0,10.5,0.0,0.0,25.172164123662732,25.172164123662732
2016-12-14,22.0,0.0,36.0,36.0,6.0,0.0,16.666666666666668,0.23321805006587618,1.8894980908114967,23.441815707391438,25.331313798202935
2016-12-15,21.0,12.0,38.0,4.0,24.0,0.0,16.5,0.21456166419019307,1.738346816355731,21.827222473253485,23.565569289609215
2016-12-16,14.0,3.0,24.0,10.0,1.0,0.0,8.666666666666666,0.0,0.0,20.08104467539321,20.08104467539321
2016-12-17,16.0,0.0,30.0,3.0,3.0,0.0,8.666666666666666,0.0,0.0,18.474561101361754,18.474561101361754
2016-12-18,0.0,9.0,0.0,1.0,20.0,0.0,5.0,0.0,0.0,16.996596213252815,16.996596213252815
2016-12-19,9.0,0.0,6.0,3.0,6.0,0.0,4.0,0.0,0.0,15.63686851619259,15.63686851619259
2016-12-20,14.0,7.0,21.0,0.0,0.0,0.0,7.0,0.0,0.0,14.385919034897183,14.385919034897183
2016-12-21,6.0,4.0,9.0,2.0,9.0,0.0,5.0,0.0,0.0,13.23504551210541,13.23504551210541
2016-12-22,5.0,6.0,5.0,4.0,0.0,0.0,3.3333333333333335,0.0,0.0,12.176241871136977,12.176241871136977
2016-12-23,0.0,7.0,0.0,0.0,9.0,0.0,2.6666666666666665,0.0,0.0,11.202142521446019,11.202142521446019
2016-12-24,0.0,0.0,1.0,4.0,0.0,0.0,0.8333333333333334,0.0,0.0,10.305971119730337,10.305971119730337
2016-12-25,0.0,0.0,0.0,0.0,0.0,0.0,0.0,0.0,0.0,9.481493430151911,9.481493430151911
2016-12-26,2.0,36.0,7.0,0.0,0.0,0.0,7.5,0.0,0.0,8.722973955739759,8.722973955739759
2016-12-27,0.0,0.0,4.0,43.0,10.0,0.0,9.5,0.0,0.0,8.025136039280579,8.025136039280579
2016-12-28,20.0,2.0,14.0,0.0,0.0,0.0,6.0,0.0,0.0,7.383125156138132,7.383125156138132
2016-12-29,17.0,18.0,11.0,1.0,0.0,0.0,7.833333333333333,0.0,0.0,6.792475143647082,6.792475143647082
2016-12-30,0.0,0.0,0.0,0.0,0.0,0.0,0.0,0.0,0.0,6.249077132155316,6.249077132155316
2016-12-31,0.0,0.0,0.0,0.0,0.0,0.0,0.0,0.0,0.0,5.749150961582891,5.749150961582891
2017-01-01,13.0,10.0,29.0,0.0,0.0,0.0,8.666666666666666,0.0,0.0,5.28921888465626,5.28921888465626
2017-01-02,13.0,20.0,16.0,1.0,7.0,5.0,10.333333333333334,0.0,0.0,4.86608137388376,4.86608137388376
2017-01-03,42.0,8.0,43.0,6.0,0.0,10.0,18.166666666666668,0.43331722249073623,3.5106719414758722,5.00339565519444,8.514067596670312
2017-01-04,7.0,35.0,8.0,13.0,0.0,22.0,14.166666666666666,0.033110997092526004,0.26826039311074307,4.643363061745497,4.911623454856239
2017-01-05,1.0,38.0,1.0,30.0,6.0,0.0,12.666666666666666,0.0,0.0,4.271894016805857,4.271894016805857
2017-01-06,0.0,5.0,0.0,72.0,21.0,2.2,16.7,0.23703703703703682,1.9204389574759928,4.218208339082787,6.13864729655878
2017-01-07,0.0,0.0,2.0,1.0,27.0,1.0,5.166666666666667,0.0,0.0,3.92918,3.92918
2017-01-08,0.0,0.0,1.0,48.0,25.0,0.0,12.333333333333334,0.0,0.0,3.92918,3.92918
2017-01-09,25.0,7.0,2.0,12.5,60.0,0.0,17.75,0.3720277169948941,3.0141134478752996,4.066962617181295,7.081076065056594
2017-01-10,56.0,1.0,33.0,4.5,71.0,26.0,31.916666666666668,4.464399892538116,36.16990653676714,9.167091588321862,45.336998125088996
2017-01-11,0.0,18.0,0.0,32.0,0.0,41.2,15.200000000000001,0.0946969696969697,0.7672208193041526,8.548807384151736,9.31602820345589
2017-01-12,2.0,2.0,1.0,3.5,8.0,0.0,2.75,0.0,0.0,7.864902793419597,7.864902793419597
2017-01-13,10.0,11.0,23.0,33.0,0.0,1.4,13.066666666666668,0.002105080027835774,0.017055046521817614,7.238268826924303,7.2553238734461205
2017-01-14,32.0,12.0,70.0,2.5,10.0,4.0,21.75,1.1289110957960025,9.146270452050945,8.031147888578001,17.177418340628947
2017-01-15,5.0,2.0,15.0,7.5,26.0,93.4,24.816666666666666,1.9415509514363378,15.73015817135922,9.748179783195646,25.478337954554867
2017-01-16,3.0,10.0,4.0,12.0,10.0,7.6,7.766666666666667,0.0,0.0,8.968325400539994,8.968325400539994
2017-01-17,51.0,13.0,66.0,0.0,1.0,0.0,21.833333333333332,1.1484778950588952,9.304797760893827,9.646579032630868,18.951376793524695
2017-01-18,13.0,5.0,14.0,11.5,4.0,21.0,11.416666666666666,0.0,0.0,8.874852710020399,8.874852710020399
2017-01-19,5.0,19.0,3.0,5.5,9.0,10.2,8.616666666666667,0.0,0.0,8.164864493218767,8.164864493218767
2017-01-20,5.0,3.0,5.0,1.5,2.0,0.0,2.75,0.0,0.0,7.511675333761266,7.511675333761266
2017-01-21,0.0,2.0,2.0,13.0,1.0,6.0,4.0,0.0,0.0,6.910741307060365,6.910741307060365
2017-01-22,3.0,0.0,4.0,2.0,12.0,10.0,5.166666666666667,0.0,0.0,6.357882002495536,6.357882002495536
2017-01-23,2.0,16.0,0.0,7.5,9.0,7.0,6.916666666666667,0.0,0.0,5.849251442295894,5.849251442295894
2017-01-24,26.0,23.0,8.0,3.0,18.0,2.8,13.466666666666667,0.009145919778699838,0.07409888709594777,5.392426159976615,5.466525047072563
2017-01-25,24.0,0.0,18.0,14.0,13.0,25.0,15.666666666666666,0.13241390839184206,1.072797868915387,5.121951747515793,6.194749616431181
2017-01-26,1.0,3.0,4.0,12.5,47.0,105.4,28.816666666666666,3.262469471774475,26.432044331506162,8.677002257440453,35.10904658894661
2017-01-27,5.0,12.0,9.0,0.0,1.0,21.0,8.0,0.0,0.0,7.982842076845217,7.982842076845217
2017-01-28,12.0,10.0,9.0,0.0,3.0,1.6,5.933333333333334,0.0,0.0,7.3442147106976,7.3442147106976
2017-01-29,10.0,23.0,12.0,9.0,15.0,28.6,16.266666666666666,0.18967859509608992,1.536747876935914,6.98718971538218,8.523937592318093
2017-01-30,8.0,2.0,19.0,11.0,7.0,27.0,12.333333333333334,0.0,0.0,6.428214538151606,6.428214538151606
2017-01-31,4.0,41.0,6.0,26.0,19.0,7.6,17.266666666666666,0.30638263140711697,2.4822666896409937,6.286297378545626,8.76856406818662
2017-02-01,20.0,47.0,23.0,0.0,4.0,5.0,16.5,0.21456166419019307,1.738346816355731,6.0441456107153355,7.782492427071066
2017-02-02,44.0,15.0,83.0,60.0,41.0,84.0,54.5,16.592972459639125,134.433804649854,25.72568465933621,160.15948930919023
2017-02-03,10.0,5.0,22.0,38.0,47.0,35.0,26.166666666666668,2.356229247870651,19.08982029524833,26.531102930876564,45.620923226124894
2017-02-04,17.0,0.0,21.0,12.5,17.0,7.0,12.416666666666666,0.0,0.0,24.40861469640644,24.40861469640644
2017-02-05,2.0,2.0,8.0,5.5,10.0,11.4,6.483333333333333,0.0,0.0,22.455925520693924,22.455925520693924
2017-02-06,1.0,22.0,2.0,0.0,5.0,10.0,6.666666666666667,0.0,0.0,20.65945147903841,20.65945147903841
2017-02-07,5.0,29.0,4.0,0.0,2.0,0.0,6.666666666666667,0.0,0.0,19.006695360715337,19.006695360715337
2017-02-08,19.0,14.0,27.0,28.5,4.0,5.4,16.316666666666666,0.19488866815660943,1.5789591170095674,17.723003599409548,19.301962716419116
2017-02-09,5.0,22.0,7.0,37.0,3.0,4.0,13.0,0.0014106583072100213,0.01142894461859971,16.306877653149574,16.318306597768174
2017-02-10,17.0,3.0,32.0,17.0,1.0,3.6,12.266666666666666,0.0,0.0,15.002327440897608,15.002327440897608
2017-02-11,66.0,9.0,42.0,34.0,32.0,3.2,31.03333333333333,4.107264086897486,33.276445148475005,18.79360801789705,52.070053166372055
2017-02-12,17.0,5.0,11.0,2.5,22.0,23.4,13.483333333333334,0.009545415262293662,0.07733554031950884,17.301719707513215,17.379055247832724
2017-02-13,28.0,17.0,36.0,20.0,25.0,5.0,21.833333333333332,1.1484778950588952,9.304797760893827,17.313301795046232,26.61809955594006
2017-02-14,68.0,1.0,55.0,30.0,2.0,20.2,29.366666666666664,3.4650034650034645,28.0729447396114,20.139179362384244,48.21212410199564
2017-02-15,0.0,3.0,1.0,41.5,10.0,0.0,9.25,0.0,0.0,18.528045013393506,18.528045013393506
2017-02-16,0.0,0.0,5.0,2.5,0.0,5.0,2.0833333333333335,0.0,0.0,17.045801412322025,17.045801412322025
2017-02-17,0.0,2.0,0.0,1.5,0.0,1.0,0.75,0.0,0.0,15.682137299336263,15.682137299336263
2017-02-18,0.0,15.0,0.0,0.0,10.0,0.0,4.166666666666667,0.0,0.0,14.427566315389363,14.427566315389363
2017-02-19,0.0,18.0,13.0,1.0,0.0,0.0,5.333333333333333,0.0,0.0,13.273361010158215,13.273361010158215
2017-02-20,3.0,61.0,1.0,23.5,27.0,12.0,21.25,1.0146079111727964,8.22020298403886,13.444522576951387,21.66472556099025
2017-02-21,22.0,6.0,57.0,8.5,4.0,18.0,19.25,0.6124553890078515,4.962022827609908,13.113264194936763,18.07528702254667
2017-02-22,2.0,0.0,1.0,35.0,74.0,45.6,26.266666666666666,2.388249711649365,19.349245349011056,14.966589861693482,34.315835210704535
2017-02-23,0.0,3.0,2.0,12.5,0.0,0.0,2.9166666666666665,0.0,0.0,13.769262672758003,13.769262672758003
2017-02-24,0.0,0.0,0.0,0.0,7.0,0.0,1.1666666666666667,0.0,0.0,12.667721658937364,12.667721658937364
2017-02-25,0.0,31.0,0.0,0.0,0.0,0.0,5.166666666666667,0.0,0.0,11.654303926222376,11.654303926222376
2017-02-26,3.0,45.0,1.0,30.0,0.0,0.0,13.166666666666666,0.003404550981413907,0.027583167673492306,10.72609708727561,10.753680254949103
2017-02-27,4.0,0.0,5.0,12.5,5.0,2.6,4.8500000000000005,0.0,0.0,9.868009320293561,9.868009320293561
2017-02-28,0.0,8.0,0.0,17.0,20.0,34.0,13.166666666666666,0.003404550981413907,0.027583167673492306,9.082706049821102,9.110289217494595
2017-03-01,5.0,43.0,4.0,22.5,1.0,0.0,12.583333333333334,0.0,0.0,8.356089565835415,8.356089565835415
2017-03-02,0.0,2.0,3.0,19.0,4.0,39.0,11.166666666666666,0.0,0.0,7.687602400568582,7.687602400568582
2017-03-03,14.0,2.0,12.0,17.0,20.0,0.0,10.833333333333334,0.0,0.0,7.072594208523095,7.072594208523095
2017-03-04,22.0,1.0,1.0,0.0,5.0,6.0,5.833333333333333,0.0,0.0,6.506786671841248,6.506786671841248
2017-03-05,0.0,11.0,0.0,5.0,15.0,0.0,5.166666666666667,0.0,0.0,5.986243738093949,5.986243738093949
2017-03-06,8.0,1.0,40.0,0.0,9.0,13.4,11.9,0.0,0.0,5.507344239046433,5.507344239046433
2017-03-07,0.0,0.0,0.0,1.0,0.0,0.0,0.16666666666666666,0.0,0.0,5.066756699922719,5.066756699922719
2017-03-08,0.0,0.0,0.0,3.0,0.0,0.0,0.5,0.0,0.0,4.661416163928902,4.661416163928902
2017-03-09,0.0,0.0,0.0,0.0,0.0,0.0,0.0,0.0,0.0,4.28850287081459,4.28850287081459
2017-03-10,0.0,21.0,0.0,0.0,0.0,0.0,3.5,0.0,0.0,3.9454226411494226,3.9454226411494226
2017-03-11,0.0,0.0,0.0,0.0,0.0,0.0,0.0,0.0,0.0,3.92918,3.92918
2017-03-12,2.0,2.0,0.0,5.5,0.0,24.0,5.583333333333333,0.0,0.0,3.92918,3.92918
2017-03-13,4.0,21.0,8.0,0.0,8.0,0.0,6.833333333333333,0.0,0.0,3.92918,3.92918
2017-03-14,2.0,3.0,3.0,1.5,3.0,9.6,3.6833333333333336,0.0,0.0,3.92918,3.92918
2017-03-15,6.0,14.0,3.0,22.5,3.0,13.4,10.316666666666666,0.0,0.0,3.92918,3.92918
2017-03-16,58.0,0.0,42.0,0.0,9.0,29.0,23.0,1.4375338753387532,11.646686490013046,5.361848573501957,17.008535063515005
2017-03-17,1.0,34.0,1.0,26.0,20.0,1.2,13.866666666666667,0.021048109965635716,0.17052866870306715,4.9584799879272605,5.129008656630328
2017-03-18,10.0,1.0,24.0,0.0,28.0,2.8,10.966666666666667,0.0,0.0,4.56180158889308,4.56180158889308
2017-03-19,44.0,6.0,41.0,50.0,1.0,11.0,25.5,2.147313237221494,17.397213727488953,6.806439520904977,24.20365324839393
2017-03-20,8.0,0.0,25.0,0.0,5.0,10.4,8.066666666666666,0.0,0.0,6.261924359232579,6.261924359232579
2017-03-21,2.0,0.0,6.0,9.0,1.0,30.0,8.0,0.0,0.0,5.760970410493973,5.760970410493973
2017-03-22,2.0,11.0,6.0,1.0,0.0,0.0,3.3333333333333335,0.0,0.0,5.300092777654456,5.300092777654456
2017-03-23,6.0,50.0,0.0,0.0,0.0,1.0,9.5,0.0,0.0,4.8760853554420995,4.8760853554420995
2017-03-24,1.0,7.0,0.0,2.0,1.0,24.0,5.833333333333333,0.0,0.0,4.485998527006732,4.485998527006732
2017-03-25,23.0,1.0,35.0,19.5,1.0,3.2,13.783333333333333,0.018172043010752648,0.14722720031859785,4.149202724893983,4.296429925212581
2017-03-26,2.0,0.0,3.0,10.0,0.0,14.2,4.866666666666666,0.0,0.0,3.92918,3.92918
2017-03-27,0.0,0.0,1.0,1.0,0.0,0.0,0.3333333333333333,0.0,0.0,3.92918,3.92918
2017-03-28,11.0,0.0,5.0,0.0,0.0,0.0,2.6666666666666665,0.0,0.0,3.92918,3.92918
2017-03-29,0.0,0.0,0.0,35.0,3.0,0.0,6.333333333333333,0.0,0.0,3.92918,3.92918
2017-03-30,0.0,0.0,0.0,0.0,6.0,33.0,6.5,0.0,0.0,3.92918,3.92918
2017-03-31,4.0,0.0,0.0,1.0,41.0,1.0,7.833333333333333,0.0,0.0,3.92918,3.92918
2017-04-01,0.0,10.0,0.0,4.0,30.0,10.4,9.066666666666666,0.0,0.0,3.92918,3.92918
2017-04-02,8.0,27.0,14.0,20.0,79.0,0.0,24.666666666666668,1.8975412249705537,15.373597887492913,5.920885283123937,21.29448317061685
2017-04-03,3.0,18.0,9.0,4.0,0.0,1.2,5.866666666666667,0.0,0.0,5.447214460474022,5.447214460474022
2017-04-04,0.0,5.0,0.0,57.5,1.0,0.0,10.583333333333334,0.0,0.0,5.011437303636101,5.011437303636101
2017-04-05,4.0,30.0,2.0,15.0,4.0,4.0,9.833333333333334,0.0,0.0,4.610522319345213,4.610522319345213
2017-04-06,11.0,0.0,8.0,41.5,91.0,27.4,29.816666666666666,3.6342395424160983,29.44407036679709,8.658291088817158,38.10236145561424
2017-04-07,0.0,1.0,0.0,56.0,110.0,41.6,34.766666666666666,5.690741462147772,46.105544253512036,14.881459439738592,60.98700369325063
2017-04-08,0.0,0.0,0.0,0.0,0.0,0.0,0.0,0.0,0.0,13.690942684559506,13.690942684559506
2017-04-09,0.0,0.0,0.0,16.5,0.0,2.0,3.0833333333333335,0.0,0.0,12.595667269794745,12.595667269794745
2017-04-10,0.0,0.0,0.0,0.0,0.0,0.0,0.0,0.0,0.0,11.588013888211167,11.588013888211167
2017-04-11,0.0,0.0,2.0,0.0,0.0,0.0,0.3333333333333333,0.0,0.0,10.660972777154274,10.660972777154274
2017-04-12,0.0,45.0,2.0,0.0,0.0,0.0,7.833333333333333,0.0,0.0,9.808094954981932,9.808094954981932
2017-04-13,0.0,0.0,0.0,0.0,0.0,3.0,0.5,0.0,0.0,9.023447358583379,9.023447358583379
2017-04-14,0.0,0.0,0.0,1.5,0.0,0.0,0.25,0.0,0.0,8.301571569896709,8.301571569896709
2017-04-15,0.0,0.0,0.0,3.5,0.0,1.0,0.75,0.0,0.0,7.637445844304972,7.637445844304972
2017-04-16,0.0,0.0,0.0,0.0,0.0,0.0,0.0,0.0,0.0,7.026450176760575,7.026450176760575
2017-04-17,42.0,55.0,0.0,0.0,0.0,0.0,16.166666666666668,0.17945910071345614,1.4539510474469826,6.682426819736777,8.136377867183759
2017-04-18,2.0,2.0,9.0,0.0,0.0,0.0,2.1666666666666665,0.0,0.0,6.147832674157835,6.147832674157835
2017-04-19,0.0,65.0,2.0,3.0,13.0,43.6,21.099999999999998,0.9813630041724611,7.950857672693551,6.848634711129241,14.799492383822791
2017-04-20,7.0,1.0,64.0,4.0,3.0,1.0,13.333333333333334,0.006254331254331246,0.05067166525499852,6.308344684027152,6.35901634928215
2017-04-21,3.0,12.0,8.0,43.0,46.0,76.1,31.349999999999998,4.233992696287278,34.3031815671423,10.949154344376325,45.25233591151863
2017-04-22,2.0,21.0,5.0,2.5,0.0,6.0,6.083333333333333,0.0,0.0,10.07322199682622,10.07322199682622
2017-04-23,12.0,5.0,40.0,20.0,39.0,0.0,19.333333333333332,0.6273922686945497,5.083039213960472,10.029820119174193,15.112859333134665
2017-04-24,12.0,71.0,16.0,23.0,1.0,44.0,27.833333333333332,2.9124770382930616,23.596457486170635,12.766903132565853,36.363360618736486
2017-04-25,20.0,10.0,11.0,35.0,48.0,32.4,26.066666666666666,2.3243856605955475,18.831828268713927,14.570325122267674,33.4021533909816
2017-04-26,0.0,41.0,0.0,30.0,25.0,0.0,16.0,0.1630239520958083,1.320795908183632,13.602818498713805,14.923614406897437
2017-04-27,0.0,17.0,0.0,1.5,0.0,6.4,4.1499999999999995,0.0,0.0,12.5145930188167,12.5145930188167
2017-04-28,0.0,8.0,6.0,32.5,5.0,0.0,8.583333333333334,0.0,0.0,11.513425577311365,11.513425577311365
2017-04-29,0.0,8.0,47.0,4.0,1.0,0.0,10.0,0.0,0.0,10.592351531126456,10.592351531126456
2017-04-30,0.0,0.0,0.0,0.0,0.0,0.0,0.0,0.0,0.0,9.74496340863634,9.74496340863634
2017-05-01,0.0,0.0,1.0,0.0,3.0,0.0,0.6666666666666666,0.0,0.0,8.965366335945433,8.965366335945433
2017-05-02,8.0,44.0,9.0,8.0,0.0,9.0,13.0,0.0014106583072100213,0.01142894461859971,8.249851370762588,8.261280315381187
2017-05-03,3.0,64.0,5.0,0.0,0.0,2.0,12.333333333333334,0.0,0.0,7.5898632611015815,7.5898632611015815
2017-05-04,0.0,0.0,0.0,13.0,7.0,37.6,9.6,0.0,0.0,6.982674200213455,6.982674200213455
2017-05-05,0.0,0.0,0.0,38.0,67.0,0.0,17.5,0.3373352855051243,2.7330405075646644,6.834016340331078,9.567056847895742
2017-05-06,0.0,3.0,0.0,0.0,0.0,4.0,1.1666666666666667,0.0,0.0,6.287295033104592,6.287295033104592
2017-05-07,0.0,1.0,0.0,0.0,0.0,0.0,0.16666666666666666,0.0,0.0,5.784311430456225,5.784311430456225
2017-05-08,13.0,0.0,23.0,0.0,0.0,0.0,6.0,0.0,0.0,5.321566516019727,5.321566516019727
2017-05-09,0.0,0.0,0.0,1.5,9.0,29.4,6.6499999999999995,0.0,0.0,4.895841194738149,4.895841194738149
2017-05-10,0.0,0.0,0.0,0.0,0.0,0.0,0.0,0.0,0.0,4.504173899159097,4.504173899159097
2017-05-11,0.0,0.0,0.0,0.0,0.0,0.0,0.0,0.0,0.0,4.14383998722637,4.14383998722637
2017-05-12,0.0,0.0,0.0,0.0,0.0,0.0,0.0,0.0,0.0,3.92918,3.92918
2017-05-13,0.0,0.0,0.0,0.0,0.0,0.0,0.0,0.0,0.0,3.92918,3.92918
2017-05-14,0.0,0.0,0.0,0.0,0.0,0.0,0.0,0.0,0.0,3.92918,3.92918
2017-05-15,0.0,0.0,0.0,0.0,0.0,0.0,0.0,0.0,0.0,3.92918,3.92918
2017-05-16,0.0,0.0,0.0,0.0,0.0,0.0,0.0,0.0,0.0,3.92918,3.92918
2017-05-17,0.0,0.0,0.0,0.0,0.0,0.0,0.0,0.0,0.0,3.92918,3.92918
2017-05-18,0.0,0.0,0.0,0.0,0.0,0.0,0.0,0.0,0.0,3.92918,3.92918
2017-05-19,0.0,0.0,0.0,0.0,0.0,0.0,0.0,0.0,0.0,3.92918,3.92918
2017-05-20,0.0,0.0,0.0,0.0,0.0,0.0,0.0,0.0,0.0,3.92918,3.92918
2017-05-21,0.0,0.0,0.0,0.0,0.0,0.0,0.0,0.0,0.0,3.92918,3.92918
2017-05-22,0.0,0.0,0.0,0.0,0.0,0.0,0.0,0.0,0.0,3.92918,3.92918
2017-05-23,0.0,0.0,0.0,0.0,0.0,0.0,0.0,0.0,0.0,3.92918,3.92918
2017-05-24,0.0,0.0,0.0,0.0,0.0,0.0,0.0,0.0,0.0,3.92918,3.92918
2017-05-25,0.0,4.0,0.0,0.0,0.0,0.0,0.6666666666666666,0.0,0.0,3.92918,3.92918
2017-05-26,0.0,0.0,0.0,0.0,0.0,0.0,0.0,0.0,0.0,3.92918,3.92918
2017-05-27,0.0,11.0,0.0,0.0,0.0,0.0,1.8333333333333333,0.0,0.0,3.92918,3.92918
2017-05-28,0.0,0.0,0.0,0.0,0.0,0.0,0.0,0.0,0.0,3.92918,3.92918
2017-05-29,1.0,3.0,0.0,0.0,0.0,0.0,0.6666666666666666,0.0,0.0,3.92918,3.92918
2017-05-30,0.0,0.0,0.0,0.0,0.0,0.0,0.0,0.0,0.0,3.92918,3.92918
2017-05-31,0.0,0.0,0.0,0.0,0.0,0.0,0.0,0.0,0.0,3.92918,3.92918
2017-06-01,1.0,0.0,1.0,0.0,0.0,8.2,1.7,0.0,0.0,3.92918,3.92918
2017-06-02,0.0,0.0,0.0,0.0,0.0,3.2,0.5333333333333333,0.0,0.0,3.92918,3.92918
2017-06-03,0.0,0.0,0.0,0.0,0.0,0.0,0.0,0.0,0.0,3.92918,3.92918
2017-06-04,0.0,0.0,0.0,0.0,0.0,0.0,0.0,0.0,0.0,3.92918,3.92918
2017-06-05,0.0,0.0,0.0,0.0,0.0,0.0,0.0,0.0,0.0,3.92918,3.92918
2017-06-06,0.0,0.0,0.0,0.0,0.0,0.0,0.0,0.0,0.0,3.92918,3.92918
2017-06-07,1.0,0.0,0.0,0.0,2.0,0.0,0.5,0.0,0.0,3.92918,3.92918
2017-06-08,0.0,0.0,0.0,0.0,4.0,0.0,0.6666666666666666,0.0,0.0,3.92918,3.92918
2017-06-09,0.0,0.0,1.0,0.0,0.0,0.0,0.16666666666666666,0.0,0.0,3.92918,3.92918
2017-06-10,0.0,0.0,0.0,0.0,0.0,0.0,0.0,0.0,0.0,3.92918,3.92918
2017-06-11,0.0,0.0,0.0,0.0,0.0,0.0,0.0,0.0,0.0,3.92918,3.92918
2017-06-12,0.0,0.0,0.0,0.0,0.0,0.0,0.0,0.0,0.0,3.92918,3.92918
2017-06-13,0.0,3.0,0.0,0.0,6.0,0.0,1.5,0.0,0.0,3.92918,3.92918
2017-06-14,0.0,0.0,0.0,0.0,0.0,0.0,0.0,0.0,0.0,3.92918,3.92918
2017-06-15,2.0,0.0,4.0,0.0,0.0,0.0,1.0,0.0,0.0,3.92918,3.92918
2017-06-16,0.0,0.0,0.0,0.0,41.0,33.0,12.333333333333334,0.0,0.0,3.92918,3.92918
2017-06-17,0.0,0.0,0.0,0.0,0.0,0.0,0.0,0.0,0.0,3.92918,3.92918
2017-06-18,0.0,0.0,0.0,0.0,0.0,0.0,0.0,0.0,0.0,3.92918,3.92918
2017-06-19,0.0,0.0,0.0,0.0,0.0,2.0,0.3333333333333333,0.0,0.0,3.92918,3.92918
2017-06-20,0.0,56.0,0.0,0.0,0.0,0.0,9.333333333333334,0.0,0.0,3.92918,3.92918
2017-06-21,0.0,7.0,0.0,0.0,0.0,0.0,1.1666666666666667,0.0,0.0,3.92918,3.92918
2017-06-22,0.0,0.0,0.0,0.0,4.0,0.0,0.6666666666666666,0.0,0.0,3.92918,3.92918
2017-06-23,0.0,20.0,0.0,8.0,0.0,0.0,4.666666666666667,0.0,0.0,3.92918,3.92918
2017-06-24,22.0,3.0,15.0,5.0,0.0,0.0,7.5,0.0,0.0,3.92918,3.92918
2017-06-25,1.0,1.0,0.0,23.5,0.0,16.0,6.916666666666667,0.0,0.0,3.92918,3.92918
2017-06-26,0.0,11.0,1.0,5.0,3.0,0.0,3.3333333333333335,0.0,0.0,3.92918,3.92918
2017-06-27,0.0,0.0,0.0,1.0,0.0,6.0,1.1666666666666667,0.0,0.0,3.92918,3.92918
2017-06-28,0.0,0.0,0.0,0.0,0.0,7.4,1.2333333333333334,0.0,0.0,3.92918,3.92918
2017-06-29,0.0,0.0,0.0,3.0,0.0,18.0,3.5,0.0,0.0,3.92918,3.92918
2017-06-30,0.0,0.0,0.0,1.0,0.0,9.8,1.8,0.0,0.0,3.92918,3.92918
2017-07-01,0.0,0.0,0.0,0.0,0.0,0.0,0.0,0.0,0.0,3.92918,3.92918
2017-07-02,0.0,2.0,0.0,0.0,0.0,0.0,0.3333333333333333,0.0,0.0,3.92918,3.92918
2017-07-03,0.0,0.0,1.0,0.0,0.0,0.0,0.16666666666666666,0.0,0.0,3.92918,3.92918
2017-07-04,0.0,0.0,0.0,0.0,0.0,0.0,0.0,0.0,0.0,3.92918,3.92918
2017-07-05,1.0,0.0,0.0,0.0,0.0,0.0,0.16666666666666666,0.0,0.0,3.92918,3.92918
2017-07-06,0.0,0.0,0.0,0.0,0.0,0.0,0.0,0.0,0.0,3.92918,3.92918
2017-07-07,0.0,4.0,0.0,0.0,0.0,0.0,0.6666666666666666,0.0,0.0,3.92918,3.92918
2017-07-08,3.0,0.0,12.0,0.0,0.0,0.0,2.5,0.0,0.0,3.92918,3.92918
2017-07-09,1.0,0.0,14.0,0.0,3.0,10.2,4.7,0.0,0.0,3.92918,3.92918
2017-07-10,4.0,2.0,1.0,2.0,0.0,5.4,2.4,0.0,0.0,3.92918,3.92918
2017-07-11,0.0,0.0,1.0,0.0,0.0,1.0,0.3333333333333333,0.0,0.0,3.92918,3.92918
2017-07-12,0.0,0.0,0.0,0.0,1.0,3.0,0.6666666666666666,0.0,0.0,3.92918,3.92918
2017-07-13,4.0,0.0,12.0,0.0,0.0,0.0,2.6666666666666665,0.0,0.0,3.92918,3.92918
2017-07-14,0.0,0.0,0.0,0.0,0.0,5.6,0.9333333333333332,0.0,0.0,3.92918,3.92918
2017-07-15,0.0,0.0,0.0,0.0,0.0,1.8,0.3,0.0,0.0,3.92918,3.92918
2017-07-16,0.0,5.0,0.0,0.0,0.0,0.0,0.8333333333333334,0.0,0.0,3.92918,3.92918
2017-07-17,0.0,0.0,0.0,0.0,0.0,0.0,0.0,0.0,0.0,3.92918,3.92918
2017-07-18,6.0,0.0,0.0,0.0,0.0,0.0,1.0,0.0,0.0,3.92918,3.92918
2017-07-19,0.0,0.0,0.0,11.0,4.0,3.6,3.1,0.0,0.0,3.92918,3.92918
2017-07-20,0.0,0.0,0.0,0.0,0.0,0.0,0.0,0.0,0.0,3.92918,3.92918
2017-07-21,0.0,0.0,0.0,0.0,0.0,0.0,0.0,0.0,0.0,3.92918,3.92918
2017-07-22,0.0,0.0,0.0,0.0,0.0,0.0,0.0,0.0,0.0,3.92918,3.92918
2017-07-23,0.0,0.0,0.0,0.0,0.0,1.0,0.16666666666666666,0.0,0.0,3.92918,3.92918
2017-07-24,0.0,0.0,0.0,0.0,0.0,0.0,0.0,0.0,0.0,3.92918,3.92918
2017-07-25,0.0,0.0,0.0,0.0,0.0,0.0,0.0,0.0,0.0,3.92918,3.92918
2017-07-26,2.0,9.0,6.0,0.0,0.0,0.0,2.8333333333333335,0.0,0.0,3.92918,3.92918
2017-07-27,21.0,0.0,29.0,5.0,0.0,1.2,9.366666666666667,0.0,0.0,3.92918,3.92918
2017-07-28,4.0,8.0,15.0,11.5,6.0,19.6,10.683333333333332,0.0,0.0,3.92918,3.92918
2017-07-29,0.0,0.0,19.0,0.0,0.0,0.0,3.1666666666666665,0.0,0.0,3.92918,3.92918
2017-07-30,0.0,0.0,0.0,0.0,0.0,0.0,0.0,0.0,0.0,3.92918,3.92918
2017-07-31,0.0,0.0,0.0,3.0,18.0,1.0,3.6666666666666665,0.0,0.0,3.92918,3.92918
2017-08-01,25.0,0.0,11.0,0.0,0.0,0.0,6.0,0.0,0.0,3.92918,3.92918
2017-08-02,4.0,0.0,16.0,0.0,0.0,23.6,7.266666666666667,0.0,0.0,3.92918,3.92918
2017-08-03,0.0,0.0,3.0,0.0,0.0,12.8,2.6333333333333333,0.0,0.0,3.92918,3.92918
2017-08-04,0.0,0.0,1.0,0.0,0.0,6.0,1.1666666666666667,0.0,0.0,3.92918,3.92918
2017-08-05,0.0,0.0,0.0,0.0,0.0,0.0,0.0,0.0,0.0,3.92918,3.92918
2017-08-06,0.0,0.0,0.0,0.0,0.0,0.0,0.0,0.0,0.0,3.92918,3.92918
2017-08-07,2.0,0.0,1.0,0.0,0.0,2.0,0.8333333333333334,0.0,0.0,3.92918,3.92918
2017-08-08,0.0,0.0,0.0,0.0,0.0,0.0,0.0,0.0,0.0,3.92918,3.92918
2017-08-09,0.0,0.0,0.0,0.0,3.0,0.0,0.5,0.0,0.0,3.92918,3.92918
2017-08-10,0.0,0.0,0.0,0.0,0.0,0.0,0.0,0.0,0.0,3.92918,3.92918
2017-08-11,0.0,0.0,0.0,0.0,0.0,0.0,0.0,0.0,0.0,3.92918,3.92918
2017-08-12,0.0,0.0,0.0,0.0,0.0,0.0,0.0,0.0,0.0,3.92918,3.92918
2017-08-13,0.0,0.0,0.0,0.0,0.0,0.0,0.0,0.0,0.0,3.92918,3.92918
2017-08-14,0.0,0.0,0.0,0.0,0.0,0.0,0.0,0.0,0.0,3.92918,3.92918
2017-08-15,0.0,0.0,0.0,0.0,0.0,0.0,0.0,0.0,0.0,3.92918,3.92918
2017-08-16,0.0,0.0,0.0,0.0,0.0,0.0,0.0,0.0,0.0,3.92918,3.92918
2017-08-17,0.0,0.0,0.0,0.0,0.0,0.0,0.0,0.0,0.0,3.92918,3.92918
2017-08-18,0.0,0.0,0.0,0.0,0.0,0.0,0.0,0.0,0.0,3.92918,3.92918
2017-08-19,0.0,0.0,3.0,0.0,0.0,0.0,0.5,0.0,0.0,3.92918,3.92918
2017-08-20,0.0,0.0,0.0,0.0,0.0,4.6,0.7666666666666666,0.0,0.0,3.92918,3.92918
2017-08-21,0.0,0.0,0.0,0.0,0.0,0.0,0.0,0.0,0.0,3.92918,3.92918
2017-08-22,0.0,0.0,0.0,0.0,0.0,0.0,0.0,0.0,0.0,3.92918,3.92918
2017-08-23,0.0,0.0,0.0,0.0,0.0,0.0,0.0,0.0,0.0,3.92918,3.92918
2017-08-24,0.0,0.0,0.0,0.0,0.0,0.0,0.0,0.0,0.0,3.92918,3.92918
2017-08-25,0.0,0.0,0.0,0.0,0.0,0.0,0.0,0.0,0.0,3.92918,3.92918
2017-08-26,0.0,0.0,0.0,0.0,0.0,0.0,0.0,0.0,0.0,3.92918,3.92918
2017-08-27,0.0,0.0,0.0,0.0,0.0,0.0,0.0,0.0,0.0,3.92918,3.92918
2017-08-28,0.0,0.0,0.0,0.0,0.0,0.0,0.0,0.0,0.0,3.92918,3.92918
2017-08-29,0.0,0.0,0.0,21.0,21.0,0.0,7.0,0.0,0.0,3.92918,3.92918
2017-08-30,0.0,0.0,5.0,32.0,0.0,0.0,6.166666666666667,0.0,0.0,3.92918,3.92918
2017-08-31,0.0,0.0,0.0,0.0,0.0,0.0,0.0,0.0,0.0,3.92918,3.92918
2017-09-01,0.0,0.0,0.0,0.0,0.0,0.0,0.0,0.0,0.0,3.92918,3.92918
2017-09-02,0.0,0.0,0.0,0.0,0.0,0.0,0.0,0.0,0.0,3.92918,3.92918
2017-09-03,0.0,0.0,1.0,0.0,0.0,0.0,0.16666666666666666,0.0,0.0,3.92918,3.92918
2017-09-04,0.0,0.0,0.0,0.0,0.0,0.0,0.0,0.0,0.0,3.92918,3.92918
2017-09-05,0.0,0.0,0.0,0.0,0.0,0.0,0.0,0.0,0.0,3.92918,3.92918
2017-09-06,0.0,0.0,0.0,0.0,0.0,0.0,0.0,0.0,0.0,3.92918,3.92918
2017-09-07,0.0,0.0,0.0,0.0,0.0,0.0,0.0,0.0,0.0,3.92918,3.92918
2017-09-08,0.0,0.0,0.0,0.0,0.0,0.0,0.0,0.0,0.0,3.92918,3.92918
2017-09-09,0.0,0.0,0.0,0.0,0.0,0.0,0.0,0.0,0.0,3.92918,3.92918
2017-09-10,0.0,0.0,0.0,0.0,0.0,10.0,1.6666666666666667,0.0,0.0,3.92918,3.92918
2017-09-11,0.0,0.0,0.0,0.0,0.0,0.0,0.0,0.0,0.0,3.92918,3.92918
2017-09-12,0.0,0.0,2.0,0.0,0.0,2.0,0.6666666666666666,0.0,0.0,3.92918,3.92918
2017-09-13,0.0,0.0,0.0,0.0,0.0,0.0,0.0,0.0,0.0,3.92918,3.92918
2017-09-14,0.0,0.0,0.0,0.0,0.0,0.0,0.0,0.0,0.0,3.92918,3.92918
2017-09-15,0.0,0.0,0.0,0.0,0.0,0.0,0.0,0.0,0.0,3.92918,3.92918
2017-09-16,0.0,0.0,0.0,0.0,0.0,0.0,0.0,0.0,0.0,3.92918,3.92918
2017-09-17,0.0,0.0,0.0,0.0,0.0,0.0,0.0,0.0,0.0,3.92918,3.92918
2017-09-18,0.0,0.0,0.0,0.0,0.0,0.0,0.0,0.0,0.0,3.92918,3.92918
2017-09-19,0.0,0.0,0.0,0.0,0.0,0.0,0.0,0.0,0.0,3.92918,3.92918
2017-09-20,0.0,0.0,0.0,0.0,0.0,0.0,0.0,0.0,0.0,3.92918,3.92918
2017-09-21,0.0,0.0,0.0,0.0,0.0,0.0,0.0,0.0,0.0,3.92918,3.92918
2017-09-22,0.0,0.0,0.0,0.0,0.0,0.0,0.0,0.0,0.0,3.92918,3.92918
2017-09-23,4.0,1.0,3.0,0.0,0.0,0.0,1.3333333333333333,0.0,0.0,3.92918,3.92918
2017-09-24,29.0,10.0,48.0,0.0,0.0,2.0,14.833333333333334,0.06934145928559335,0.5617942303230942,3.92918,4.490974230323094
2017-09-25,2.0,30.0,13.0,2.0,0.0,8.0,9.166666666666666,0.0,0.0,3.92918,3.92918
2017-09-26,4.0,29.0,9.0,2.0,0.0,1.0,7.5,0.0,0.0,3.92918,3.92918
2017-09-27,39.0,18.0,49.0,14.0,92.0,2.0,35.666666666666664,6.100244153173988,49.42327438914111,11.028336758371166,60.45161114751228
2017-09-28,0.0,24.0,0.0,39.0,9.0,56.0,21.333333333333332,1.0332871226124456,8.371539187832314,11.40180069587632,19.773339883708633
2017-09-29,0.0,0.0,0.0,12.0,1.0,5.0,3.0,0.0,0.0,10.489656640206215,10.489656640206215
2017-09-30,0.0,0.0,0.0,0.0,0.0,0.0,0.0,0.0,0.0,9.650484108989719,9.650484108989719
2017-10-01,0.0,0.0,2.0,0.0,0.0,2.0,0.6666666666666666,0.0,0.0,8.878445380270541,8.878445380270541
2017-10-02,0.0,3.0,2.0,0.0,0.0,0.0,0.8333333333333334,0.0,0.0,8.168169749848898,8.168169749848898
2017-10-03,9.0,0.0,30.0,0.0,0.0,4.0,7.166666666666667,0.0,0.0,7.514716169860987,7.514716169860987
2017-10-04,0.0,0.0,5.0,0.0,0.0,0.0,0.8333333333333334,0.0,0.0,6.913538876272108,6.913538876272108
2017-10-05,0.0,0.0,0.0,0.0,0.0,1.0,0.16666666666666666,0.0,0.0,6.36045576617034,6.36045576617034
2017-10-06,0.0,0.0,12.0,0.0,0.0,0.0,2.0,0.0,0.0,5.851619304876713,5.851619304876713
2017-10-07,0.0,4.0,1.0,0.0,1.0,0.0,1.0,0.0,0.0,5.383489760486576,5.383489760486576
2017-10-08,3.0,0.0,3.0,0.0,0.0,3.0,1.5,0.0,0.0,4.95281057964765,4.95281057964765
2017-10-09,6.0,11.0,38.0,0.0,10.0,5.0,11.666666666666666,0.0,0.0,4.556585733275838,4.556585733275838
2017-10-10,0.0,5.0,0.0,0.0,1.0,0.0,1.0,0.0,0.0,4.192058874613772,4.192058874613772
2017-10-11,0.0,0.0,0.0,12.0,6.0,1.0,3.1666666666666665,0.0,0.0,3.92918,3.92918
2017-10-12,0.0,18.0,0.0,0.0,0.0,0.0,3.0,0.0,0.0,3.92918,3.92918
2017-10-13,11.0,2.0,14.0,0.0,0.0,0.0,4.5,0.0,0.0,3.92918,3.92918
2017-10-14,45.0,13.0,27.0,2.0,4.0,25.0,19.333333333333332,0.6273922686945497,5.083039213960472,4.3773014820940706,9.460340696054542
2017-10-15,82.0,23.0,82.0,0.0,0.0,57.0,40.666666666666664,8.551032555879491,69.27919894809772,14.418997205741203,83.69819615383892
2017-10-16,11.0,6.0,21.0,3.0,1.0,197.0,39.833333333333336,8.123035429692289,65.81162963871068,23.137221875088507,88.94885151379918
2017-10-17,38.0,25.0,71.0,3.0,9.0,0.0,24.333333333333332,1.8012570245489494,14.59351756000306,23.475271759081885,38.06878931908494
2017-10-18,24.0,0.0,16.0,2.0,0.0,110.0,25.333333333333332,2.096336835960303,16.984210476530233,24.14488158983487,41.129092066365104
2017-10-19,3.0,0.0,12.0,2.0,0.0,199.0,36.0,6.254493087557602,50.672976403823164,29.814237523221557,80.48721392704472
2017-10-20,0.0,0.0,0.0,0.0,0.0,3.0,0.5,0.0,0.0,27.429098521363834,27.429098521363834
2017-10-21,0.0,0.0,0.0,0.0,0.0,0.0,0.0,0.0,0.0,25.234770639654727,25.234770639654727
2017-10-22,0.0,0.0,0.0,0.0,0.0,0.0,0.0,0.0,0.0,23.215988988482348,23.215988988482348
2017-10-23,0.0,0.0,4.0,0.0,0.0,0.0,0.6666666666666666,0.0,0.0,21.35870986940376,21.35870986940376
2017-10-24,0.0,20.0,4.0,0.0,0.0,1.0,4.166666666666667,0.0,0.0,19.650013079851462,19.650013079851462
2017-10-25,0.0,19.0,1.0,0.0,0.0,0.0,3.3333333333333335,0.0,0.0,18.078012033463345,18.078012033463345
2017-10-26,14.0,0.0,29.0,10.0,21.0,0.0,12.333333333333334,0.0,0.0,16.63177107078628,16.63177107078628
2017-10-27,3.0,24.0,8.0,0.0,18.0,40.0,15.5,0.1182503770739064,0.9580470364784083,15.44493644059514,16.402983477073548
2017-10-28,23.0,0.0,24.0,3.0,0.0,2.0,8.666666666666666,0.0,0.0,14.20934152534753,14.20934152534753
2017-10-29,0.0,0.0,0.0,206.0,189.0,293.0,114.66666666666667,62.83562315337094,509.08490980740345,89.43533067443023,598.5202404818336
2017-10-30,0.0,2.0,0.0,16.0,6.0,10.0,5.666666666666667,0.0,0.0,82.28050422047582,82.28050422047582
2017-10-31,0.0,0.0,0.0,0.0,0.0,0.0,0.0,0.0,0.0,75.69806388283776,75.69806388283776
2017-11-01,0.0,0.0,0.0,0.0,0.0,0.0,0.0,0.0,0.0,69.64221877221074,69.64221877221074
2017-11-02,1.0,25.0,1.0,0.0,0.0,0.0,4.5,0.0,0.0,64.07084127043389,64.07084127043389
2017-11-03,0.0,3.0,0.0,0.0,0.0,0.0,0.5,0.0,0.0,58.94517396879918,58.94517396879918
2017-11-04,0.0,27.0,4.0,37.0,1.0,0.0,11.5,0.0,0.0,54.22956005129525,54.22956005129525
2017-11-05,2.0,20.0,4.0,9.0,16.0,8.0,9.833333333333334,0.0,0.0,49.89119524719163,49.89119524719163
2017-11-06,1.0,0.0,1.0,27.0,74.0,52.0,25.833333333333332,2.2507756995795267,18.235451269741535,48.63521731787753,66.87066858761906
2017-11-07,0.0,37.0,0.0,23.0,4.0,8.0,12.0,0.0,0.0,44.74439993244733,44.74439993244733
2017-11-08,0.0,17.0,0.0,0.0,9.0,33.0,9.833333333333334,0.0,0.0,41.16484793785155,41.16484793785155
2017-11-09,0.0,57.0,0.0,10.0,1.0,0.0,11.333333333333334,0.0,0.0,37.87166010282343,37.87166010282343
2017-11-10,2.0,1.0,3.0,16.0,25.0,0.0,7.833333333333333,0.0,0.0,34.841927294597554,34.841927294597554
2017-11-11,1.0,3.0,6.0,0.0,0.0,0.0,1.6666666666666667,0.0,0.0,32.054573111029754,32.054573111029754
2017-11-12,33.0,1.0,17.0,10.0,6.0,53.0,20.0,0.7526836158192088,6.0981311466834045,30.404926934149888,36.50305808083329
2017-11-13,1.0,0.0,2.0,0.0,0.0,26.0,4.833333333333333,0.0,0.0,27.972532779417897,27.972532779417897
2017-11-14,3.0,40.0,1.0,1.0,1.0,0.0,7.666666666666667,0.0,0.0,25.734730157064465,25.734730157064465
2017-11-15,4.0,103.0,68.0,0.0,0.0,0.0,29.166666666666668,3.3908017229401146,27.47177321826482,27.79671772723903,55.26849094550385
2017-11-16,9.0,86.0,23.0,43.0,7.0,5.0,28.833333333333332,3.2685363471466444,26.481197256975125,29.54515989760618,56.026357154581305
2017-11-17,9.0,2.0,10.0,51.0,71.0,20.0,27.166666666666668,2.684281031779963,21.74764724821729,30.443694193030282,52.19134144124757
2017-11-18,19.0,33.0,4.0,30.0,0.0,13.0,16.5,0.21456166419019307,1.738346816355731,28.268950680041222,30.00729749639695
2017-11-19,25.0,5.0,28.0,1.0,0.0,6.0,10.833333333333334,0.0,0.0,26.007434625637924,26.007434625637924
2017-11-20,93.0,3.0,87.0,46.0,6.0,33.0,44.666666666666664,10.703922253258842,86.7215923296434,36.935078705033405,123.6566710346768
2017-11-21,23.0,24.0,32.0,7.0,11.0,51.0,24.666666666666668,1.8975412249705537,15.373597887492913,36.28631209175467,51.65990997924758
2017-11-22,20.0,20.0,22.0,3.0,1.0,11.0,12.833333333333334,0.0002793783830976059,0.002263482270466714,33.383746646754865,33.38601012902533
2017-11-23,49.0,3.0,58.0,26.0,0.0,22.0,26.333333333333332,2.4096946125036007,19.522988758709726,33.641495228820936,53.16448398753066
2017-11-24,5.0,3.0,4.0,20.0,17.0,40.0,14.833333333333334,0.06934145928559335,0.5617942303230942,31.034444745063727,31.59623897538682
2017-11-25,0.0,18.0,0.0,2.0,2.0,1.0,3.8333333333333335,0.0,0.0,28.55168916545863,28.55168916545863
2017-11-26,24.0,65.0,13.0,45.0,20.0,1.0,28.0,2.970685279187817,24.06805203045685,29.87776183679047,53.945813867247324
2017-11-27,195.0,195.0,304.0,15.0,28.0,9.0,124.33333333333333,71.15721989595228,576.5052537866504,113.9633289578448,690.4685827444953
2017-11-28,245.0,15.0,301.0,78.0,68.0,126.0,138.83333333333334,83.89673639186736,679.7189291007772,206.80410200633378,886.523031107111
2017-11-29,11.0,15.0,34.0,0.0,0.0,0.0,10.0,0.0,0.0,190.25977384582708,190.25977384582708
2017-11-30,0.0,1.0,6.0,5.0,5.0,0.0,2.8333333333333335,0.0,0.0,175.03899193816093,175.03899193816093
2017-12-01,0.0,0.0,0.0,7.0,0.0,2.0,1.5,0.0,0.0,161.03587258310807,161.03587258310807
2017-12-02,0.0,0.0,0.0,1.0,0.0,1.0,0.3333333333333333,0.0,0.0,148.15300277645943,148.15300277645943
2017-12-03,0.0,0.0,0.0,0.0,0.0,0.0,0.0,0.0,0.0,136.30076255434267,136.30076255434267
2017-12-04,0.0,0.0,0.0,0.0,0.0,0.0,0.0,0.0,0.0,125.39670154999526,125.39670154999526
2017-12-05,0.0,0.0,0.0,0.0,0.0,0.0,0.0,0.0,0.0,115.36496542599563,115.36496542599563
2017-12-06,0.0,0.0,9.0,0.0,0.0,0.0,1.5,0.0,0.0,106.13576819191599,106.13576819191599
2017-12-07,0.0,0.0,1.0,0.0,0.0,0.0,0.16666666666666666,0.0,0.0,97.64490673656272,97.64490673656272
2017-12-08,14.0,4.0,35.0,54.0,2.0,0.0,18.166666666666668,0.43331722249073623,3.5106719414758722,90.35991498885909,93.87058693033497
2017-12-09,7.0,2.0,22.0,7.0,0.0,10.0,8.0,0.0,0.0,83.13112178975037,83.13112178975037
2017-12-10,10.0,12.0,25.0,5.0,1.0,1.0,9.0,0.0,0.0,76.48063204657034,76.48063204657034
2017-12-11,21.0,11.0,34.0,2.0,10.0,17.0,15.833333333333334,0.14734033683508418,1.1937295808398025,70.54124091997068,71.73497050081048
2017-12-12,7.0,11.0,7.0,6.0,6.0,57.0,15.666666666666666,0.13241390839184206,1.072797868915387,65.05886132671033,66.13165919562572
2017-12-13,1.0,15.0,1.0,17.0,9.0,16.0,9.833333333333334,0.0,0.0,59.854152420573506,59.854152420573506
2017-12-14,0.0,0.0,0.0,19.0,4.0,3.0,4.333333333333333,0.0,0.0,55.06582022692763,55.06582022692763
2017-12-15,19.0,8.0,0.0,0.0,2.0,0.0,4.833333333333333,0.0,0.0,50.66055460877342,50.66055460877342
2017-12-16,1.0,4.0,7.0,25.0,0.0,12.0,8.166666666666666,0.0,0.0,46.60771024007155,46.60771024007155
2017-12-17,15.0,3.0,7.0,15.0,0.0,22.0,10.333333333333334,0.0,0.0,42.87909342086583,42.87909342086583
2017-12-18,20.0,9.0,27.0,18.0,2.0,2.0,13.0,0.0014106583072100213,0.01142894461859971,39.45048028888935,39.46190923350795
2017-12-19,47.0,23.0,52.0,7.0,25.0,16.0,28.333333333333332,3.088472339230553,25.022345340988277,40.047793666926445,65.07013900791472
2017-12-20,22.0,36.0,32.0,13.0,15.0,29.0,24.5,1.8491367861885788,14.98143229550932,39.09118501789873,54.07261731340805
2017-12-21,5.0,3.0,2.0,69.0,38.0,16.0,22.166666666666668,1.2282016141312624,9.950707521896803,37.45649634475136,47.40720386664816
2017-12-22,4.0,2.0,4.0,5.0,0.0,2.0,2.8333333333333335,0.0,0.0,34.45997663717125,34.45997663717125
2017-12-23,0.0,0.0,0.0,2.0,0.0,1.0,0.5,0.0,0.0,31.703178506197553,31.703178506197553
2017-12-24,0.0,0.0,0.0,0.0,0.0,0.0,0.0,0.0,0.0,29.16692422570175,29.16692422570175
2017-12-25,42.0,5.0,62.0,0.0,0.0,0.0,18.166666666666668,0.43331722249073623,3.5106719414758722,27.36017107886699,30.870843020342864
2017-12-26,49.0,38.0,43.0,2.0,11.0,2.0,24.166666666666668,1.7539054394545723,14.209882032618065,27.30283969745034,41.51272173006841
2017-12-27,22.0,12.0,23.0,44.0,17.0,21.0,23.166666666666668,1.4810875769866305,11.999552128363904,26.918545340908903,38.91809746927281
2017-12-28,0.0,0.0,0.0,6.0,12.0,12.0,5.0,0.0,0.0,24.765061713636193,24.765061713636193
2017-12-29,40.0,10.0,15.0,0.0,0.0,0.0,10.833333333333334,0.0,0.0,22.7838567765453,22.7838567765453
2017-12-30,0.0,0.0,0.0,0.0,0.0,0.0,0.0,0.0,0.0,20.961148234421675,20.961148234421675
2017-12-31,0.0,0.0,0.0,0.0,0.0,0.0,0.0,0.0,0.0,19.28425637566794,19.28425637566794
2018-01-01,19.0,8.0,18.0,0.0,0.0,3.0,8.0,0.0,0.0,17.741515865614506,17.741515865614506
2018-01-02,5.0,30.0,3.0,1.0,0.0,14.0,8.833333333333334,0.0,0.0,16.322194596365346,16.322194596365346
2018-01-03,0.0,31.0,0.0,33.0,16.0,6.0,14.333333333333334,0.04095871716137835,0.33184145848338936,15.066195247428627,15.398036705912016
2018-01-04,25.0,19.0,86.0,26.0,0.0,23.0,29.833333333333332,3.640567727711175,29.495340386548875,18.28520068561667,47.78054107216555
2018-01-05,1.0,18.0,1.0,44.0,34.0,16.0,19.0,0.5686246418338107,4.606912607449854,17.513421521884812,22.120334129334665
2018-01-06,1.0,0.0,4.0,24.0,64.0,16.0,18.166666666666668,0.43331722249073623,3.5106719414758722,16.63894859135541,20.149620532831282
2018-01-07,12.0,15.0,8.0,15.0,0.0,2.0,8.666666666666666,0.0,0.0,15.307832704046977,15.307832704046977
2018-01-08,11.0,37.0,9.0,13.0,19.0,8.0,16.166666666666668,0.17945910071345614,1.4539510474469826,14.301298744840267,15.75524979228725
2018-01-09,1.0,4.0,17.0,6.0,20.0,12.0,10.0,0.0,0.0,13.157194845253047,13.157194845253047
2018-01-10,62.0,17.0,84.0,34.0,5.0,18.0,36.666666666666664,6.5670858739837366,53.205556849405276,20.085452785043593,73.29100963444887
2018-01-11,43.0,68.0,50.0,44.0,20.0,43.0,44.666666666666664,10.703922253258842,86.7215923296434,31.486855411686616,118.20844774133002
2018-01-12,1.0,5.0,0.0,71.0,36.0,35.0,24.666666666666668,1.8975412249705537,15.373597887492913,31.273946661875627,46.64754454936854
2018-01-13,14.0,18.0,19.0,1.0,0.0,0.0,8.666666666666666,0.0,0.0,28.772030928925577,28.772030928925577
2018-01-14,1.0,2.0,4.0,30.0,6.0,0.0,7.166666666666667,0.0,0.0,26.47026845461153,26.47026845461153
2018-01-15,8.0,0.0,6.0,0.0,0.0,10.0,4.0,0.0,0.0,24.35264697824261,24.35264697824261
2018-01-16,16.0,10.0,25.0,0.0,0.0,2.0,8.833333333333334,0.0,0.0,22.404435219983203,22.404435219983203
2018-01-17,58.0,11.0,55.0,8.0,17.0,11.0,26.666666666666668,2.518086632243259,20.40116484456344,23.67225512906906,44.0734199736325
2018-01-18,15.0,33.0,34.0,10.0,5.0,26.0,20.5,0.8532959326788216,6.913277232351564,22.815466303596274,29.72874353594784
2018-01-19,68.0,33.0,75.0,28.0,37.0,34.0,45.833333333333336,11.360653098769692,92.04232834651371,34.79657825128563,126.83890659779934
2018-01-20,17.0,12.0,25.0,37.0,34.0,35.0,26.666666666666668,2.518086632243259,20.40116484456344,35.0730267178673,55.47419156243074
2018-01-21,53.0,12.0,89.0,7.0,11.0,16.0,31.333333333333332,4.227286255411256,34.24884697671157,37.404511626944654,71.65335860365622
2018-01-22,22.0,34.0,17.0,11.0,8.0,33.0,20.833333333333332,0.923468279820071,7.4818031929866855,35.53442117573709,43.01622436872377
2018-01-23,6.0,9.0,5.0,25.0,13.0,6.0,10.666666666666666,0.0,0.0,32.691667481678124,32.691667481678124
2018-01-24,107.0,90.0,134.0,30.0,37.0,11.0,68.16666666666667,25.86061455122817,209.51886789189493,61.504164266928115,271.02303215882307
2018-01-25,24.0,6.0,26.0,68.0,58.0,93.0,45.833333333333336,11.360653098769692,92.04232834651371,70.39018037755092,162.43250872406463
2018-01-26,8.0,13.0,9.0,7.0,6.0,25.0,11.333333333333334,0.0,0.0,64.75896594734685,64.75896594734685
2018-01-27,13.0,10.0,12.0,11.0,0.0,3.0,8.166666666666666,0.0,0.0,59.57824867155911,59.57824867155911
2018-01-28,12.0,13.0,14.0,7.0,13.0,19.0,13.0,0.0014106583072100213,0.01142894461859971,54.81370311952717,54.82513206414577
2018-01-29,6.0,0.0,5.0,16.0,25.0,0.0,8.666666666666666,0.0,0.0,50.428606869964995,50.428606869964995
2018-01-30,3.0,18.0,2.0,6.0,3.0,0.0,5.333333333333333,0.0,0.0,46.394318320367795,46.394318320367795
2018-01-31,20.0,18.0,23.0,1.0,0.0,3.0,10.833333333333334,0.0,0.0,42.682772854738374,42.682772854738374
2018-02-01,32.0,48.0,31.0,22.0,20.0,7.0,26.666666666666668,2.518086632243259,20.40116484456344,42.32832575304382,62.72949059760726
2018-02-02,0.0,14.0,0.0,41.0,50.0,23.0,21.333333333333332,1.0332871226124456,8.371539187832314,40.19779057097516,48.56932975880747
2018-02-03,33.0,13.0,35.0,7.0,25.0,10.0,20.5,0.8532959326788216,6.913277232351564,38.018958910149884,44.932236142501445
2018-02-04,23.0,20.0,16.0,9.0,13.0,10.0,15.166666666666666,0.09223513559036538,0.7472754040886083,35.08953350795119,35.8368089120398
2018-02-05,0.0,0.0,0.0,18.0,2.0,8.0,4.666666666666667,0.0,0.0,32.28237082731509,32.28237082731509
2018-02-06,19.0,11.0,20.0,1.0,0.0,0.0,8.5,0.0,0.0,29.699781161129884,29.699781161129884
2018-02-07,11.0,80.0,23.0,15.0,5.0,12.0,24.333333333333332,1.8012570245489494,14.59351756000306,29.51282630223995,44.10634386224301
2018-02-08,4.0,12.0,7.0,40.0,9.0,16.0,14.666666666666666,0.05908010862186005,0.47865828744562533,27.2235989411776,27.702257228623225
2018-02-09,1.0,4.0,4.0,12.0,0.0,9.0,5.0,0.0,0.0,25.045711025883392,25.045711025883392
2018-02-10,0.0,0.0,0.0,3.0,27.0,11.0,6.833333333333333,0.0,0.0,23.04205414381272,23.04205414381272
2018-02-11,19.0,3.0,17.0,0.0,0.0,1.0,6.666666666666667,0.0,0.0,21.198689812307702,21.198689812307702
2018-02-12,4.0,31.0,5.0,61.0,27.0,82.0,35.0,5.7959207459207445,46.95769122852455,26.54644831160177,73.50413954012632
2018-02-13,2.0,1.0,1.0,25.0,36.0,3.0,11.333333333333334,0.0,0.0,24.42273244667363,24.42273244667363
2018-02-14,20.0,0.0,24.0,6.0,2.0,14.0,11.0,0.0,0.0,22.468913850939742,22.468913850939742
2018-02-15,0.0,6.0,2.0,3.0,14.0,2.0,4.5,0.0,0.0,20.671400742864563,20.671400742864563
2018-02-16,5.0,3.0,7.0,1.0,0.0,1.0,2.8333333333333335,0.0,0.0,19.0176886834354,19.0176886834354
2018-02-17,1.0,0.0,3.0,1.0,2.0,2.0,1.5,0.0,0.0,17.496273588760566,17.496273588760566
2018-02-18,1.0,0.0,0.0,0.0,0.0,1.0,0.3333333333333333,0.0,0.0,16.096571701659723,16.096571701659723
2018-02-19,0.0,34.0,0.0,0.0,0.0,0.0,5.666666666666667,0.0,0.0,14.808845965526945,14.808845965526945
2018-02-20,9.0,15.0,4.0,6.0,0.0,0.0,5.666666666666667,0.0,0.0,13.62413828828479,13.62413828828479
2018-02-21,0.0,5.0,0.0,1.0,4.0,4.0,2.3333333333333335,0.0,0.0,12.534207225222007,12.534207225222007
2018-02-22,0.0,3.0,0.0,9.0,2.0,1.0,2.5,0.0,0.0,11.531470647204246,11.531470647204246
2018-02-23,3.0,18.0,0.0,58.0,11.0,0.0,15.0,0.08039513677811543,0.6513494877856574,10.706655418595757,11.358004906381414
2018-02-24,9.0,13.0,39.0,22.0,38.0,4.0,20.833333333333332,0.923468279820071,7.4818031929866855,10.9723934640561,18.454196657042786
2018-02-25,1.0,5.0,0.0,16.0,13.0,30.0,10.833333333333334,0.0,0.0,10.094601986931613,10.094601986931613
2018-02-26,3.0,12.0,4.0,23.0,2.0,0.0,7.333333333333333,0.0,0.0,9.287033827977083,9.287033827977083
2018-02-27,0.0,0.0,0.0,72.0,6.0,5.0,13.833333333333334,0.019872786659790257,0.16100637340107846,8.568222077749079,8.729228451150156
2018-02-28,0.0,5.0,0.0,0.0,0.0,0.0,0.8333333333333334,0.0,0.0,7.882764311529153,7.882764311529153
2018-03-01,0.0,45.0,0.0,0.0,0.0,3.0,8.0,0.0,0.0,7.252143166606821,7.252143166606821
2018-03-02,0.0,10.0,1.0,95.0,96.0,1.0,33.833333333333336,5.277090718130498,42.754207207075794,13.085102794339644,55.83931000141544
2018-03-03,5.0,66.0,0.0,22.0,0.0,1.0,15.666666666666666,0.13241390839184206,1.072797868915387,12.199214251129781,13.272012120045169
2018-03-04,34.0,0.0,0.0,71.0,2.0,0.0,17.833333333333332,0.38394042415411983,3.1106284364338412,11.689871376504476,14.800499812938316
2018-03-05,2.0,7.0,0.0,2.0,7.0,0.0,3.0,0.0,0.0,10.754681666384117,10.754681666384117
2018-03-06,0.0,22.0,0.0,49.0,17.0,1.0,14.833333333333334,0.06934145928559335,0.5617942303230942,9.978576267621852,10.540370497944947
2018-03-07,32.0,71.0,50.0,5.0,16.0,27.0,33.5,5.132147093712929,41.579895435174194,15.417274481488235,56.99716991666243
2018-03-08,12.0,14.0,46.0,31.0,0.0,49.0,25.333333333333332,2.096336835960303,16.984210476530233,16.731524094448712,33.715734570978945
2018-03-09,12.0,3.0,5.0,12.0,15.0,0.0,7.833333333333333,0.0,0.0,15.393002166892815,15.393002166892815
2018-03-10,18.0,48.0,6.0,13.0,3.0,0.0,14.666666666666666,0.05908010862186005,0.47865828744562533,14.233360736658234,14.71201902410386
2018-03-11,7.0,13.0,2.0,27.0,20.0,22.0,15.166666666666666,0.09223513559036538,0.7472754040886083,13.206783188338868,13.954058592427476
2018-03-12,0.0,0.0,0.0,15.0,0.0,12.0,4.5,0.0,0.0,12.15024053327176,12.15024053327176
2018-03-13,0.0,8.0,0.0,0.0,2.0,0.0,1.6666666666666667,0.0,0.0,11.178221290610018,11.178221290610018
2018-03-14,0.0,0.0,0.0,0.0,12.0,6.0,3.0,0.0,0.0,10.283963587361217,10.283963587361217
2018-03-15,1.0,0.0,0.0,0.0,0.0,0.0,0.16666666666666666,0.0,0.0,9.46124650037232,9.46124650037232
2018-03-16,0.0,0.0,0.0,0.0,0.0,1.0,0.16666666666666666,0.0,0.0,8.704346780342535,8.704346780342535
2018-03-17,0.0,5.0,0.0,0.0,1.0,10.0,2.6666666666666665,0.0,0.0,8.007999037915132,8.007999037915132
2018-03-18,3.0,49.0,0.0,39.0,11.0,8.0,18.333333333333332,0.45903246544519416,3.7190130302272673,7.9252110694160125,11.64422409964328
2018-03-19,0.0,0.0,0.0,2.0,16.0,5.0,3.8333333333333335,0.0,0.0,7.291194183862732,7.291194183862732
2018-03-20,0.0,0.0,0.0,0.0,0.0,0.0,0.0,0.0,0.0,6.707898649153714,6.707898649153714
2018-03-21,0.0,0.0,0.0,0.0,0.0,0.0,0.0,0.0,0.0,6.171266757221417,6.171266757221417
2018-03-22,32.0,3.0,36.0,0.0,0.0,0.0,11.833333333333334,0.0,0.0,5.677565416643704,5.677565416643704
2018-03-23,0.0,0.0,0.0,2.0,14.0,55.0,11.833333333333334,0.0,0.0,5.223360183312208,5.223360183312208
2018-03-24,64.0,19.0,64.0,0.0,0.0,0.0,24.5,1.8491367861885788,14.98143229550932,7.052706212973629,22.034138508482947
2018-03-25,51.0,34.0,47.0,12.0,9.0,54.0,34.5,5.57139507620164,45.138617515522554,13.259282343264122,58.39789985878667
2018-03-26,34.0,0.0,29.0,20.0,0.0,24.0,17.833333333333332,0.38394042415411983,3.1106284364338412,12.665134021268068,15.775762457701909
2018-03-27,4.0,0.0,15.0,0.0,0.0,0.0,3.1666666666666665,0.0,0.0,11.651923299566624,11.651923299566624
2018-03-28,1.0,0.0,0.0,0.0,0.0,5.0,1.0,0.0,0.0,10.719769435601295,10.719769435601295
2018-03-29,1.0,0.0,14.0,0.0,0.0,0.0,2.5,0.0,0.0,9.862187880753192,9.862187880753192
2018-03-30,0.0,0.0,0.0,0.0,0.0,0.0,0.0,0.0,0.0,9.073212850292936,9.073212850292936
2018-03-31,0.0,0.0,0.0,0.0,0.0,0.0,0.0,0.0,0.0,8.347355822269503,8.347355822269503
2018-04-01,0.0,2.0,0.0,10.0,0.0,7.0,3.1666666666666665,0.0,0.0,7.679567356487943,7.679567356487943
2018-04-02,19.0,43.0,25.0,1.0,1.0,0.0,14.833333333333334,0.06934145928559335,0.5617942303230942,7.149471102517372,7.7112653328404654
2018-04-03,0.0,0.0,0.0,29.0,26.0,32.0,14.5,0.04961715160796319,0.40199081163859074,6.637812036061771,7.039802847700361
2018-04-04,0.0,4.0,0.0,0.0,0.0,0.0,0.6666666666666666,0.0,0.0,6.10678707317683,6.10678707317683
2018-04-05,0.0,23.0,2.0,0.0,0.0,0.0,4.166666666666667,0.0,0.0,5.618244107322684,5.618244107322684
2018-04-06,0.0,7.0,0.0,24.0,0.0,0.0,5.166666666666667,0.0,0.0,5.16878457873687,5.16878457873687
2018-04-07,0.0,0.0,0.0,10.0,15.0,0.0,4.166666666666667,0.0,0.0,4.755281812437921,4.755281812437921
2018-04-08,3.0,0.0,22.0,5.0,0.0,8.0,6.333333333333333,0.0,0.0,4.374859267442887,4.374859267442887
2018-04-09,2.0,7.0,1.0,0.0,0.0,5.0,2.5,0.0,0.0,4.024870526047456,4.024870526047456
2018-04-10,1.0,27.0,0.0,23.0,7.0,46.0,17.333333333333332,0.3150848010437049,2.5527703788263127,4.085796440787607,6.638566819613919
2018-04-11,0.0,0.0,3.0,0.0,1.0,0.0,0.6666666666666666,0.0,0.0,3.92918,3.92918
2018-04-12,0.0,0.0,0.0,0.0,0.0,1.0,0.16666666666666666,0.0,0.0,3.92918,3.92918
2018-04-13,0.0,0.0,0.0,0.0,0.0,0.0,0.0,0.0,0.0,3.92918,3.92918
2018-04-14,0.0,2.0,2.0,0.0,0.0,0.0,0.6666666666666666,0.0,0.0,3.92918,3.92918
2018-04-15,0.0,0.0,0.0,1.0,0.0,0.0,0.16666666666666666,0.0,0.0,3.92918,3.92918
2018-04-16,0.0,5.0,0.0,0.0,0.0,0.0,0.8333333333333334,0.0,0.0,3.92918,3.92918
2018-04-17,4.0,2.0,4.0,0.0,0.0,0.0,1.6666666666666667,0.0,0.0,3.92918,3.92918
2018-04-18,6.0,11.0,0.0,5.0,11.0,4.0,6.166666666666667,0.0,0.0,3.92918,3.92918
2018-04-19,0.0,0.0,0.0,13.0,0.0,0.0,2.1666666666666665,0.0,0.0,3.92918,3.92918
2018-04-20,0.0,5.0,0.0,0.0,0.0,0.0,0.8333333333333334,0.0,0.0,3.92918,3.92918
2018-04-21,0.0,5.0,0.0,3.0,0.0,0.0,1.3333333333333333,0.0,0.0,3.92918,3.92918
2018-04-22,5.0,22.0,7.0,0.0,0.0,0.0,5.666666666666667,0.0,0.0,3.92918,3.92918
2018-04-23,8.0,22.0,19.0,0.0,17.0,16.0,13.666666666666666,0.014495001723543555,0.11743635655648714,3.92918,4.046616356556488
2018-04-24,0.0,9.0,0.0,4.0,21.0,50.0,14.0,0.026080246913580206,0.21129829675354336,3.92918,4.140478296753543
2018-04-25,0.0,0.0,0.0,13.0,0.0,0.0,2.1666666666666665,0.0,0.0,3.92918,3.92918
2018-04-26,0.0,0.0,0.0,0.0,0.0,0.0,0.0,0.0,0.0,3.92918,3.92918
2018-04-27,1.0,0.0,0.0,0.0,0.0,9.0,1.6666666666666667,0.0,0.0,3.92918,3.92918
2018-04-28,0.0,0.0,0.0,0.0,0.0,0.0,0.0,0.0,0.0,3.92918,3.92918
2018-04-29,0.0,0.0,0.0,0.0,0.0,0.0,0.0,0.0,0.0,3.92918,3.92918
2018-04-30,0.0,0.0,0.0,0.0,0.0,0.0,0.0,0.0,0.0,3.92918,3.92918
2018-05-01,0.0,0.0,0.0,0.0,0.0,0.0,0.0,0.0,0.0,3.92918,3.92918
2018-05-02,0.0,0.0,0.0,0.0,0.0,0.0,0.0,0.0,0.0,3.92918,3.92918
2018-05-03,0.0,0.0,0.0,0.0,0.0,0.0,0.0,0.0,0.0,3.92918,3.92918
2018-05-04,0.0,0.0,0.0,0.0,0.0,0.0,0.0,0.0,0.0,3.92918,3.92918
2018-05-05,0.0,0.0,0.0,0.0,0.0,0.0,0.0,0.0,0.0,3.92918,3.92918
2018-05-06,0.0,0.0,0.0,0.0,0.0,0.0,0.0,0.0,0.0,3.92918,3.92918
2018-05-07,0.0,0.0,0.0,0.0,0.0,0.0,0.0,0.0,0.0,3.92918,3.92918
2018-05-08,0.0,0.0,0.0,0.0,0.0,0.0,0.0,0.0,0.0,3.92918,3.92918
2018-05-09,0.0,7.0,0.0,0.0,0.0,0.0,1.1666666666666667,0.0,0.0,3.92918,3.92918
2018-05-10,0.0,0.0,0.0,0.0,0.0,0.0,0.0,0.0,0.0,3.92918,3.92918
2018-05-11,0.0,0.0,0.0,0.0,0.0,0.0,0.0,0.0,0.0,3.92918,3.92918
2018-05-12,0.0,0.0,0.0,0.0,0.0,0.0,0.0,0.0,0.0,3.92918,3.92918
2018-05-13,0.0,0.0,0.0,0.0,0.0,0.0,0.0,0.0,0.0,3.92918,3.92918
2018-05-14,0.0,0.0,0.0,0.0,0.0,0.0,0.0,0.0,0.0,3.92918,3.92918
2018-05-15,0.0,21.0,0.0,0.0,0.0,0.0,3.5,0.0,0.0,3.92918,3.92918
2018-05-16,0.0,29.0,0.0,0.0,3.0,0.0,5.333333333333333,0.0,0.0,3.92918,3.92918
2018-05-17,0.0,3.0,0.0,39.0,2.0,0.0,7.333333333333333,0.0,0.0,3.92918,3.92918
2018-05-18,0.0,0.0,0.0,0.0,0.0,0.0,0.0,0.0,0.0,3.92918,3.92918
2018-05-19,0.0,0.0,0.0,0.0,0.0,0.0,0.0,0.0,0.0,3.92918,3.92918
2018-05-20,0.0,0.0,0.0,0.0,0.0,0.0,0.0,0.0,0.0,3.92918,3.92918
2018-05-21,0.0,2.0,0.0,0.0,0.0,0.0,0.3333333333333333,0.0,0.0,3.92918,3.92918
2018-05-22,0.0,0.0,0.0,5.0,1.0,5.0,1.8333333333333333,0.0,0.0,3.92918,3.92918
2018-05-23,0.0,0.0,0.0,0.0,0.0,4.0,0.6666666666666666,0.0,0.0,3.92918,3.92918
2018-05-24,0.0,96.0,0.0,0.0,0.0,0.0,16.0,0.1630239520958083,1.320795908183632,3.92918,5.249975908183632
2018-05-25,0.0,5.0,0.0,0.0,2.0,0.0,1.1666666666666667,0.0,0.0,3.92918,3.92918
2018-05-26,0.0,0.0,0.0,0.0,0.0,0.0,0.0,0.0,0.0,3.92918,3.92918
2018-05-27,0.0,0.0,0.0,0.0,0.0,0.0,0.0,0.0,0.0,3.92918,3.92918
2018-05-28,0.0,0.0,0.0,0.0,0.0,0.0,0.0,0.0,0.0,3.92918,3.92918
2018-05-29,0.0,0.0,0.0,0.0,0.0,0.0,0.0,0.0,0.0,3.92918,3.92918
2018-05-30,0.0,0.0,0.0,0.0,0.0,0.0,0.0,0.0,0.0,3.92918,3.92918
2018-05-31,1.0,0.0,4.0,0.0,0.0,2.0,1.1666666666666667,0.0,0.0,3.92918,3.92918
2018-06-01,0.0,0.0,0.0,0.0,0.0,0.0,0.0,0.0,0.0,3.92918,3.92918
2018-06-02,0.0,0.0,0.0,0.0,0.0,0.0,0.0,0.0,0.0,3.92918,3.92918
2018-06-03,0.0,0.0,0.0,0.0,0.0,0.0,0.0,0.0,0.0,3.92918,3.92918
2018-06-04,0.0,0.0,0.0,0.0,0.0,0.0,0.0,0.0,0.0,3.92918,3.92918
2018-06-05,0.0,0.0,0.0,0.0,0.0,0.0,0.0,0.0,0.0,3.92918,3.92918
2018-06-06,0.0,0.0,0.0,0.0,0.0,0.0,0.0,0.0,0.0,3.92918,3.92918
2018-06-07,0.0,0.0,0.0,0.0,0.0,0.0,0.0,0.0,0.0,3.92918,3.92918
2018-06-08,0.0,0.0,0.0,0.0,0.0,0.0,0.0,0.0,0.0,3.92918,3.92918
2018-06-09,0.0,0.0,0.0,0.0,0.0,0.0,0.0,0.0,0.0,3.92918,3.92918
2018-06-10,2.0,0.0,11.0,0.0,0.0,0.0,2.1666666666666665,0.0,0.0,3.92918,3.92918
2018-06-11,0.0,0.0,0.0,0.0,0.0,0.0,0.0,0.0,0.0,3.92918,3.92918
2018-06-12,0.0,0.0,0.0,0.0,0.0,0.0,0.0,0.0,0.0,3.92918,3.92918
2018-06-13,0.0,0.0,0.0,0.0,0.0,0.0,0.0,0.0,0.0,3.92918,3.92918
2018-06-14,0.0,0.0,0.0,0.0,0.0,0.0,0.0,0.0,0.0,3.92918,3.92918
2018-06-15,0.0,0.0,0.0,0.0,0.0,0.0,0.0,0.0,0.0,3.92918,3.92918
2018-06-16,0.0,0.0,0.0,0.0,0.0,0.0,0.0,0.0,0.0,3.92918,3.92918
2018-06-17,0.0,0.0,0.0,0.0,0.0,0.0,0.0,0.0,0.0,3.92918,3.92918
2018-06-18,0.0,0.0,0.0,0.0,0.0,0.0,0.0,0.0,0.0,3.92918,3.92918
2018-06-19,0.0,0.0,15.0,0.0,0.0,0.0,2.5,0.0,0.0,3.92918,3.92918
2018-06-20,13.0,3.0,11.0,0.0,0.0,0.0,4.5,0.0,0.0,3.92918,3.92918
2018-06-21,5.0,0.0,3.0,3.0,7.0,19.0,6.166666666666667,0.0,0.0,3.92918,3.92918
2018-06-22,0.0,0.0,0.0,0.0,0.0,1.0,0.16666666666666666,0.0,0.0,3.92918,3.92918
2018-06-23,0.0,0.0,0.0,0.0,0.0,0.0,0.0,0.0,0.0,3.92918,3.92918
2018-06-24,0.0,0.0,0.0,0.0,0.0,0.0,0.0,0.0,0.0,3.92918,3.92918
2018-06-25,0.0,0.0,0.0,0.0,0.0,0.0,0.0,0.0,0.0,3.92918,3.92918
2018-06-26,0.0,0.0,0.0,0.0,0.0,0.0,0.0,0.0,0.0,3.92918,3.92918
2018-06-27,0.0,0.0,0.0,0.0,0.0,0.0,0.0,0.0,0.0,3.92918,3.92918
2018-06-28,0.0,0.0,0.0,0.0,0.0,0.0,0.0,0.0,0.0,3.92918,3.92918
2018-06-29,0.0,0.0,0.0,0.0,0.0,0.0,0.0,0.0,0.0,3.92918,3.92918
2018-06-30,0.0,0.0,0.0,0.0,0.0,0.0,0.0,0.0,0.0,3.92918,3.92918
2018-07-01,0.0,0.0,0.0,0.0,0.0,0.0,0.0,0.0,0.0,3.92918,3.92918
2018-07-02,0.0,0.0,0.0,0.0,0.0,0.0,0.0,0.0,0.0,3.92918,3.92918
2018-07-03,0.0,0.0,0.0,0.0,0.0,0.0,0.0,0.0,0.0,3.92918,3.92918
2018-07-04,0.0,0.0,0.0,0.0,0.0,0.0,0.0,0.0,0.0,3.92918,3.92918
2018-07-05,0.0,0.0,0.0,0.0,0.0,0.0,0.0,0.0,0.0,3.92918,3.92918
2018-07-06,0.0,0.0,0.0,0.0,0.0,2.0,0.3333333333333333,0.0,0.0,3.92918,3.92918
2018-07-07,0.0,0.0,0.0,0.0,0.0,0.0,0.0,0.0,0.0,3.92918,3.92918
2018-07-08,0.0,0.0,0.0,0.0,0.0,0.0,0.0,0.0,0.0,3.92918,3.92918
2018-07-09,0.0,0.0,0.0,0.0,0.0,0.0,0.0,0.0,0.0,3.92918,3.92918
2018-07-10,0.0,0.0,0.0,0.0,0.0,0.0,0.0,0.0,0.0,3.92918,3.92918
2018-07-11,0.0,0.0,0.0,0.0,0.0,0.0,0.0,0.0,0.0,3.92918,3.92918
2018-07-12,0.0,0.0,0.0,0.0,0.0,0.0,0.0,0.0,0.0,3.92918,3.92918
2018-07-13,0.0,0.0,0.0,0.0,0.0,0.0,0.0,0.0,0.0,3.92918,3.92918
2018-07-14,0.0,0.0,0.0,0.0,0.0,0.0,0.0,0.0,0.0,3.92918,3.92918
2018-07-15,0.0,0.0,0.0,0.0,0.0,0.0,0.0,0.0,0.0,3.92918,3.92918
2018-07-16,0.0,0.0,0.0,0.0,0.0,0.0,0.0,0.0,0.0,3.92918,3.92918
2018-07-17,0.0,0.0,0.0,0.0,0.0,0.0,0.0,0.0,0.0,3.92918,3.92918
2018-07-18,0.0,0.0,0.0,0.0,0.0,0.0,0.0,0.0,0.0,3.92918,3.92918
2018-07-19,0.0,0.0,0.0,0.0,0.0,0.0,0.0,0.0,0.0,3.92918,3.92918
2018-07-20,0.0,0.0,0.0,0.0,0.0,0.0,0.0,0.0,0.0,3.92918,3.92918
2018-07-21,0.0,0.0,0.0,0.0,0.0,0.0,0.0,0.0,0.0,3.92918,3.92918
2018-07-22,0.0,0.0,0.0,0.0,0.0,0.0,0.0,0.0,0.0,3.92918,3.92918
2018-07-23,0.0,0.0,0.0,0.0,0.0,0.0,0.0,0.0,0.0,3.92918,3.92918
2018-07-24,0.0,0.0,0.0,0.0,0.0,0.0,0.0,0.0,0.0,3.92918,3.92918
2018-07-25,0.0,0.0,0.0,0.0,0.0,0.0,0.0,0.0,0.0,3.92918,3.92918
2018-07-26,0.0,0.0,0.0,0.0,0.0,0.0,0.0,0.0,0.0,3.92918,3.92918
2018-07-27,0.0,0.0,0.0,0.0,0.0,0.0,0.0,0.0,0.0,3.92918,3.92918
2018-07-28,0.0,0.0,0.0,0.0,0.0,0.0,0.0,0.0,0.0,3.92918,3.92918
2018-07-29,0.0,0.0,0.0,1.0,0.0,0.0,0.16666666666666666,0.0,0.0,3.92918,3.92918
2018-07-30,0.0,0.0,3.0,0.0,0.0,1.0,0.6666666666666666,0.0,0.0,3.92918,3.92918
2018-07-31,0.0,2.0,0.0,14.0,13.0,22.0,8.5,0.0,0.0,3.92918,3.92918
2018-08-01,0.0,0.0,0.0,0.0,0.0,0.0,0.0,0.0,0.0,3.92918,3.92918
2018-08-02,2.0,2.0,1.0,0.0,0.0,0.0,0.8333333333333334,0.0,0.0,3.92918,3.92918
2018-08-03,0.0,0.0,1.0,1.0,0.0,4.0,1.0,0.0,0.0,3.92918,3.92918
2018-08-04,2.0,0.0,5.0,0.0,0.0,0.0,1.1666666666666667,0.0,0.0,3.92918,3.92918
2018-08-05,0.0,0.0,0.0,0.0,0.0,0.0,0.0,0.0,0.0,3.92918,3.92918
2018-08-06,0.0,0.0,0.0,0.0,0.0,0.0,0.0,0.0,0.0,3.92918,3.92918
2018-08-07,0.0,0.0,0.0,0.0,0.0,0.0,0.0,0.0,0.0,3.92918,3.92918
2018-08-08,0.0,0.0,0.0,0.0,0.0,0.0,0.0,0.0,0.0,3.92918,3.92918
2018-08-09,0.0,0.0,0.0,0.0,0.0,0.0,0.0,0.0,0.0,3.92918,3.92918
2018-08-10,0.0,0.0,0.0,0.0,0.0,0.0,0.0,0.0,0.0,3.92918,3.92918
2018-08-11,0.0,0.0,0.0,0.0,0.0,0.0,0.0,0.0,0.0,3.92918,3.92918
2018-08-12,0.0,0.0,0.0,0.0,0.0,0.0,0.0,0.0,0.0,3.92918,3.92918
2018-08-13,0.0,0.0,0.0,0.0,0.0,0.0,0.0,0.0,0.0,3.92918,3.92918
2018-08-14,0.0,0.0,0.0,0.0,0.0,0.0,0.0,0.0,0.0,3.92918,3.92918
2018-08-15,0.0,0.0,0.0,0.0,0.0,0.0,0.0,0.0,0.0,3.92918,3.92918
2018-08-16,0.0,0.0,0.0,0.0,0.0,0.0,0.0,0.0,0.0,3.92918,3.92918
2018-08-17,0.0,0.0,0.0,0.0,0.0,0.0,0.0,0.0,0.0,3.92918,3.92918
2018-08-18,0.0,0.0,0.0,0.0,0.0,0.0,0.0,0.0,0.0,3.92918,3.92918
2018-08-19,0.0,0.0,0.0,0.0,0.0,0.0,0.0,0.0,0.0,3.92918,3.92918
2018-08-20,0.0,0.0,0.0,0.0,0.0,0.0,0.0,0.0,0.0,3.92918,3.92918
2018-08-21,0.0,0.0,0.0,0.0,0.0,0.0,0.0,0.0,0.0,3.92918,3.92918
2018-08-22,0.0,0.0,0.0,0.0,0.0,13.0,2.1666666666666665,0.0,0.0,3.92918,3.92918
2018-08-23,0.0,0.0,0.0,0.0,0.0,0.0,0.0,0.0,0.0,3.92918,3.92918
2018-08-24,0.0,0.0,0.0,0.0,0.0,0.0,0.0,0.0,0.0,3.92918,3.92918
2018-08-25,0.0,0.0,0.0,0.0,0.0,0.0,0.0,0.0,0.0,3.92918,3.92918
2018-08-26,0.0,0.0,0.0,0.0,0.0,0.0,0.0,0.0,0.0,3.92918,3.92918
2018-08-27,0.0,1.0,2.0,0.0,0.0,0.0,0.5,0.0,0.0,3.92918,3.92918
2018-08-28,0.0,0.0,0.0,0.0,0.0,1.0,0.16666666666666666,0.0,0.0,3.92918,3.92918
2018-08-29,0.0,0.0,0.0,0.0,0.0,0.0,0.0,0.0,0.0,3.92918,3.92918
2018-08-30,0.0,0.0,0.0,0.0,0.0,0.0,0.0,0.0,0.0,3.92918,3.92918
2018-08-31,0.0,0.0,0.0,0.0,0.0,0.0,0.0,0.0,0.0,3.92918,3.92918
2018-09-01,0.0,0.0,0.0,0.0,0.0,2.0,0.3333333333333333,0.0,0.0,3.92918,3.92918
2018-09-02,0.0,0.0,1.0,0.0,0.0,0.0,0.16666666666666666,0.0,0.0,3.92918,3.92918
2018-09-03,0.0,0.0,0.0,0.0,0.0,1.0,0.16666666666666666,0.0,0.0,3.92918,3.92918
2018-09-04,0.0,0.0,0.0,0.0,0.0,0.0,0.0,0.0,0.0,3.92918,3.92918
2018-09-05,0.0,0.0,0.0,0.0,0.0,0.0,0.0,0.0,0.0,3.92918,3.92918
2018-09-06,0.0,0.0,0.0,0.0,0.0,0.0,0.0,0.0,0.0,3.92918,3.92918
2018-09-07,5.0,0.0,13.0,0.0,0.0,0.0,3.0,0.0,0.0,3.92918,3.92918
2018-09-08,0.0,0.0,0.0,0.0,0.0,9.0,1.5,0.0,0.0,3.92918,3.92918
2018-09-09,0.0,0.0,0.0,0.0,0.0,0.0,0.0,0.0,0.0,3.92918,3.92918
2018-09-10,0.0,0.0,0.0,0.0,0.0,0.0,0.0,0.0,0.0,3.92918,3.92918
2018-09-11,0.0,0.0,0.0,0.0,0.0,0.0,0.0,0.0,0.0,3.92918,3.92918
2018-09-12,0.0,0.0,0.0,0.0,0.0,0.0,0.0,0.0,0.0,3.92918,3.92918
2018-09-13,0.0,0.0,0.0,0.0,0.0,0.0,0.0,0.0,0.0,3.92918,3.92918
2018-09-14,0.0,0.0,0.0,0.0,0.0,0.0,0.0,0.0,0.0,3.92918,3.92918
2018-09-15,0.0,0.0,0.0,0.0,0.0,0.0,0.0,0.0,0.0,3.92918,3.92918
2018-09-16,0.0,0.0,0.0,0.0,0.0,0.0,0.0,0.0,0.0,3.92918,3.92918
2018-09-17,0.0,0.0,0.0,0.0,0.0,0.0,0.0,0.0,0.0,3.92918,3.92918
2018-09-18,0.0,3.0,0.0,0.0,0.0,0.0,0.5,0.0,0.0,3.92918,3.92918
2018-09-19,0.0,12.0,9.0,0.0,0.0,0.0,3.5,0.0,0.0,3.92918,3.92918
2018-09-20,0.0,0.0,0.0,8.0,5.0,76.0,14.833333333333334,0.06934145928559335,0.5617942303230942,3.92918,4.490974230323094
2018-09-21,0.0,0.0,0.0,0.0,3.0,0.0,0.5,0.0,0.0,3.92918,3.92918
2018-09-22,0.0,0.0,0.0,0.0,0.0,0.0,0.0,0.0,0.0,3.92918,3.92918
2018-09-23,0.0,0.0,0.0,0.0,0.0,0.0,0.0,0.0,0.0,3.92918,3.92918
2018-09-24,0.0,0.0,0.0,0.0,0.0,0.0,0.0,0.0,0.0,3.92918,3.92918
2018-09-25,0.0,0.0,0.0,0.0,0.0,0.0,0.0,0.0,0.0,3.92918,3.92918
2018-09-26,0.0,0.0,0.0,0.0,0.0,0.0,0.0,0.0,0.0,3.92918,3.92918
2018-09-27,0.0,0.0,0.0,0.0,0.0,0.0,0.0,0.0,0.0,3.92918,3.92918
2018-09-28,0.0,0.0,0.0,0.0,0.0,0.0,0.0,0.0,0.0,3.92918,3.92918
2018-09-29,0.0,0.0,0.0,0.0,0.0,0.0,0.0,0.0,0.0,3.92918,3.92918
2018-09-30,0.0,0.0,0.0,0.0,0.0,0.0,0.0,0.0,0.0,3.92918,3.92918
2018-10-01,0.0,0.0,0.0,0.0,0.0,0.0,0.0,0.0,0.0,3.92918,3.92918
2018-10-02,0.0,0.0,0.0,0.0,0.0,0.0,0.0,0.0,0.0,3.92918,3.92918
2018-10-03,0.0,0.0,0.0,0.0,0.0,0.0,0.0,0.0,0.0,3.92918,3.92918
2018-10-04,0.0,0.0,0.0,0.0,0.0,0.0,0.0,0.0,0.0,3.92918,3.92918
2018-10-05,0.0,0.0,0.0,0.0,0.0,0.0,0.0,0.0,0.0,3.92918,3.92918
2018-10-06,0.0,0.0,0.0,0.0,0.0,0.0,0.0,0.0,0.0,3.92918,3.92918
2018-10-07,0.0,0.0,0.0,0.0,0.0,0.0,0.0,0.0,0.0,3.92918,3.92918
2018-10-08,0.0,0.0,0.0,0.0,0.0,0.0,0.0,0.0,0.0,3.92918,3.92918
2018-10-09,0.0,0.0,0.0,0.0,0.0,0.0,0.0,0.0,0.0,3.92918,3.92918
2018-10-10,0.0,0.0,0.0,0.0,0.0,0.0,0.0,0.0,0.0,3.92918,3.92918
2018-10-11,0.0,0.0,0.0,0.0,0.0,0.0,0.0,0.0,0.0,3.92918,3.92918
2018-10-12,0.0,0.0,0.0,0.0,0.0,0.0,0.0,0.0,0.0,3.92918,3.92918
2018-10-13,0.0,0.0,0.0,0.0,0.0,0.0,0.0,0.0,0.0,3.92918,3.92918
2018-10-14,0.0,0.0,0.0,0.0,0.0,0.0,0.0,0.0,0.0,3.92918,3.92918
2018-10-15,0.0,0.0,0.0,0.0,0.0,0.0,0.0,0.0,0.0,3.92918,3.92918
2018-10-16,1.0,0.0,0.0,0.0,0.0,0.0,0.16666666666666666,0.0,0.0,3.92918,3.92918
2018-10-17,0.0,0.0,0.0,0.0,0.0,3.0,0.5,0.0,0.0,3.92918,3.92918
2018-10-18,0.0,0.0,1.0,0.0,0.0,0.0,0.16666666666666666,0.0,0.0,3.92918,3.92918
2018-10-19,2.0,0.0,0.0,0.0,0.0,0.0,0.3333333333333333,0.0,0.0,3.92918,3.92918
2018-10-20,0.0,0.0,5.0,0.0,0.0,0.0,0.8333333333333334,0.0,0.0,3.92918,3.92918
2018-10-21,1.0,0.0,0.0,3.0,0.0,17.0,3.5,0.0,0.0,3.92918,3.92918
2018-10-22,1.0,0.0,8.0,0.0,0.0,2.0,1.8333333333333333,0.0,0.0,3.92918,3.92918
2018-10-23,2.0,0.0,2.0,0.0,0.0,0.0,0.6666666666666666,0.0,0.0,3.92918,3.92918
2018-10-24,1.0,0.0,3.0,0.0,0.0,4.0,1.3333333333333333,0.0,0.0,3.92918,3.92918
2018-10-25,0.0,0.0,6.0,0.0,0.0,3.0,1.5,0.0,0.0,3.92918,3.92918
2018-10-26,2.0,0.0,0.0,0.0,0.0,2.0,0.6666666666666666,0.0,0.0,3.92918,3.92918
2018-10-27,0.0,0.0,2.0,0.0,0.0,0.0,0.3333333333333333,0.0,0.0,3.92918,3.92918
2018-10-28,0.0,0.0,0.0,0.0,8.0,31.0,6.5,0.0,0.0,3.92918,3.92918
2018-10-29,0.0,0.0,0.0,30.0,0.0,0.0,5.0,0.0,0.0,3.92918,3.92918
2018-10-30,0.0,2.0,7.0,52.0,60.0,98.0,36.5,6.488430698739975,52.56830427219887,11.50009124082983,64.0683955130287
2018-10-31,0.0,0.0,0.0,0.0,0.0,0.0,0.0,0.0,0.0,10.580083941563444,10.580083941563444
2018-11-01,0.0,3.0,0.0,0.0,0.0,0.0,0.5,0.0,0.0,9.733677226238369,9.733677226238369
2018-11-02,0.0,0.0,0.0,0.0,0.0,0.0,0.0,0.0,0.0,8.9549830481393,8.9549830481393
2018-11-03,0.0,0.0,0.0,0.0,0.0,0.0,0.0,0.0,0.0,8.238584404288156,8.238584404288156
2018-11-04,0.0,0.0,0.0,0.0,0.0,0.0,0.0,0.0,0.0,7.579497651945104,7.579497651945104
2018-11-05,175.0,0.0,149.0,0.0,0.0,0.0,54.0,16.275667938931296,131.86305043115632,26.752595404462944,158.61564583561926
2018-11-06,56.0,2.0,58.0,0.0,0.0,88.0,34.0,5.350117924528301,43.3458628144654,31.114267194275723,74.46013000874112
2018-11-07,23.0,18.0,56.0,4.0,2.0,59.0,27.0,2.6284061696658094,21.29495739312577,31.81936942770253,53.114326820828296
2018-11-08,30.0,18.0,20.0,8.0,8.0,31.0,19.166666666666668,0.597681435604256,4.8423264458678155,30.000168840366502,34.84249528623432
2018-11-09,14.0,48.0,21.0,34.0,26.0,34.0,29.5,3.514819427148193,28.47654628476545,31.871637275852002,60.34818356061746
2018-11-10,10.0,16.0,20.0,23.0,14.0,9.0,15.333333333333334,0.10485551075268815,0.8495238139685382,29.449334865879123,30.298858679847662
2018-11-11,2.0,0.0,0.0,58.0,0.0,57.0,19.5,0.6577524893314366,5.3290132237500645,27.892740060171302,33.221753283921366
2018-11-12,7.0,27.0,88.0,0.0,0.0,24.0,24.333333333333332,1.8012570245489494,14.59351756000306,27.850348489358055,42.44386604936111
2018-11-13,2.0,9.0,13.0,0.0,0.0,102.0,21.0,0.9594707520891363,7.773489889611058,26.78834409365107,34.561833983262126
2018-11-14,1.0,29.0,1.0,2.0,0.0,8.0,6.833333333333333,0.0,0.0,24.645276566158984,24.645276566158984
2018-11-15,1.0,0.0,0.0,0.0,0.0,17.0,3.0,0.0,0.0,22.673654440866265,22.673654440866265
2018-11-16,0.0,0.0,0.0,0.0,0.0,0.0,0.0,0.0,0.0,20.859762085596966,20.859762085596966
2018-11-17,1.0,2.0,0.0,0.0,0.0,0.0,0.5,0.0,0.0,19.19098111874921,19.19098111874921
2018-11-18,0.0,0.0,0.0,0.0,0.0,0.0,0.0,0.0,0.0,17.655702629249273,17.655702629249273
2018-11-19,0.0,0.0,0.0,0.0,0.0,0.0,0.0,0.0,0.0,16.243246418909333,16.243246418909333
2018-11-20,0.0,0.0,1.0,0.0,0.0,0.0,0.16666666666666666,0.0,0.0,14.943786705396587,14.943786705396587
2018-11-21,0.0,0.0,0.0,0.0,0.0,0.0,0.0,0.0,0.0,13.74828376896486,13.74828376896486
2018-11-22,0.0,0.0,0.0,0.0,0.0,0.0,0.0,0.0,0.0,12.648421067447671,12.648421067447671
2018-11-23,0.0,0.0,1.0,0.0,0.0,0.0,0.16666666666666666,0.0,0.0,11.636547382051859,11.636547382051859
2018-11-24,0.0,0.0,0.0,0.0,0.0,0.0,0.0,0.0,0.0,10.705623591487711,10.705623591487711
2018-11-25,3.0,35.0,1.0,0.0,0.0,0.0,6.5,0.0,0.0,9.849173704168695,9.849173704168695
2018-11-26,1.0,16.0,1.0,10.0,2.0,23.0,8.833333333333334,0.0,0.0,9.0612398078352,9.0612398078352
2018-11-27,139.0,49.0,122.0,19.0,31.0,12.0,62.0,21.546897163120565,174.56976868268976,34.521805925611844,209.09157460830158
2018-11-28,0.0,23.0,1.0,20.0,25.0,164.0,38.833333333333336,7.619387628610388,61.731149768834165,41.01973391688802,102.75088368572219
2018-11-29,64.0,45.0,49.0,0.0,0.0,0.0,26.333333333333332,2.4096946125036007,19.522988758709726,40.66660351734344,60.18959227605316
2018-11-30,25.0,12.0,21.0,2.0,1.0,0.0,10.166666666666666,0.0,0.0,37.413275235955965,37.413275235955965
2018-12-01,0.0,0.0,0.0,1.0,0.0,12.0,2.1666666666666665,0.0,0.0,34.420213217079485,34.420213217079485
2018-12-02,0.0,1.0,1.0,0.0,0.0,2.0,0.6666666666666666,0.0,0.0,31.666596159713126,31.666596159713126
2018-12-03,10.0,6.0,24.0,0.0,0.0,0.0,6.666666666666667,0.0,0.0,29.133268466936077,29.133268466936077
2018-12-04,65.0,24.0,107.0,3.0,1.0,13.0,35.5,6.023638470451911,48.802626496716876,34.123000964088725,82.9256274608056
2018-12-05,14.0,2.0,15.0,13.0,5.0,37.0,14.333333333333334,0.04095871716137835,0.33184145848338936,31.442937105734135,31.774778564217524
2018-12-06,1.0,0.0,3.0,1.0,11.0,26.0,7.0,0.0,0.0,28.927502137275404,28.927502137275404
2018-12-07,90.0,4.0,140.0,7.0,5.0,7.0,42.166666666666664,9.339739452611447,75.66918537995384,37.96367977328645,113.63286515324029
2018-12-08,0.0,0.0,0.0,6.0,3.0,9.0,3.0,0.0,0.0,34.92658539142354,34.92658539142354
2018-12-09,0.0,1.0,2.0,0.0,0.0,0.0,0.5,0.0,0.0,32.132458560109654,32.132458560109654
2018-12-10,3.0,0.0,3.0,0.0,0.0,0.0,1.0,0.0,0.0,29.561861875300885,29.561861875300885
2018-12-11,0.0,0.0,0.0,0.0,0.0,20.0,3.3333333333333335,0.0,0.0,27.196912925276816,27.196912925276816
2018-12-12,0.0,0.0,0.0,0.0,0.0,0.0,0.0,0.0,0.0,25.021159891254673,25.021159891254673
2018-12-13,1.0,2.0,0.0,0.0,0.0,0.0,0.5,0.0,0.0,23.0194670999543,23.0194670999543
2018-12-14,0.0,3.0,4.0,0.0,0.0,0.0,1.1666666666666667,0.0,0.0,21.177909731957957,21.177909731957957
2018-12-15,27.0,35.0,76.0,4.0,0.0,0.0,23.666666666666668,1.6150552074007758,13.084938022922952,21.446417656839763,34.53135567976271
2018-12-16,10.0,2.0,11.0,8.0,13.0,234.0,46.333333333333336,11.645859071150767,94.35302488200853,33.88365797659386,128.2366828586024
2018-12-17,0.0,0.0,1.0,0.0,0.0,8.0,1.5,0.0,0.0,31.17296533846635,31.17296533846635
2018-12-18,2.0,0.0,0.0,0.0,0.0,0.0,0.3333333333333333,0.0,0.0,28.679128111389044,28.679128111389044
2018-12-19,0.0,0.0,0.0,0.0,0.0,3.0,0.5,0.0,0.0,26.38479786247792,26.38479786247792
2018-12-20,64.0,54.0,65.0,0.0,0.0,0.0,30.5,3.8971709717097163,31.574301854129644,29.010159311599132,60.584461165728776
2018-12-21,0.0,0.0,1.0,23.0,46.0,67.0,22.833333333333332,1.3945374981137764,11.298336211569946,28.384096998406694,39.68243320997664
2018-12-22,16.0,1.0,17.0,2.0,0.0,4.0,6.666666666666667,0.0,0.0,26.11336923853416,26.11336923853416
2018-12-23,6.0,4.0,13.0,0.0,4.0,25.0,8.666666666666666,0.0,0.0,24.024299699451426,24.024299699451426
2018-12-24,10.0,10.0,5.0,10.0,1.0,11.0,7.833333333333333,0.0,0.0,22.10235572349531,22.10235572349531
2018-12-25,16.0,40.0,16.0,15.0,1.0,4.0,15.333333333333334,0.10485551075268815,0.8495238139685382,20.461595837710966,21.311119651679505
2018-12-26,14.0,6.0,1.0,2.0,12.0,48.0,13.833333333333334,0.019872786659790257,0.16100637340107846,18.84881912670425,19.00982550010533
2018-12-27,0.0,0.0,0.0,0.0,2.0,0.0,0.3333333333333333,0.0,0.0,17.340913596567912,17.340913596567912
2018-12-28,0.0,0.0,2.0,0.0,0.0,0.0,0.3333333333333333,0.0,0.0,15.95364050884248,15.95364050884248
2018-12-29,5.0,3.0,10.0,0.0,0.0,0.0,3.0,0.0,0.0,14.677349268135082,14.677349268135082
2018-12-30,0.0,0.0,0.0,0.0,0.0,0.0,0.0,0.0,0.0,13.503161326684276,13.503161326684276
2018-12-31,0.0,0.0,0.0,0.0,0.0,0.0,0.0,0.0,0.0,12.422908420549534,12.422908420549534
2019-01-01,1.0,2.0,3.0,2.0,0.0,0.0,1.3333333333333333,0.0,0.0,11.429075746905571,11.429075746905571
2019-01-02,22.0,17.0,32.0,2.0,2.0,2.0,12.833333333333334,0.0002793783830976059,0.002263482270466714,10.515089209493695,10.517352691764161
2019-01-03,0.0,3.0,0.0,14.0,3.0,3.0,3.8333333333333335,0.0,0.0,9.6738820727342,9.6738820727342
2019-01-04,0.0,3.0,0.0,2.0,1.0,0.0,1.0,0.0,0.0,8.899971506915465,8.899971506915465
2019-01-05,0.0,0.0,0.0,1.0,3.0,24.0,4.666666666666667,0.0,0.0,8.187973786362228,8.187973786362228
2019-01-06,0.0,4.0,0.0,3.0,3.0,0.0,1.6666666666666667,0.0,0.0,7.53293588345325,7.53293588345325
2019-01-07,7.0,12.0,15.0,23.0,46.0,0.0,17.166666666666668,0.29354258623508256,2.3782385458860853,7.287036794659903,9.665275340545989
2019-01-08,1.0,0.0,4.0,10.0,0.0,9.0,4.0,0.0,0.0,6.704073851087111,6.704073851087111
2019-01-09,4.0,6.0,5.0,0.0,0.0,0.0,2.5,0.0,0.0,6.167747943000142,6.167747943000142
2019-01-10,0.0,5.0,0.0,16.0,11.0,12.0,7.333333333333333,0.0,0.0,5.6743281075601315,5.6743281075601315
2019-01-11,35.0,31.0,35.0,2.0,0.0,0.0,17.166666666666668,0.29354258623508256,2.3782385458860853,5.5771176408382335,7.955356186724319
2019-01-12,17.0,0.0,9.0,0.0,2.0,0.0,4.666666666666667,0.0,0.0,5.130948229571175,5.130948229571175
2019-01-13,2.0,9.0,4.0,0.0,0.0,0.0,2.5,0.0,0.0,4.720472371205481,4.720472371205481
2019-01-14,7.0,17.0,33.0,22.0,16.0,12.0,17.833333333333332,0.38394042415411983,3.1106284364338412,4.809428846974119,7.92005728340796
2019-01-15,79.0,19.0,38.0,35.0,45.0,38.0,42.333333333333336,9.42878787878788,76.39064253647588,15.883270919687572,92.27391345616346
2019-01-16,17.0,4.0,28.0,37.0,36.0,55.0,29.5,3.514819427148193,28.47654628476545,18.884091188827384,47.36063747359283
2019-01-17,22.0,43.0,45.0,4.0,5.0,13.0,22.0,1.1880494505494503,9.625400641025639,18.81717398987504,28.44257463090068
2019-01-18,1.0,7.0,2.0,54.0,30.0,25.0,19.833333333333332,0.720402705678779,5.836595995082701,18.187289469947444,24.023885465030144
2019-01-19,2.0,2.0,0.0,34.0,2.0,2.0,7.0,0.0,0.0,16.73230631235165,16.73230631235165
2019-01-20,5.0,10.0,9.0,1.0,0.0,1.0,4.333333333333333,0.0,0.0,15.393721807363518,15.393721807363518
2019-01-21,75.0,25.0,87.0,13.0,3.0,2.0,34.166666666666664,5.423512488557602,43.940494698962056,20.753298267618746,64.6937929665808
2019-01-22,40.0,18.0,46.0,23.0,13.0,29.0,28.166666666666668,3.0293513437456028,24.543355794235207,22.77453777534453,47.31789356957974
2019-01-23,3.0,2.0,6.0,19.0,33.0,33.0,16.0,0.1630239520958083,1.320795908183632,21.150694139544516,22.47149004772815
2019-01-24,18.0,14.0,14.0,2.0,7.0,15.0,11.666666666666666,0.0,0.0,19.458638608380955,19.458638608380955
2019-01-25,16.0,20.0,19.0,15.0,19.0,29.0,19.666666666666668,0.6887574897508673,5.580211143814896,18.738979191282713,24.31919033509761
2019-01-26,2.0,0.0,2.0,7.0,7.0,13.0,5.166666666666667,0.0,0.0,17.239860855980098,17.239860855980098
2019-01-27,6.0,0.0,0.0,0.0,5.0,0.0,1.8333333333333333,0.0,0.0,15.860671987501691,15.860671987501691
2019-01-28,0.0,0.0,0.0,0.0,3.0,0.0,0.5,0.0,0.0,14.591818228501557,14.591818228501557
2019-01-29,0.0,0.0,0.0,0.0,0.0,0.0,0.0,0.0,0.0,13.424472770221433,13.424472770221433
2019-01-30,50.0,63.0,44.0,0.0,0.0,0.0,26.166666666666668,2.356229247870651,19.08982029524833,15.213987992890967,34.303808288139294
2019-01-31,30.0,9.0,1.0,26.0,0.0,126.0,32.0,4.49867149758454,36.44757000357844,19.464004453996456,55.9115744575749
2019-02-01,5.0,7.0,4.0,3.0,5.0,0.0,4.0,0.0,0.0,17.90688409767674,17.90688409767674
2019-02-02,0.0,3.0,1.0,14.0,5.0,13.0,6.0,0.0,0.0,16.474333369862602,16.474333369862602
2019-02-03,0.0,12.0,0.0,3.0,0.0,5.0,3.3333333333333335,0.0,0.0,15.156386700273595,15.156386700273595
2019-02-04,1.0,4.0,1.0,12.0,0.0,0.0,3.0,0.0,0.0,13.943875764251707,13.943875764251707
2019-02-05,2.0,0.0,1.0,2.0,4.0,3.0,2.0,0.0,0.0,12.828365703111572,12.828365703111572
2019-02-06,0.0,4.0,5.0,0.0,1.0,0.0,1.6666666666666667,0.0,0.0,11.802096446862647,11.802096446862647
2019-02-07,4.0,31.0,2.0,0.0,1.0,3.0,6.833333333333333,0.0,0.0,10.857928731113637,10.857928731113637
2019-02-08,8.0,2.0,2.0,0.0,0.0,2.0,2.3333333333333335,0.0,0.0,9.989294432624545,9.989294432624545
2019-02-09,1.0,2.0,0.0,4.0,0.0,0.0,1.1666666666666667,0.0,0.0,9.190150878014583,9.190150878014583
2019-02-10,3.0,0.0,5.0,0.0,0.0,0.0,1.3333333333333333,0.0,0.0,8.454938807773416,8.454938807773416
2019-02-11,0.0,0.0,0.0,0.0,1.0,16.0,2.8333333333333335,0.0,0.0,7.778543703151543,7.778543703151543
2019-02-12,0.0,0.0,0.0,0.0,0.0,0.0,0.0,0.0,0.0,7.15626020689942,7.15626020689942
2019-02-13,1.0,8.0,0.0,0.0,0.0,0.0,1.5,0.0,0.0,6.583759390347467,6.583759390347467
2019-02-14,4.0,2.0,4.0,2.0,8.0,2.0,3.6666666666666665,0.0,0.0,6.05705863911967,6.05705863911967
2019-02-15,0.0,1.0,10.0,20.0,8.0,0.0,6.5,0.0,0.0,5.572493947990097,5.572493947990097
2019-02-16,17.0,40.0,57.0,4.0,1.0,0.0,19.833333333333332,0.720402705678779,5.836595995082701,6.002183831413294,11.838779826495994
2019-02-17,9.0,10.0,8.0,11.0,12.0,12.0,10.333333333333334,0.0,0.0,5.522009124900231,5.522009124900231
2019-02-18,0.0,12.0,0.0,3.0,20.0,0.0,5.833333333333333,0.0,0.0,5.080248394908213,5.080248394908213
2019-02-19,17.0,7.0,5.0,14.0,1.0,0.0,7.333333333333333,0.0,0.0,4.673828523315556,4.673828523315556
2019-02-20,43.0,10.0,73.0,18.0,38.0,4.0,31.0,4.094009779951099,33.1690607171964,9.275281349029772,42.44434206622617
2019-02-21,0.0,73.0,16.0,40.0,8.0,119.0,42.666666666666664,9.607715168806465,77.84028493245978,20.20930158097636,98.04958651343614
2019-02-22,0.0,10.0,0.0,3.0,31.0,42.0,14.333333333333334,0.04095871716137835,0.33184145848338936,18.64233367327076,18.974175131754148
2019-02-23,0.0,4.0,0.0,8.0,9.0,17.0,6.333333333333333,0.0,0.0,17.1509469794091,17.1509469794091
2019-02-24,0.0,16.0,1.0,3.0,14.0,1.0,5.833333333333333,0.0,0.0,15.778871221056372,15.778871221056372
2019-02-25,0.0,4.0,0.0,3.0,47.0,5.0,9.833333333333334,0.0,0.0,14.516561523371863,14.516561523371863
2019-02-26,0.0,0.0,0.0,11.0,0.0,3.0,2.3333333333333335,0.0,0.0,13.355236601502114,13.355236601502114
2019-02-27,0.0,1.0,1.0,0.0,4.0,0.0,1.0,0.0,0.0,12.286817673381945,12.286817673381945
2019-02-28,0.0,0.0,2.0,5.0,0.0,34.0,6.833333333333333,0.0,0.0,11.30387225951139,11.30387225951139
2019-03-01,46.0,59.0,53.0,23.0,8.0,0.0,31.5,4.294532199270959,34.79366365150082,15.618612026475603,50.412275677976425
2019-03-02,2.0,6.0,26.0,73.0,56.0,17.0,30.0,3.7040841584158404,30.009941098276485,18.87061422909903,48.88055532737552
2019-03-03,0.0,33.0,4.0,33.0,28.0,7.0,17.5,0.3373352855051243,2.7330405075646644,17.770921166905808,20.50396167447047
2019-03-04,3.0,55.0,5.0,27.0,29.0,0.0,19.833333333333332,0.720402705678779,5.836595995082701,17.22473687281575,23.06133286789845
2019-03-05,47.0,18.0,44.0,51.0,15.0,0.0,29.166666666666668,3.3908017229401146,27.47177321826482,19.967523905730214,47.43929712399503
2019-03-06,101.0,128.0,114.0,14.0,16.0,21.0,65.66666666666667,24.08816065636329,195.15870902146182,47.643928346491066,242.80263736795288
2019-03-07,5.0,5.0,7.0,138.0,157.0,102.0,69.0,26.458180300500832,214.36025706424283,75.98645263840821,290.346709702651
2019-03-08,1.0,0.0,0.0,3.0,4.0,5.0,2.1666666666666665,0.0,0.0,69.90753642733556,69.90753642733556
2019-03-09,0.0,5.0,0.0,0.0,0.0,0.0,0.8333333333333334,0.0,0.0,64.31493351314872,64.31493351314872
2019-03-10,2.0,2.0,5.0,0.0,0.0,4.0,2.1666666666666665,0.0,0.0,59.16973883209682,59.16973883209682
2019-03-11,0.0,2.0,1.0,0.0,0.0,0.0,0.5,0.0,0.0,54.43615972552907,54.43615972552907
2019-03-12,17.0,1.0,3.0,0.0,0.0,3.0,4.0,0.0,0.0,50.081266947486746,50.081266947486746
2019-03-13,0.0,4.0,0.0,0.0,5.0,9.0,3.0,0.0,0.0,46.07476559168781,46.07476559168781
2019-03-14,3.0,1.0,9.0,3.0,0.0,0.0,2.6666666666666665,0.0,0.0,42.388784344352786,42.388784344352786
2019-03-15,78.0,39.0,85.0,8.0,5.0,8.0,37.166666666666664,6.805052418845519,55.13352654157249,47.267710578040436,102.40123711961293
2019-03-16,26.0,21.0,34.0,41.0,33.0,65.0,36.666666666666664,6.5670858739837366,53.205556849405276,51.467127259208,104.67268410861328
2019-03-17,29.0,36.0,36.0,20.0,27.0,54.0,33.666666666666664,5.204433043935803,42.165545494850264,53.6745889026989,95.84013439754916
2019-03-18,9.0,10.0,0.0,30.0,19.0,9.0,12.833333333333334,0.0002793783830976059,0.002263482270466714,49.38096131282356,49.38322479509402
2019-03-19,18.0,64.0,20.0,15.0,11.0,2.0,21.666666666666668,1.1094909536951854,8.988931337808214,46.77882410846891,55.76775544627712
2019-03-20,0.0,0.0,0.0,85.0,11.0,28.0,20.666666666666668,0.8880752487562189,7.195054098719367,44.11577629459931,51.310830393318675
2019-03-21,3.0,3.0,1.0,0.0,2.0,1.0,1.6666666666666667,0.0,0.0,40.58651419103136,40.58651419103136
2019-03-22,1.0,29.0,3.0,1.0,0.0,9.0,7.166666666666667,0.0,0.0,37.33959305574886,37.33959305574886
2019-03-23,8.0,7.0,22.0,29.0,18.0,10.0,15.666666666666666,0.13241390839184206,1.072797868915387,34.51334529162626,35.586143160541646
2019-03-24,1.0,0.0,0.0,7.0,9.0,14.0,5.166666666666667,0.0,0.0,31.75227766829616,31.75227766829616
2019-03-25,5.0,0.0,0.0,0.0,1.0,0.0,1.0,0.0,0.0,29.21209545483247,29.21209545483247
2019-03-26,0.0,0.0,0.0,0.0,0.0,0.0,0.0,0.0,0.0,26.875127818445872,26.875127818445872
2019-03-27,0.0,0.0,1.0,0.0,0.0,0.0,0.16666666666666666,0.0,0.0,24.725117592970204,24.725117592970204
2019-03-28,0.0,1.0,0.0,2.0,0.0,5.0,1.3333333333333333,0.0,0.0,22.74710818553259,22.74710818553259
2019-03-29,0.0,0.0,0.0,36.0,40.0,3.0,13.166666666666666,0.003404550981413907,0.027583167673492306,20.931477005841007,20.959060173514498
2019-03-30,0.0,23.0,0.0,5.0,0.0,0.0,4.666666666666667,0.0,0.0,19.256958845373727,19.256958845373727
2019-03-31,0.0,0.0,0.0,0.0,0.0,0.0,0.0,0.0,0.0,17.71640213774383,17.71640213774383
2019-04-01,0.0,0.0,0.0,0.0,0.0,0.0,0.0,0.0,0.0,16.299089966724324,16.299089966724324
2019-04-02,0.0,0.0,0.0,52.0,0.0,0.0,8.666666666666666,0.0,0.0,14.99516276938638,14.99516276938638
2019-04-03,2.0,12.0,0.0,0.0,0.0,0.0,2.3333333333333335,0.0,0.0,13.79554974783547,13.79554974783547
2019-04-04,0.0,19.0,0.0,0.0,1.0,6.0,4.333333333333333,0.0,0.0,12.691905768008633,12.691905768008633
2019-04-05,1.0,14.0,2.0,4.0,0.0,0.0,3.5,0.0,0.0,11.676553306567943,11.676553306567943
2019-04-06,32.0,15.0,43.0,25.0,34.0,19.0,28.0,2.970685279187817,24.06805203045685,14.352636846611034,38.42068887706789
2019-04-07,2.0,0.0,0.0,32.0,3.0,21.0,9.666666666666666,0.0,0.0,13.204425898882151,13.204425898882151
2019-04-08,0.0,3.0,0.0,0.0,7.0,0.0,1.6666666666666667,0.0,0.0,12.148071826971579,12.148071826971579
2019-04-09,0.0,0.0,2.0,14.0,8.0,0.0,4.0,0.0,0.0,11.176226080813853,11.176226080813853
2019-04-10,0.0,3.0,0.0,0.0,0.0,0.0,0.5,0.0,0.0,10.282127994348745,10.282127994348745
2019-04-11,0.0,2.0,0.0,0.0,0.0,0.0,0.3333333333333333,0.0,0.0,9.459557754800846,9.459557754800846
2019-04-12,0.0,0.0,0.0,0.0,0.0,0.0,0.0,0.0,0.0,8.702793134416778,8.702793134416778
2019-04-13,0.0,0.0,5.0,0.0,0.0,0.0,0.8333333333333334,0.0,0.0,8.006569683663436,8.006569683663436
2019-04-14,0.0,0.0,0.0,13.0,3.0,0.0,2.6666666666666665,0.0,0.0,7.366044108970361,7.366044108970361
2019-04-15,0.0,31.0,0.0,2.0,0.0,0.0,5.5,0.0,0.0,6.776760580252732,6.776760580252732
2019-04-16,1.0,36.0,0.0,0.0,26.0,9.0,12.0,0.0,0.0,6.234619733832514,6.234619733832514
2019-04-17,3.0,8.0,18.0,15.0,11.0,24.0,13.166666666666666,0.003404550981413907,0.027583167673492306,5.739987630276937,5.7675707979504285
2019-04-18,0.0,0.0,0.0,5.0,0.0,4.0,1.5,0.0,0.0,5.280788619854782,5.280788619854782
2019-04-19,7.0,36.0,16.0,0.0,0.0,0.0,9.833333333333334,0.0,0.0,4.8583255302663995,4.8583255302663995
2019-04-20,0.0,0.0,0.0,1.0,8.0,2.0,1.8333333333333333,0.0,0.0,4.469659487845088,4.469659487845088
2019-04-21,0.0,0.0,0.0,0.0,0.0,0.0,0.0,0.0,0.0,4.112086728817481,4.112086728817481
2019-04-22,0.0,2.0,0.0,0.0,0.0,0.0,0.3333333333333333,0.0,0.0,3.92918,3.92918
2019-04-23,0.0,0.0,0.0,0.0,5.0,0.0,0.8333333333333334,0.0,0.0,3.92918,3.92918
2019-04-24,0.0,5.0,0.0,0.0,1.0,0.0,1.0,0.0,0.0,3.92918,3.92918
2019-04-25,0.0,0.0,0.0,0.0,4.0,0.0,0.6666666666666666,0.0,0.0,3.92918,3.92918
2019-04-26,0.0,0.0,0.0,0.0,0.0,0.0,0.0,0.0,0.0,3.92918,3.92918
2019-04-27,0.0,18.0,0.0,0.0,0.0,0.0,3.0,0.0,0.0,3.92918,3.92918
2019-04-28,1.0,46.0,2.0,23.0,28.0,0.0,16.666666666666668,0.23321805006587618,1.8894980908114967,3.92918,5.818678090811497
2019-04-29,0.0,9.0,0.0,0.0,0.0,0.0,1.5,0.0,0.0,3.92918,3.92918
2019-04-30,0.0,0.0,0.0,0.0,0.0,0.0,0.0,0.0,0.0,3.92918,3.92918
2019-05-01,0.0,1.0,0.0,25.0,25.0,0.0,8.5,0.0,0.0,3.92918,3.92918
2019-05-02,0.0,0.0,0.0,53.0,1.0,0.0,9.0,0.0,0.0,3.92918,3.92918
2019-05-03,0.0,0.0,0.0,0.0,0.0,0.0,0.0,0.0,0.0,3.92918,3.92918
2019-05-04,0.0,0.0,0.0,0.0,0.0,0.0,0.0,0.0,0.0,3.92918,3.92918
2019-05-05,0.0,0.0,0.0,0.0,0.0,0.0,0.0,0.0,0.0,3.92918,3.92918
2019-05-06,0.0,37.0,0.0,0.0,0.0,0.0,6.166666666666667,0.0,0.0,3.92918,3.92918
2019-05-07,0.0,5.0,10.0,0.0,0.0,0.0,2.5,0.0,0.0,3.92918,3.92918
2019-05-08,0.0,0.0,0.0,13.0,0.0,0.0,2.1666666666666665,0.0,0.0,3.92918,3.92918
2019-05-09,0.0,0.0,0.0,0.0,0.0,0.0,0.0,0.0,0.0,3.92918,3.92918
2019-05-10,0.0,0.0,0.0,0.0,0.0,0.0,0.0,0.0,0.0,3.92918,3.92918
2019-05-11,0.0,0.0,0.0,0.0,0.0,0.0,0.0,0.0,0.0,3.92918,3.92918
2019-05-12,0.0,0.0,0.0,0.0,0.0,0.0,0.0,0.0,0.0,3.92918,3.92918
2019-05-13,0.0,1.0,0.0,0.0,0.0,0.0,0.16666666666666666,0.0,0.0,3.92918,3.92918
2019-05-14,0.0,0.0,0.0,0.0,0.0,0.0,0.0,0.0,0.0,3.92918,3.92918
2019-05-15,0.0,0.0,0.0,0.0,0.0,0.0,0.0,0.0,0.0,3.92918,3.92918
2019-05-16,0.0,0.0,0.0,0.0,0.0,0.0,0.0,0.0,0.0,3.92918,3.92918
2019-05-17,0.0,0.0,0.0,0.0,0.0,0.0,0.0,0.0,0.0,3.92918,3.92918
2019-05-18,0.0,0.0,0.0,0.0,0.0,0.0,0.0,0.0,0.0,3.92918,3.92918
2019-05-19,0.0,0.0,0.0,0.0,0.0,0.0,0.0,0.0,0.0,3.92918,3.92918
2019-05-20,0.0,0.0,0.0,0.0,0.0,0.0,0.0,0.0,0.0,3.92918,3.92918
2019-05-21,0.0,0.0,0.0,0.0,0.0,0.0,0.0,0.0,0.0,3.92918,3.92918
2019-05-22,0.0,0.0,0.0,0.0,0.0,0.0,0.0,0.0,0.0,3.92918,3.92918
2019-05-23,0.0,0.0,0.0,0.0,0.0,0.0,0.0,0.0,0.0,3.92918,3.92918
2019-05-24,0.0,0.0,0.0,0.0,1.0,3.0,0.6666666666666666,0.0,0.0,3.92918,3.92918
2019-05-25,1.0,0.0,3.0,0.0,0.0,0.0,0.6666666666666666,0.0,0.0,3.92918,3.92918
2019-05-26,0.0,0.0,1.0,0.0,2.0,0.0,0.5,0.0,0.0,3.92918,3.92918
2019-05-27,0.0,0.0,0.0,1.0,1.0,0.0,0.3333333333333333,0.0,0.0,3.92918,3.92918
2019-05-28,0.0,0.0,0.0,0.0,0.0,0.0,0.0,0.0,0.0,3.92918,3.92918
2019-05-29,0.0,4.0,0.0,0.0,0.0,0.0,0.6666666666666666,0.0,0.0,3.92918,3.92918
2019-05-30,0.0,0.0,0.0,0.0,0.0,0.0,0.0,0.0,0.0,3.92918,3.92918
2019-05-31,0.0,0.0,0.0,0.0,0.0,0.0,0.0,0.0,0.0,3.92918,3.92918
2019-06-01,0.0,0.0,0.0,0.0,0.0,0.0,0.0,0.0,0.0,3.92918,3.92918
2019-06-02,0.0,0.0,0.0,0.0,0.0,0.0,0.0,0.0,0.0,3.92918,3.92918
2019-06-03,0.0,0.0,0.0,0.0,0.0,0.0,0.0,0.0,0.0,3.92918,3.92918
2019-06-04,0.0,0.0,0.0,0.0,0.0,0.0,0.0,0.0,0.0,3.92918,3.92918
2019-06-05,0.0,0.0,0.0,0.0,0.0,0.0,0.0,0.0,0.0,3.92918,3.92918
2019-06-06,0.0,0.0,0.0,0.0,0.0,0.0,0.0,0.0,0.0,3.92918,3.92918
2019-06-07,0.0,0.0,0.0,0.0,0.0,0.0,0.0,0.0,0.0,3.92918,3.92918
2019-06-08,0.0,0.0,0.0,0.0,0.0,0.0,0.0,0.0,0.0,3.92918,3.92918
2019-06-09,0.0,0.0,0.0,0.0,0.0,0.0,0.0,0.0,0.0,3.92918,3.92918
2019-06-10,0.0,0.0,0.0,0.0,0.0,0.0,0.0,0.0,0.0,3.92918,3.92918
2019-06-11,0.0,0.0,0.0,0.0,0.0,0.0,0.0,0.0,0.0,3.92918,3.92918
2019-06-12,0.0,0.0,0.0,0.0,0.0,0.0,0.0,0.0,0.0,3.92918,3.92918
2019-06-13,0.0,0.0,0.0,0.0,0.0,0.0,0.0,0.0,0.0,3.92918,3.92918
2019-06-14,0.0,0.0,1.0,0.0,0.0,0.0,0.16666666666666666,0.0,0.0,3.92918,3.92918
2019-06-15,0.0,0.0,0.0,0.0,0.0,2.0,0.3333333333333333,0.0,0.0,3.92918,3.92918
2019-06-16,0.0,0.0,0.0,0.0,0.0,0.0,0.0,0.0,0.0,3.92918,3.92918
2019-06-17,0.0,0.0,0.0,0.0,0.0,0.0,0.0,0.0,0.0,3.92918,3.92918
2019-06-18,0.0,0.0,0.0,0.0,0.0,0.0,0.0,0.0,0.0,3.92918,3.92918
2019-06-19,0.0,0.0,0.0,0.0,0.0,0.0,0.0,0.0,0.0,3.92918,3.92918
2019-06-20,0.0,0.0,0.0,0.0,0.0,0.0,0.0,0.0,0.0,3.92918,3.92918
2019-06-21,0.0,0.0,0.0,0.0,0.0,0.0,0.0,0.0,0.0,3.92918,3.92918
2019-06-22,0.0,0.0,0.0,0.0,0.0,0.0,0.0,0.0,0.0,3.92918,3.92918
2019-06-23,0.0,0.0,0.0,0.0,0.0,0.0,0.0,0.0,0.0,3.92918,3.92918
2019-06-24,0.0,0.0,0.0,0.0,0.0,0.0,0.0,0.0,0.0,3.92918,3.92918
2019-06-25,0.0,0.0,0.0,0.0,0.0,0.0,0.0,0.0,0.0,3.92918,3.92918
2019-06-26,0.0,0.0,0.0,0.0,0.0,0.0,0.0,0.0,0.0,3.92918,3.92918
2019-06-27,0.0,0.0,0.0,0.0,0.0,0.0,0.0,0.0,0.0,3.92918,3.92918
2019-06-28,0.0,0.0,0.0,0.0,0.0,0.0,0.0,0.0,0.0,3.92918,3.92918
2019-06-29,0.0,0.0,0.0,0.0,0.0,0.0,0.0,0.0,0.0,3.92918,3.92918
2019-06-30,0.0,0.0,0.0,0.0,0.0,0.0,0.0,0.0,0.0,3.92918,3.92918
2019-07-01,0.0,0.0,0.0,0.0,0.0,0.0,0.0,0.0,0.0,3.92918,3.92918
2019-07-02,0.0,0.0,0.0,0.0,0.0,0.0,0.0,0.0,0.0,3.92918,3.92918
2019-07-03,0.0,0.0,0.0,0.0,0.0,0.0,0.0,0.0,0.0,3.92918,3.92918
2019-07-04,0.0,8.0,0.0,0.0,0.0,0.0,1.3333333333333333,0.0,0.0,3.92918,3.92918
2019-07-05,0.0,0.0,0.0,0.0,0.0,4.0,0.6666666666666666,0.0,0.0,3.92918,3.92918
2019-07-06,0.0,0.0,0.0,0.0,0.0,0.0,0.0,0.0,0.0,3.92918,3.92918
2019-07-07,0.0,0.0,0.0,0.0,0.0,0.0,0.0,0.0,0.0,3.92918,3.92918
2019-07-08,0.0,0.0,0.0,0.0,0.0,0.0,0.0,0.0,0.0,3.92918,3.92918
2019-07-09,0.0,0.0,0.0,0.0,0.0,0.0,0.0,0.0,0.0,3.92918,3.92918
2019-07-10,0.0,0.0,0.0,0.0,0.0,0.0,0.0,0.0,0.0,3.92918,3.92918
2019-07-11,0.0,0.0,0.0,0.0,0.0,0.0,0.0,0.0,0.0,3.92918,3.92918
2019-07-12,0.0,0.0,0.0,0.0,0.0,0.0,0.0,0.0,0.0,3.92918,3.92918
2019-07-13,0.0,0.0,0.0,0.0,0.0,0.0,0.0,0.0,0.0,3.92918,3.92918
2019-07-14,0.0,0.0,0.0,0.0,0.0,0.0,0.0,0.0,0.0,3.92918,3.92918
2019-07-15,0.0,0.0,0.0,0.0,0.0,0.0,0.0,0.0,0.0,3.92918,3.92918
2019-07-16,0.0,0.0,0.0,0.0,0.0,0.0,0.0,0.0,0.0,3.92918,3.92918
2019-07-17,0.0,0.0,0.0,0.0,0.0,0.0,0.0,0.0,0.0,3.92918,3.92918
2019-07-18,0.0,0.0,0.0,0.0,0.0,0.0,0.0,0.0,0.0,3.92918,3.92918
2019-07-19,0.0,0.0,2.0,0.0,0.0,0.0,0.3333333333333333,0.0,0.0,3.92918,3.92918
2019-07-20,0.0,0.0,0.0,0.0,0.0,0.0,0.0,0.0,0.0,3.92918,3.92918
2019-07-21,0.0,0.0,0.0,0.0,0.0,0.0,0.0,0.0,0.0,3.92918,3.92918
2019-07-22,0.0,0.0,0.0,0.0,0.0,0.0,0.0,0.0,0.0,3.92918,3.92918
2019-07-23,0.0,0.0,0.0,0.0,0.0,0.0,0.0,0.0,0.0,3.92918,3.92918
2019-07-24,0.0,0.0,0.0,0.0,0.0,0.0,0.0,0.0,0.0,3.92918,3.92918
2019-07-25,0.0,0.0,0.0,0.0,0.0,0.0,0.0,0.0,0.0,3.92918,3.92918
2019-07-26,0.0,0.0,0.0,0.0,0.0,0.0,0.0,0.0,0.0,3.92918,3.92918
2019-07-27,0.0,0.0,0.0,0.0,0.0,0.0,0.0,0.0,0.0,3.92918,3.92918
2019-07-28,0.0,0.0,0.0,0.0,0.0,0.0,0.0,0.0,0.0,3.92918,3.92918
2019-07-29,0.0,0.0,0.0,0.0,0.0,0.0,0.0,0.0,0.0,3.92918,3.92918
2019-07-30,0.0,0.0,0.0,0.0,0.0,0.0,0.0,0.0,0.0,3.92918,3.92918
2019-07-31,0.0,10.0,8.0,38.0,0.0,6.0,10.333333333333334,0.0,0.0,3.92918,3.92918
2019-08-01,0.0,0.0,0.0,0.0,0.0,0.0,0.0,0.0,0.0,3.92918,3.92918
2019-08-02,0.0,0.0,0.0,0.0,0.0,0.0,0.0,0.0,0.0,3.92918,3.92918
2019-08-03,0.0,0.0,0.0,0.0,0.0,0.0,0.0,0.0,0.0,3.92918,3.92918
2019-08-04,0.0,0.0,0.0,0.0,0.0,0.0,0.0,0.0,0.0,3.92918,3.92918
2019-08-05,0.0,0.0,0.0,0.0,0.0,0.0,0.0,0.0,0.0,3.92918,3.92918
2019-08-06,0.0,0.0,0.0,0.0,0.0,0.0,0.0,0.0,0.0,3.92918,3.92918
2019-08-07,0.0,0.0,0.0,0.0,0.0,0.0,0.0,0.0,0.0,3.92918,3.92918
2019-08-08,0.0,0.0,0.0,0.0,0.0,0.0,0.0,0.0,0.0,3.92918,3.92918
2019-08-09,0.0,0.0,0.0,0.0,0.0,0.0,0.0,0.0,0.0,3.92918,3.92918
2019-08-10,0.0,0.0,0.0,0.0,0.0,0.0,0.0,0.0,0.0,3.92918,3.92918
2019-08-11,0.0,0.0,0.0,0.0,0.0,0.0,0.0,0.0,0.0,3.92918,3.92918
2019-08-12,0.0,0.0,0.0,0.0,0.0,0.0,0.0,0.0,0.0,3.92918,3.92918
2019-08-13,0.0,0.0,0.0,0.0,0.0,0.0,0.0,0.0,0.0,3.92918,3.92918
2019-08-14,0.0,0.0,0.0,0.0,0.0,0.0,0.0,0.0,0.0,3.92918,3.92918
2019-08-15,0.0,0.0,0.0,0.0,0.0,0.0,0.0,0.0,0.0,3.92918,3.92918
2019-08-16,0.0,0.0,0.0,0.0,0.0,0.0,0.0,0.0,0.0,3.92918,3.92918
2019-08-17,0.0,0.0,0.0,0.0,0.0,0.0,0.0,0.0,0.0,3.92918,3.92918
2019-08-18,0.0,0.0,0.0,0.0,0.0,0.0,0.0,0.0,0.0,3.92918,3.92918
2019-08-19,0.0,0.0,0.0,0.0,0.0,0.0,0.0,0.0,0.0,3.92918,3.92918
2019-08-20,0.0,0.0,0.0,0.0,0.0,0.0,0.0,0.0,0.0,3.92918,3.92918
2019-08-21,0.0,0.0,0.0,0.0,0.0,0.0,0.0,0.0,0.0,3.92918,3.92918
2019-08-22,0.0,0.0,0.0,0.0,0.0,0.0,0.0,0.0,0.0,3.92918,3.92918
2019-08-23,0.0,0.0,0.0,0.0,0.0,0.0,0.0,0.0,0.0,3.92918,3.92918
2019-08-24,0.0,0.0,0.0,0.0,0.0,0.0,0.0,0.0,0.0,3.92918,3.92918
2019-08-25,0.0,0.0,2.0,0.0,0.0,0.0,0.3333333333333333,0.0,0.0,3.92918,3.92918
2019-08-26,0.0,0.0,0.0,0.0,0.0,0.0,0.0,0.0,0.0,3.92918,3.92918
2019-08-27,0.0,0.0,0.0,0.0,0.0,0.0,0.0,0.0,0.0,3.92918,3.92918
2019-08-28,0.0,0.0,0.0,0.0,0.0,0.0,0.0,0.0,0.0,3.92918,3.92918
2019-08-29,0.0,0.0,0.0,0.0,0.0,0.0,0.0,0.0,0.0,3.92918,3.92918
2019-08-30,0.0,0.0,0.0,0.0,0.0,0.0,0.0,0.0,0.0,3.92918,3.92918
2019-08-31,0.0,0.0,0.0,0.0,0.0,0.0,0.0,0.0,0.0,3.92918,3.92918
2019-09-01,0.0,0.0,0.0,0.0,0.0,0.0,0.0,0.0,0.0,3.92918,3.92918
2019-09-02,0.0,0.0,0.0,0.0,0.0,0.0,0.0,0.0,0.0,3.92918,3.92918
2019-09-03,0.0,0.0,0.0,0.0,0.0,0.0,0.0,0.0,0.0,3.92918,3.92918
2019-09-04,0.0,0.0,0.0,0.0,0.0,0.0,0.0,0.0,0.0,3.92918,3.92918
2019-09-05,0.0,0.0,0.0,0.0,0.0,0.0,0.0,0.0,0.0,3.92918,3.92918
2019-09-06,0.0,0.0,0.0,0.0,0.0,0.0,0.0,0.0,0.0,3.92918,3.92918
2019-09-07,0.0,0.0,1.0,0.0,0.0,0.0,0.16666666666666666,0.0,0.0,3.92918,3.92918
2019-09-08,0.0,0.0,0.0,0.0,0.0,0.0,0.0,0.0,0.0,3.92918,3.92918
2019-09-09,0.0,0.0,0.0,0.0,0.0,0.0,0.0,0.0,0.0,3.92918,3.92918
2019-09-10,0.0,0.0,0.0,0.0,0.0,0.0,0.0,0.0,0.0,3.92918,3.92918
2019-09-11,0.0,0.0,0.0,0.0,0.0,0.0,0.0,0.0,0.0,3.92918,3.92918
2019-09-12,0.0,0.0,0.0,0.0,0.0,0.0,0.0,0.0,0.0,3.92918,3.92918
2019-09-13,0.0,0.0,0.0,0.0,0.0,0.0,0.0,0.0,0.0,3.92918,3.92918
2019-09-14,0.0,0.0,0.0,0.0,0.0,0.0,0.0,0.0,0.0,3.92918,3.92918
2019-09-15,0.0,0.0,0.0,0.0,0.0,0.0,0.0,0.0,0.0,3.92918,3.92918
2019-09-16,0.0,0.0,0.0,0.0,0.0,0.0,0.0,0.0,0.0,3.92918,3.92918
2019-09-17,0.0,0.0,0.0,0.0,0.0,0.0,0.0,0.0,0.0,3.92918,3.92918
2019-09-18,0.0,0.0,0.0,0.0,0.0,0.0,0.0,0.0,0.0,3.92918,3.92918
2019-09-19,0.0,0.0,0.0,0.0,0.0,0.0,0.0,0.0,0.0,3.92918,3.92918
2019-09-20,0.0,0.0,0.0,0.0,0.0,0.0,0.0,0.0,0.0,3.92918,3.92918
2019-09-21,0.0,0.0,0.0,0.0,0.0,0.0,0.0,0.0,0.0,3.92918,3.92918
2019-09-22,0.0,0.0,0.0,0.0,0.0,0.0,0.0,0.0,0.0,3.92918,3.92918
2019-09-23,0.0,0.0,0.0,0.0,0.0,0.0,0.0,0.0,0.0,3.92918,3.92918
2019-09-24,0.0,0.0,0.0,0.0,0.0,0.0,0.0,0.0,0.0,3.92918,3.92918
2019-09-25,0.0,0.0,0.0,0.0,0.0,0.0,0.0,0.0,0.0,3.92918,3.92918
2019-09-26,0.0,0.0,0.0,0.0,0.0,0.0,0.0,0.0,0.0,3.92918,3.92918
2019-09-27,0.0,0.0,0.0,0.0,0.0,0.0,0.0,0.0,0.0,3.92918,3.92918
2019-09-28,0.0,0.0,1.0,0.0,0.0,0.0,0.16666666666666666,0.0,0.0,3.92918,3.92918
2019-09-29,0.0,0.0,0.0,0.0,0.0,0.0,0.0,0.0,0.0,3.92918,3.92918
2019-09-30,0.0,0.0,0.0,0.0,0.0,0.0,0.0,0.0,0.0,3.92918,3.92918
2019-10-01,0.0,0.0,0.0,0.0,0.0,0.0,0.0,0.0,0.0,3.92918,3.92918
2019-10-02,0.0,0.0,0.0,0.0,0.0,0.0,0.0,0.0,0.0,3.92918,3.92918
2019-10-03,0.0,0.0,0.0,0.0,0.0,0.0,0.0,0.0,0.0,3.92918,3.92918
2019-10-04,0.0,0.0,0.0,0.0,0.0,0.0,0.0,0.0,0.0,3.92918,3.92918
2019-10-05,0.0,0.0,0.0,0.0,0.0,0.0,0.0,0.0,0.0,3.92918,3.92918
2019-10-06,0.0,0.0,0.0,0.0,0.0,0.0,0.0,0.0,0.0,3.92918,3.92918
2019-10-07,0.0,0.0,0.0,0.0,0.0,0.0,0.0,0.0,0.0,3.92918,3.92918
2019-10-08,0.0,0.0,0.0,0.0,0.0,0.0,0.0,0.0,0.0,3.92918,3.92918
2019-10-09,0.0,0.0,0.0,0.0,0.0,0.0,0.0,0.0,0.0,3.92918,3.92918
2019-10-10,0.0,0.0,0.0,0.0,0.0,0.0,0.0,0.0,0.0,3.92918,3.92918
2019-10-11,0.0,0.0,0.0,0.0,0.0,0.0,0.0,0.0,0.0,3.92918,3.92918
2019-10-12,0.0,0.0,0.0,0.0,0.0,0.0,0.0,0.0,0.0,3.92918,3.92918
2019-10-13,0.0,0.0,0.0,0.0,0.0,0.0,0.0,0.0,0.0,3.92918,3.92918
2019-10-14,0.0,0.0,0.0,0.0,0.0,0.0,0.0,0.0,0.0,3.92918,3.92918
2019-10-15,0.0,0.0,0.0,0.0,0.0,0.0,0.0,0.0,0.0,3.92918,3.92918
2019-10-16,0.0,0.0,0.0,0.0,0.0,0.0,0.0,0.0,0.0,3.92918,3.92918
2019-10-17,0.0,0.0,0.0,0.0,0.0,0.0,0.0,0.0,0.0,3.92918,3.92918
2019-10-18,0.0,0.0,0.0,0.0,0.0,0.0,0.0,0.0,0.0,3.92918,3.92918
2019-10-19,0.0,0.0,0.0,0.0,0.0,0.0,0.0,0.0,0.0,3.92918,3.92918
2019-10-20,0.0,0.0,0.0,0.0,0.0,0.0,0.0,0.0,0.0,3.92918,3.92918
2019-10-21,0.0,0.0,0.0,0.0,0.0,0.0,0.0,0.0,0.0,3.92918,3.92918
2019-10-22,0.0,0.0,0.0,0.0,0.0,0.0,0.0,0.0,0.0,3.92918,3.92918
2019-10-23,0.0,0.0,0.0,0.0,0.0,0.0,0.0,0.0,0.0,3.92918,3.92918
2019-10-24,0.0,0.0,0.0,0.0,0.0,0.0,0.0,0.0,0.0,3.92918,3.92918
2019-10-25,0.0,0.0,0.0,0.0,0.0,0.0,0.0,0.0,0.0,3.92918,3.92918
2019-10-26,0.0,0.0,0.0,0.0,0.0,0.0,0.0,0.0,0.0,3.92918,3.92918
2019-10-27,0.0,0.0,0.0,0.0,0.0,0.0,0.0,0.0,0.0,3.92918,3.92918
2019-10-28,0.0,0.0,0.0,0.0,0.0,0.0,0.0,0.0,0.0,3.92918,3.92918
2019-10-29,0.0,0.0,0.0,0.0,0.0,0.0,0.0,0.0,0.0,3.92918,3.92918
2019-10-30,0.0,25.0,0.0,0.0,0.0,0.0,4.166666666666667,0.0,0.0,3.92918,3.92918
2019-10-31,0.0,0.0,0.0,0.0,0.0,0.0,0.0,0.0,0.0,3.92918,3.92918
2019-11-01,13.0,3.0,12.0,18.0,2.0,44.0,15.333333333333334,0.10485551075268815,0.8495238139685382,3.92918,4.778703813968538
2019-11-02,3.0,5.0,20.0,0.0,6.0,20.0,9.0,0.0,0.0,3.92918,3.92918
2019-11-03,4.0,7.0,4.0,3.0,4.0,14.0,6.0,0.0,0.0,3.92918,3.92918
2019-11-04,2.0,2.0,1.0,0.0,1.0,10.0,2.6666666666666665,0.0,0.0,3.92918,3.92918
2019-11-05,0.0,0.0,0.0,0.0,1.0,13.0,2.3333333333333335,0.0,0.0,3.92918,3.92918
2019-11-06,0.0,0.0,0.0,0.0,0.0,0.0,0.0,0.0,0.0,3.92918,3.92918
2019-11-07,0.0,0.0,0.0,0.0,0.0,0.0,0.0,0.0,0.0,3.92918,3.92918
2019-11-08,0.0,6.0,0.0,0.0,0.0,0.0,1.0,0.0,0.0,3.92918,3.92918
2019-11-09,0.0,0.0,0.0,11.0,4.0,0.0,2.5,0.0,0.0,3.92918,3.92918
2019-11-10,0.0,0.0,0.0,0.0,0.0,0.0,0.0,0.0,0.0,3.92918,3.92918
2019-11-11,0.0,0.0,0.0,0.0,0.0,0.0,0.0,0.0,0.0,3.92918,3.92918
2019-11-12,0.0,0.0,0.0,0.0,0.0,0.0,0.0,0.0,0.0,3.92918,3.92918
2019-11-13,0.0,0.0,0.0,6.0,3.0,0.0,1.5,0.0,0.0,3.92918,3.92918
2019-11-14,0.0,2.0,0.0,0.0,0.0,5.0,1.1666666666666667,0.0,0.0,3.92918,3.92918
2019-11-15,0.0,0.0,0.0,0.0,0.0,0.0,0.0,0.0,0.0,3.92918,3.92918
2019-11-16,0.0,0.0,0.0,0.0,1.0,0.0,0.16666666666666666,0.0,0.0,3.92918,3.92918
2019-11-17,0.0,0.0,0.0,0.0,0.0,0.0,0.0,0.0,0.0,3.92918,3.92918
2019-11-18,0.0,0.0,0.0,0.0,0.0,0.0,0.0,0.0,0.0,3.92918,3.92918
2019-11-19,0.0,7.0,0.0,0.0,0.0,0.0,1.1666666666666667,0.0,0.0,3.92918,3.92918
2019-11-20,0.0,0.0,0.0,29.0,13.0,0.0,7.0,0.0,0.0,3.92918,3.92918
2019-11-21,0.0,0.0,0.0,0.0,0.0,0.0,0.0,0.0,0.0,3.92918,3.92918
2019-11-22,0.0,0.0,0.0,1.0,0.0,0.0,0.16666666666666666,0.0,0.0,3.92918,3.92918
2019-11-23,0.0,0.0,1.0,0.0,0.0,0.0,0.16666666666666666,0.0,0.0,3.92918,3.92918
2019-11-24,0.0,3.0,0.0,0.0,1.0,3.0,1.1666666666666667,0.0,0.0,3.92918,3.92918
2019-11-25,0.0,0.0,0.0,0.0,0.0,1.0,0.16666666666666666,0.0,0.0,3.92918,3.92918
2019-11-26,0.0,0.0,0.0,0.0,0.0,0.0,0.0,0.0,0.0,3.92918,3.92918
2019-11-27,0.0,0.0,0.0,0.0,0.0,0.0,0.0,0.0,0.0,3.92918,3.92918
2019-11-28,0.0,0.0,1.0,0.0,0.0,0.0,0.16666666666666666,0.0,0.0,3.92918,3.92918
2019-11-29,0.0,0.0,0.0,0.0,0.0,0.0,0.0,0.0,0.0,3.92918,3.92918
2019-11-30,2.0,37.0,6.0,1.0,1.0,37.0,14.0,0.026080246913580206,0.21129829675354336,3.92918,4.140478296753543
2019-12-01,0.0,0.0,4.0,1.0,24.0,0.0,4.833333333333333,0.0,0.0,3.92918,3.92918
2019-12-02,0.0,20.0,0.0,1.0,2.0,0.0,3.8333333333333335,0.0,0.0,3.92918,3.92918
2019-12-03,0.0,0.0,1.0,0.0,0.0,0.0,0.16666666666666666,0.0,0.0,3.92918,3.92918
2019-12-04,0.0,0.0,0.0,0.0,0.0,0.0,0.0,0.0,0.0,3.92918,3.92918
2019-12-05,0.0,7.0,0.0,3.0,0.0,0.0,1.6666666666666667,0.0,0.0,3.92918,3.92918
2019-12-06,0.0,32.0,12.0,2.0,1.0,0.0,7.833333333333333,0.0,0.0,3.92918,3.92918
2019-12-07,2.0,8.0,0.0,5.0,39.0,9.0,10.5,0.0,0.0,3.92918,3.92918
2019-12-08,0.0,0.0,0.0,0.0,0.0,0.0,0.0,0.0,0.0,3.92918,3.92918
2019-12-09,0.0,0.0,0.0,0.0,0.0,0.0,0.0,0.0,0.0,3.92918,3.92918
2019-12-10,3.0,70.0,2.0,0.0,0.0,0.0,12.5,0.0,0.0,3.92918,3.92918
2019-12-11,0.0,0.0,1.0,20.0,4.0,0.0,4.166666666666667,0.0,0.0,3.92918,3.92918
2019-12-12,23.0,3.0,0.0,3.0,0.0,0.0,4.833333333333333,0.0,0.0,3.92918,3.92918
2019-12-13,0.0,9.0,0.0,8.0,3.0,0.0,3.3333333333333335,0.0,0.0,3.92918,3.92918
2019-12-14,17.0,4.0,2.0,43.0,7.0,0.0,12.166666666666666,0.0,0.0,3.92918,3.92918
2019-12-15,3.0,4.0,1.0,11.0,2.0,0.0,3.5,0.0,0.0,3.92918,3.92918
2019-12-16,0.0,36.0,0.0,3.0,0.0,0.0,6.5,0.0,0.0,3.92918,3.92918
2019-12-17,0.0,29.0,0.0,3.0,4.0,0.0,6.0,0.0,0.0,3.92918,3.92918
2019-12-18,0.0,31.0,0.0,64.0,50.0,0.0,24.166666666666668,1.7539054394545723,14.209882032618065,5.74632790489271,19.956209937510774
2019-12-19,5.0,21.0,0.0,6.0,11.0,0.0,7.166666666666667,0.0,0.0,5.286621672501293,5.286621672501293
2019-12-20,0.0,0.0,0.0,5.0,2.0,13.0,3.3333333333333335,0.0,0.0,4.86369193870119,4.86369193870119
2019-12-21,0.0,0.0,0.0,0.0,0.0,0.0,0.0,0.0,0.0,4.474596583605095,4.474596583605095
2019-12-22,9.0,29.0,3.0,0.0,0.0,0.0,6.833333333333333,0.0,0.0,4.116628856916687,4.116628856916687
2019-12-23,2.0,0.0,0.0,8.0,1.0,4.0,2.5,0.0,0.0,3.92918,3.92918
2019-12-24,0.0,2.0,0.0,20.0,0.0,0.0,3.6666666666666665,0.0,0.0,3.92918,3.92918
2019-12-25,0.0,4.0,0.0,30.0,20.0,0.0,9.0,0.0,0.0,3.92918,3.92918
2019-12-26,0.0,0.0,0.0,36.0,14.0,0.0,8.333333333333334,0.0,0.0,3.92918,3.92918
2019-12-27,17.0,43.0,3.0,5.0,1.0,0.0,11.5,0.0,0.0,3.92918,3.92918
2019-12-28,0.0,0.0,19.0,47.0,6.0,16.0,14.666666666666666,0.05908010862186005,0.47865828744562533,3.92918,4.4078382874456254
2019-12-29,8.0,0.0,2.0,0.0,0.0,0.0,1.6666666666666667,0.0,0.0,3.92918,3.92918
2019-12-30,0.0,0.0,0.0,0.0,0.0,0.0,0.0,0.0,0.0,3.92918,3.92918
2019-12-31,0.0,0.0,0.0,0.0,0.0,0.0,0.0,0.0,0.0,3.92918,3.92918
2020-01-01,73.0,51.0,103.0,13.0,38.0,40.0,53.0,15.64633911368015,126.7643215228716,22.62949382843074,149.39381535130235
2020-01-02,17.0,23.0,35.0,57.0,45.0,61.0,39.666666666666664,8.03833210513387,65.12537585177904,30.587940699923138,95.71331655170218
2020-01-03,29.0,34.0,50.0,24.0,22.0,22.0,30.166666666666668,3.768025250446,30.527982353150463,32.720102796901855,63.24808515005232
2020-01-04,12.0,9.0,11.0,33.0,40.0,33.0,23.0,1.4375338753387532,11.646686490013046,31.849497546651666,43.496184036664715
2020-01-05,4.0,42.0,3.0,13.0,18.0,7.0,14.5,0.04961715160796319,0.40199081163859074,29.361836364665326,29.763827176303916
2020-01-06,25.0,22.0,16.0,27.0,63.0,2.0,25.833333333333332,2.2507756995795267,18.235451269741535,29.74820714595333,47.98365841569486
2020-01-07,7.0,9.0,7.0,20.0,23.0,28.0,15.666666666666666,0.13241390839184206,1.072797868915387,27.529270254614374,28.60206812352976
2020-01-08,10.0,15.0,5.0,3.0,38.0,4.0,12.5,0.0,0.0,25.326928634245224,25.326928634245224
2020-01-09,2.0,20.0,8.0,17.0,10.0,7.0,10.666666666666666,0.0,0.0,23.30077434350561,23.30077434350561
2020-01-10,4.0,7.0,13.0,13.0,3.0,4.0,7.333333333333333,0.0,0.0,21.43671239602516,21.43671239602516
2020-01-11,10.0,4.0,20.0,3.0,8.0,2.0,7.833333333333333,0.0,0.0,19.72177540434315,19.72177540434315
2020-01-12,0.0,0.0,0.0,13.0,4.0,3.0,3.3333333333333335,0.0,0.0,18.144033371995697,18.144033371995697
2020-01-13,0.0,0.0,0.0,0.0,3.0,0.0,0.5,0.0,0.0,16.692510702236042,16.692510702236042
2020-01-14,0.0,28.0,0.0,0.0,0.0,0.0,4.666666666666667,0.0,0.0,15.35710984605716,15.35710984605716
2020-01-15,0.0,6.0,2.0,23.0,14.0,0.0,7.5,0.0,0.0,14.128541058372587,14.128541058372587
2020-01-16,0.0,0.0,0.0,34.0,12.0,7.0,8.833333333333334,0.0,0.0,12.99825777370278,12.99825777370278
2020-01-17,0.0,0.0,0.0,0.0,0.0,0.0,0.0,0.0,0.0,11.958397151806558,11.958397151806558
2020-01-18,0.0,0.0,0.0,0.0,0.0,0.0,0.0,0.0,0.0,11.001725379662034,11.001725379662034
2020-01-19,0.0,0.0,0.0,0.0,0.0,0.0,0.0,0.0,0.0,10.121587349289072,10.121587349289072
2020-01-20,0.0,0.0,0.0,0.0,0.0,0.0,0.0,0.0,0.0,9.311860361345946,9.311860361345946
2020-01-21,0.0,12.0,0.0,0.0,0.0,0.0,2.0,0.0,0.0,8.56691153243827,8.56691153243827
2020-01-22,1.0,73.0,0.0,7.0,5.0,7.0,15.5,0.1182503770739064,0.9580470364784083,8.02526566531497,8.983312701793379
2020-01-23,3.0,7.0,0.0,24.0,1.0,0.0,5.833333333333333,0.0,0.0,7.383244412089773,7.383244412089773
2020-01-24,5.0,37.0,6.0,3.0,1.0,0.0,8.666666666666666,0.0,0.0,6.7925848591225915,6.7925848591225915
2020-01-25,0.0,2.0,2.0,5.0,20.0,0.0,4.833333333333333,0.0,0.0,6.249178070392785,6.249178070392785
2020-01-26,10.0,23.0,11.0,39.0,6.0,4.0,15.5,0.1182503770739064,0.9580470364784083,5.892950880233124,6.850997916711532
2020-01-27,1.0,0.0,11.0,22.0,64.0,10.0,18.0,0.4082848837209301,3.3078636412575353,5.917694356003104,9.22555799726064
2020-01-28,0.0,36.0,19.0,0.0,0.0,38.0,15.5,0.1182503770739064,0.9580470364784083,5.587985862994618,6.546032899473026
2020-01-29,10.0,27.0,7.0,30.0,6.0,13.0,15.5,0.1182503770739064,0.9580470364784083,5.28465404942681,6.242701085905218
2020-01-30,34.0,2.0,62.0,50.0,16.0,39.0,33.833333333333336,5.277090718130498,42.754207207075794,11.275012806534034,54.02922001360983
2020-01-31,0.0,69.0,0.0,8.0,6.0,22.0,17.5,0.3373352855051243,2.7330405075646644,10.782967858146012,13.516008365710677
2020-02-01,0.0,55.0,0.0,29.0,38.0,4.0,21.0,0.9594707520891363,7.773489889611058,11.08635391293599,18.859843802547047
2020-02-02,0.0,17.0,0.0,68.0,9.0,28.0,20.333333333333332,0.8191346454233048,6.636507543938811,11.194921731491934,17.831429275430747
2020-02-03,0.0,38.0,0.0,17.0,20.0,4.0,13.166666666666666,0.003404550981413907,0.027583167673492306,10.303465468123605,10.331048635797098
2020-02-04,6.0,0.0,9.0,58.0,1.0,0.0,12.333333333333334,0.0,0.0,9.479188230673717,9.479188230673717
2020-02-05,0.0,0.0,0.0,6.0,0.0,0.0,1.0,0.0,0.0,8.72085317221982,8.72085317221982
2020-02-06,0.0,0.0,0.0,0.0,0.0,0.0,0.0,0.0,0.0,8.023184918442235,8.023184918442235
2020-02-07,0.0,52.0,0.0,4.0,0.0,0.0,9.333333333333334,0.0,0.0,7.381330124966857,7.381330124966857
2020-02-08,13.0,0.0,8.0,15.0,15.0,0.0,8.5,0.0,0.0,6.790823714969508,6.790823714969508
2020-02-09,2.0,27.0,4.0,2.0,1.0,5.0,6.833333333333333,0.0,0.0,6.2475578177719475,6.2475578177719475
2020-02-10,0.0,0.0,0.0,32.0,33.0,23.0,14.666666666666666,0.05908010862186005,0.47865828744562533,5.819551935467036,6.298210222912662
2020-02-11,2.0,2.0,1.0,0.0,0.0,0.0,0.8333333333333334,0.0,0.0,5.353987780629673,5.353987780629673
2020-02-12,1.0,2.0,1.0,0.0,1.0,4.0,1.5,0.0,0.0,4.9256687581793,4.9256687581793
2020-02-13,20.0,28.0,44.0,38.0,22.0,12.0,27.333333333333332,2.740628555176336,22.204166534993465,7.862240237773975,30.06640677276744
2020-02-14,13.0,44.0,33.0,29.0,6.0,9.0,22.333333333333332,1.2689304162868424,10.280686243064695,8.77536395521176,19.056050198276456
2020-02-15,0.0,13.0,6.0,23.0,8.0,61.0,18.5,0.48542568542568526,3.932846988402543,8.663261887055203,12.596108875457746
2020-02-16,8.0,7.0,8.0,14.0,8.0,70.0,19.166666666666668,0.597681435604256,4.8423264458678155,8.69654990297096,13.538876348838775
2020-02-17,4.0,2.0,5.0,4.0,2.0,12.0,4.833333333333333,0.0,0.0,8.000825910733283,8.000825910733283
2020-02-18,8.0,3.0,20.0,0.0,1.0,3.0,5.833333333333333,0.0,0.0,7.360759837874621,7.360759837874621
2020-02-19,17.0,9.0,10.0,9.0,9.0,2.0,9.333333333333334,0.0,0.0,6.7718990508446515,6.7718990508446515
2020-02-20,35.0,9.0,27.0,26.0,31.0,24.0,25.333333333333332,2.096336835960303,16.984210476530233,8.777778698256615,25.761989174786848
2020-02-21,7.0,67.0,20.0,14.0,5.0,21.0,22.333333333333332,1.2689304162868424,10.280686243064695,9.617659338855791,19.898345581920488
2020-02-22,0.0,27.0,0.0,62.0,52.0,42.0,30.5,3.8971709717097163,31.574301854129644,13.584391869866774,45.15869372399642
2020-02-23,0.0,10.0,0.0,13.0,1.0,0.0,4.0,0.0,0.0,12.497640520277432,12.497640520277432
2020-02-24,5.0,18.0,32.0,1.0,0.0,0.0,9.333333333333334,0.0,0.0,11.497829278655239,11.497829278655239
2020-02-25,16.0,35.0,32.0,13.0,31.0,0.0,21.166666666666668,0.9960784313725491,8.070079883805375,11.788514918933625,19.858594802739
2020-02-26,1.0,3.0,6.0,11.0,4.0,12.0,6.166666666666667,0.0,0.0,10.845433725418935,10.845433725418935
2020-02-27,0.0,2.0,0.0,5.0,8.0,3.0,3.0,0.0,0.0,9.977799027385421,9.977799027385421
2020-02-28,0.0,8.0,0.0,2.0,15.0,6.0,5.166666666666667,0.0,0.0,9.179575105194587,9.179575105194587
2020-02-29,3.0,3.0,4.0,28.0,13.0,4.0,9.166666666666666,0.0,0.0,8.44520909677902,8.44520909677902
2020-03-01,5.0,21.0,2.0,2.0,4.0,10.0,7.333333333333333,0.0,0.0,7.769592369036699,7.769592369036699
2020-03-02,2.0,73.0,2.0,38.0,56.0,2.0,28.833333333333332,3.2685363471466444,26.481197256975125,11.120204568060032,37.601401825035154
2020-03-03,34.0,12.0,4.0,54.0,44.0,19.0,27.833333333333332,2.9124770382930616,23.596457486170635,13.770056825540825,37.36651431171146
2020-03-04,65.0,24.0,43.0,19.0,3.0,14.0,28.0,2.970685279187817,24.06805203045685,16.278660084066086,40.34671211452294
2020-03-05,0.0,1.0,0.0,25.0,34.0,10.0,11.666666666666666,0.0,0.0,14.976367277340799,14.976367277340799
2020-03-06,56.0,54.0,51.0,2.0,0.0,0.0,27.166666666666668,2.684281031779963,21.74764724821729,17.04040498238613,38.78805223060342
2020-03-07,65.0,22.0,68.0,46.0,40.0,45.0,47.666666666666664,12.41707289550891,100.6012850330583,30.767365338753983,131.3686503718123
2020-03-08,3.0,9.0,6.0,23.0,15.0,38.0,15.666666666666666,0.13241390839184206,1.072797868915387,28.466895791990975,29.539693660906362
2020-03-09,50.0,13.0,76.0,5.0,8.0,2.0,25.666666666666668,2.198793955245568,17.814302878146965,28.861689560353742,46.67599243850071
2020-03-10,0.0,16.0,0.0,9.0,18.0,32.0,12.5,0.0,0.0,26.552754395525444,26.552754395525444
2020-03-11,26.0,20.0,26.0,5.0,2.0,0.0,13.166666666666666,0.003404550981413907,0.027583167673492306,24.432671519034432,24.460254686707923
2020-03-12,1.0,0.0,0.0,58.0,66.0,24.0,24.833333333333332,1.946466872337299,15.769986234214226,24.84355573264381,40.61354196685804
2020-03-13,0.0,0.0,0.0,2.0,12.0,31.0,7.5,0.0,0.0,22.856071274032306,22.856071274032306
2020-03-14,0.0,1.0,0.0,0.0,1.0,0.0,0.3333333333333333,0.0,0.0,21.02758557210972,21.02758557210972
2020-03-15,0.0,0.0,0.0,1.0,15.0,0.0,2.6666666666666665,0.0,0.0,19.345378726340943,19.345378726340943
2020-03-16,0.0,5.0,0.0,2.0,3.0,0.0,1.6666666666666667,0.0,0.0,17.797748428233668,17.797748428233668
2020-03-17,0.0,0.0,0.0,8.0,0.0,0.0,1.3333333333333333,0.0,0.0,16.373928553974974,16.373928553974974
2020-03-18,2.0,20.0,14.0,5.0,4.0,8.0,8.833333333333334,0.0,0.0,15.064014269656976,15.064014269656976
2020-03-19,3.0,28.0,5.0,11.0,34.0,13.0,15.666666666666666,0.13241390839184206,1.072797868915387,14.019812808421726,15.092610677337113
2020-03-20,11.0,43.0,3.0,30.0,25.0,17.0,21.5,1.0710926694329181,8.677834127350032,14.199902902850493,22.877737030200525
2020-03-21,0.0,2.0,1.0,12.0,75.0,5.0,15.833333333333334,0.14734033683508418,1.1937295808398025,13.242970107748423,14.436699688588225
2020-03-22,15.0,83.0,17.0,3.0,21.0,0.0,23.166666666666668,1.4810875769866305,11.999552128363904,13.983465318383136,25.98301744674704
2020-03-23,0.0,15.0,0.0,87.0,43.0,59.0,34.0,5.350117924528301,43.3458628144654,19.366667515082295,62.71253032954769
2020-03-24,3.0,12.0,10.0,2.0,3.0,4.0,5.666666666666667,0.0,0.0,17.817334113875713,17.817334113875713
2020-03-25,0.0,36.0,0.0,24.0,10.0,10.0,13.333333333333334,0.006254331254331246,0.05067166525499852,16.399548134553907,16.450219799808906
2020-03-26,0.0,0.0,0.0,2.0,8.0,4.0,2.3333333333333335,0.0,0.0,15.087584283789594,15.087584283789594
2020-03-27,0.0,1.0,0.0,0.0,0.0,0.0,0.16666666666666666,0.0,0.0,13.880577541086428,13.880577541086428
2020-03-28,55.0,6.0,27.0,4.0,0.0,0.0,15.333333333333334,0.10485551075268815,0.8495238139685382,12.897559909894795,13.747083723863334
2020-03-29,5.0,17.0,19.0,20.0,4.0,22.0,14.5,0.04961715160796319,0.40199081163859074,11.926053738849001,12.328044550487592
2020-03-30,0.0,37.0,0.0,4.0,1.0,1.0,7.166666666666667,0.0,0.0,10.971969439741082,10.971969439741082
2020-03-31,2.0,0.0,0.0,1.0,0.0,2.0,0.8333333333333334,0.0,0.0,10.094211884561796,10.094211884561796
2020-04-01,1.0,11.0,28.0,33.0,31.0,20.0,20.666666666666668,0.8880752487562189,7.195054098719367,10.365933048604758,17.560987147324123
2020-04-02,1.0,1.0,25.0,0.0,17.0,14.0,9.666666666666666,0.0,0.0,9.536658404716377,9.536658404716377
2020-04-03,12.0,12.0,6.0,20.0,41.0,45.0,22.666666666666668,1.352102238354507,10.954532023705497,10.416905535894891,21.371437559600388
2020-04-04,4.0,7.0,0.0,31.0,27.0,6.0,12.5,0.0,0.0,9.5835530930233,9.5835530930233
2020-04-05,0.0,43.0,17.0,34.0,4.0,12.0,18.333333333333332,0.45903246544519416,3.7190130302272673,9.374720800115526,13.093733830342792
2020-04-06,2.0,2.0,18.0,5.0,18.0,0.0,7.5,0.0,0.0,8.624743136106284,8.624743136106284
2020-04-07,0.0,5.0,2.0,27.0,3.0,6.0,7.166666666666667,0.0,0.0,7.934763685217781,7.934763685217781
2020-04-08,1.0,0.0,2.0,2.0,1.0,12.0,3.0,0.0,0.0,7.299982590400359,7.299982590400359
2020-04-09,0.0,0.0,1.0,0.0,1.0,0.0,0.3333333333333333,0.0,0.0,6.71598398316833,6.71598398316833
2020-04-10,0.0,15.0,0.0,0.0,0.0,0.0,2.5,0.0,0.0,6.178705264514864,6.178705264514864
2020-04-11,0.0,0.0,0.0,12.0,0.0,0.0,2.0,0.0,0.0,5.684408843353675,5.684408843353675
2020-04-12,0.0,0.0,0.0,0.0,0.0,3.0,0.5,0.0,0.0,5.2296561358853815,5.2296561358853815
2020-04-13,0.0,0.0,0.0,5.0,0.0,0.0,0.8333333333333334,0.0,0.0,4.8112836450145515,4.8112836450145515
2020-04-14,2.0,0.0,7.0,0.0,0.0,0.0,1.5,0.0,0.0,4.426380953413387,4.426380953413387
2020-04-15,7.0,0.0,0.0,0.0,0.0,0.0,1.1666666666666667,0.0,0.0,4.072270477140316,4.072270477140316
2020-04-16,0.0,5.0,6.0,0.0,0.0,1.0,2.0,0.0,0.0,3.92918,3.92918
2020-04-17,1.0,5.0,30.0,0.0,0.0,0.0,6.0,0.0,0.0,3.92918,3.92918
2020-04-18,4.0,2.0,0.0,0.0,0.0,15.0,3.5,0.0,0.0,3.92918,3.92918
2020-04-19,0.0,1.0,2.0,0.0,11.0,6.0,3.3333333333333335,0.0,0.0,3.92918,3.92918
2020-04-20,5.0,4.0,0.0,0.0,44.0,6.0,9.833333333333334,0.0,0.0,3.92918,3.92918
2020-04-21,0.0,0.0,0.0,40.0,1.0,13.0,9.0,0.0,0.0,3.92918,3.92918
2020-04-22,0.0,0.0,0.0,0.0,1.0,0.0,0.16666666666666666,0.0,0.0,3.92918,3.92918
2020-04-23,0.0,0.0,0.0,0.0,0.0,0.0,0.0,0.0,0.0,3.92918,3.92918
2020-04-24,0.0,0.0,0.0,0.0,0.0,0.0,0.0,0.0,0.0,3.92918,3.92918
2020-04-25,0.0,0.0,0.0,0.0,0.0,0.0,0.0,0.0,0.0,3.92918,3.92918
2020-04-26,5.0,6.0,0.0,0.0,15.0,0.0,4.333333333333333,0.0,0.0,3.92918,3.92918
2020-04-27,0.0,3.0,0.0,20.0,3.0,14.0,6.666666666666667,0.0,0.0,3.92918,3.92918
2020-04-28,0.0,0.0,0.0,0.0,4.0,5.0,1.5,0.0,0.0,3.92918,3.92918
2020-04-29,0.0,0.0,0.0,0.0,0.0,11.0,1.8333333333333333,0.0,0.0,3.92918,3.92918
2020-04-30,44.0,2.0,22.0,0.0,0.0,0.0,11.333333333333334,0.0,0.0,3.92918,3.92918
2020-05-01,0.0,0.0,0.0,0.0,0.0,0.0,0.0,0.0,0.0,3.92918,3.92918
2020-05-02,0.0,0.0,0.0,0.0,0.0,0.0,0.0,0.0,0.0,3.92918,3.92918
2020-05-03,0.0,0.0,0.0,0.0,0.0,0.0,0.0,0.0,0.0,3.92918,3.92918
2020-05-04,0.0,27.0,0.0,0.0,0.0,0.0,4.5,0.0,0.0,3.92918,3.92918
2020-05-05,0.0,0.0,0.0,2.0,0.0,0.0,0.3333333333333333,0.0,0.0,3.92918,3.92918
2020-05-06,0.0,0.0,0.0,0.0,40.0,0.0,6.666666666666667,0.0,0.0,3.92918,3.92918
2020-05-07,0.0,10.0,0.0,0.0,0.0,0.0,1.6666666666666667,0.0,0.0,3.92918,3.92918
2020-05-08,7.0,53.0,2.0,0.0,0.0,0.0,10.333333333333334,0.0,0.0,3.92918,3.92918
2020-05-09,0.0,0.0,0.0,22.0,39.0,39.0,16.666666666666668,0.23321805006587618,1.8894980908114967,3.92918,5.818678090811497
2020-05-10,0.0,43.0,0.0,73.0,24.0,25.0,27.5,2.797445721583652,22.66449079986755,7.014519219980133,29.679010019847684
2020-05-11,4.0,0.0,4.0,25.0,0.0,0.0,5.5,0.0,0.0,6.453357682381722,6.453357682381722
2020-05-12,0.0,0.0,0.0,137.0,64.0,32.0,38.833333333333336,7.619387628610388,61.731149768834165,15.196761533116309,76.92791130195047
2020-05-13,50.0,0.0,88.0,0.0,0.0,0.0,23.0,1.4375338753387532,11.646686490013046,15.72802358396896,27.37471007398201
2020-05-14,2.0,0.0,2.0,0.0,6.0,0.0,1.6666666666666667,0.0,0.0,14.469781697251445,14.469781697251445
2020-05-15,0.0,0.0,17.0,0.0,0.0,20.0,6.166666666666667,0.0,0.0,13.31219916147133,13.31219916147133
2020-05-16,3.0,0.0,11.0,0.0,0.0,0.0,2.3333333333333335,0.0,0.0,12.247223228553624,12.247223228553624
2020-05-17,14.0,0.0,10.0,0.0,0.0,8.0,5.333333333333333,0.0,0.0,11.267445370269334,11.267445370269334
2020-05-18,1.0,9.0,4.0,0.0,0.0,3.0,2.8333333333333335,0.0,0.0,10.366049740647787,10.366049740647787
2020-05-19,4.0,28.0,3.0,33.0,19.0,9.0,16.0,0.1630239520958083,1.320795908183632,9.734885147623508,11.05568105580714
2020-05-20,1.0,3.0,9.0,13.0,7.0,7.0,6.666666666666667,0.0,0.0,8.956094335813628,8.956094335813628
2020-05-21,11.0,3.0,22.0,0.0,8.0,6.0,8.333333333333334,0.0,0.0,8.239606788948539,8.239606788948539
2020-05-22,0.0,0.0,0.0,0.0,3.0,15.0,3.0,0.0,0.0,7.580438245832656,7.580438245832656
2020-05-23,0.0,0.0,0.0,0.0,0.0,0.0,0.0,0.0,0.0,6.974003186166043,6.974003186166043
2020-05-24,0.0,0.0,0.0,0.0,0.0,0.0,0.0,0.0,0.0,6.41608293127276,6.41608293127276
2020-05-25,13.0,11.0,13.0,0.0,0.0,0.0,6.166666666666667,0.0,0.0,5.902796296770939,5.902796296770939
2020-05-26,4.0,58.0,9.0,0.0,6.0,0.0,12.833333333333334,0.0002793783830976059,0.002263482270466714,5.430912115369834,5.4331755976403
2020-05-27,0.0,15.0,0.0,75.0,12.0,8.0,18.333333333333332,0.45903246544519416,3.7190130302272673,5.554291100674337,9.273304130901604
2020-05-28,8.0,3.0,7.0,15.0,0.0,0.0,5.5,0.0,0.0,5.1099478126203906,5.1099478126203906
2020-05-29,0.0,0.0,0.0,13.0,8.0,10.0,5.166666666666667,0.0,0.0,4.70115198761076,4.70115198761076
2020-05-30,0.0,0.0,0.0,0.0,1.0,2.0,0.5,0.0,0.0,4.3250598286018995,4.3250598286018995
2020-05-31,0.0,0.0,0.0,0.0,0.0,0.0,0.0,0.0,0.0,3.979055042313748,3.979055042313748
2020-06-01,1.0,0.0,3.0,0.0,1.0,7.0,2.0,0.0,0.0,3.92918,3.92918
2020-06-02,3.0,0.0,0.0,0.0,0.0,0.0,0.5,0.0,0.0,3.92918,3.92918
2020-06-03,0.0,0.0,0.0,0.0,0.0,0.0,0.0,0.0,0.0,3.92918,3.92918
2020-06-04,8.0,0.0,11.0,0.0,0.0,0.0,3.1666666666666665,0.0,0.0,3.92918,3.92918
2020-06-05,11.0,0.0,20.0,0.0,1.0,18.0,8.333333333333334,0.0,0.0,3.92918,3.92918
2020-06-06,26.0,5.0,23.0,2.0,3.0,20.0,13.166666666666666,0.003404550981413907,0.027583167673492306,3.92918,3.9567631676734925
2020-06-07,2.0,11.0,5.0,2.0,4.0,14.0,6.333333333333333,0.0,0.0,3.92918,3.92918
2020-06-08,0.0,15.0,0.0,5.0,1.0,0.0,3.5,0.0,0.0,3.92918,3.92918
2020-06-09,0.0,0.0,0.0,30.0,5.0,0.0,5.833333333333333,0.0,0.0,3.92918,3.92918
2020-06-10,0.0,0.0,0.0,0.0,0.0,0.0,0.0,0.0,0.0,3.92918,3.92918
2020-06-11,0.0,0.0,0.0,0.0,0.0,0.0,0.0,0.0,0.0,3.92918,3.92918
2020-06-12,0.0,0.0,0.0,0.0,0.0,0.0,0.0,0.0,0.0,3.92918,3.92918
2020-06-13,89.0,2.0,170.0,0.0,0.0,0.0,43.5,10.059809119830328,81.50308314677349,15.840308072016024,97.34339121878952
2020-06-14,9.0,0.0,19.0,0.0,5.0,2.0,5.833333333333333,0.0,0.0,14.573083426254742,14.573083426254742
2020-06-15,1.0,9.0,10.0,3.0,6.0,22.0,8.5,0.0,0.0,13.407236752154363,13.407236752154363
2020-06-16,2.0,0.0,4.0,0.0,6.0,4.0,2.6666666666666665,0.0,0.0,12.334657811982014,12.334657811982014
2020-06-17,1.0,0.0,1.0,0.0,0.0,0.0,0.3333333333333333,0.0,0.0,11.347885187023454,11.347885187023454
2020-06-18,11.0,0.0,30.0,0.0,0.0,0.0,6.833333333333333,0.0,0.0,10.440054372061578,10.440054372061578
2020-06-19,0.0,0.0,5.0,0.0,7.0,16.0,4.666666666666667,0.0,0.0,9.604850022296652,9.604850022296652
2020-06-20,0.0,0.0,0.0,3.0,0.0,0.0,0.5,0.0,0.0,8.83646202051292,8.83646202051292
2020-06-21,0.0,35.0,0.0,0.0,0.0,0.0,5.833333333333333,0.0,0.0,8.129545058871887,8.129545058871887
2020-06-22,0.0,0.0,0.0,0.0,0.0,0.0,0.0,0.0,0.0,7.479181454162137,7.479181454162137
2020-06-23,18.0,0.0,23.0,0.0,0.0,0.0,6.833333333333333,0.0,0.0,6.880846937829166,6.880846937829166
2020-06-24,1.0,0.0,0.0,0.0,0.0,0.0,0.16666666666666666,0.0,0.0,6.330379182802833,6.330379182802833
2020-06-25,0.0,0.0,0.0,0.0,0.0,7.0,1.1666666666666667,0.0,0.0,5.823948848178607,5.823948848178607
2020-06-26,0.0,0.0,0.0,0.0,0.0,0.0,0.0,0.0,0.0,5.3580329403243185,5.3580329403243185
2020-06-27,0.0,0.0,0.0,0.0,0.0,0.0,0.0,0.0,0.0,4.929390305098373,4.929390305098373
2020-06-28,0.0,0.0,0.0,0.0,0.0,0.0,0.0,0.0,0.0,4.535039080690503,4.535039080690503
2020-06-29,0.0,0.0,0.0,0.0,0.0,0.0,0.0,0.0,0.0,4.172235954235263,4.172235954235263
2020-06-30,0.0,0.0,0.0,0.0,0.0,0.0,0.0,0.0,0.0,3.92918,3.92918
2020-07-01,0.0,0.0,2.0,0.0,0.0,0.0,0.3333333333333333,0.0,0.0,3.92918,3.92918
2020-07-02,0.0,0.0,0.0,0.0,0.0,0.0,0.0,0.0,0.0,3.92918,3.92918
2020-07-03,0.0,0.0,0.0,0.0,0.0,0.0,0.0,0.0,0.0,3.92918,3.92918
2020-07-04,0.0,0.0,0.0,0.0,0.0,0.0,0.0,0.0,0.0,3.92918,3.92918
2020-07-05,0.0,0.0,0.0,0.0,0.0,0.0,0.0,0.0,0.0,3.92918,3.92918
2020-07-06,0.0,0.0,0.0,0.0,0.0,0.0,0.0,0.0,0.0,3.92918,3.92918
2020-07-07,0.0,0.0,0.0,0.0,1.0,0.0,0.16666666666666666,0.0,0.0,3.92918,3.92918
2020-07-08,2.0,0.0,3.0,0.0,0.0,0.0,0.8333333333333334,0.0,0.0,3.92918,3.92918
2020-07-09,0.0,0.0,0.0,0.0,0.0,1.0,0.16666666666666666,0.0,0.0,3.92918,3.92918
2020-07-10,0.0,0.0,0.0,0.0,0.0,3.0,0.5,0.0,0.0,3.92918,3.92918
2020-07-11,0.0,0.0,0.0,0.0,0.0,0.0,0.0,0.0,0.0,3.92918,3.92918
2020-07-12,0.0,0.0,0.0,0.0,0.0,0.0,0.0,0.0,0.0,3.92918,3.92918
2020-07-13,0.0,0.0,0.0,0.0,0.0,0.0,0.0,0.0,0.0,3.92918,3.92918
2020-07-14,0.0,0.0,1.0,0.0,0.0,0.0,0.16666666666666666,0.0,0.0,3.92918,3.92918
2020-07-15,2.0,0.0,1.0,0.0,0.0,0.0,0.5,0.0,0.0,3.92918,3.92918
2020-07-16,0.0,0.0,0.0,14.0,0.0,0.0,2.3333333333333335,0.0,0.0,3.92918,3.92918
2020-07-17,0.0,0.0,0.0,0.0,0.0,0.0,0.0,0.0,0.0,3.92918,3.92918
2020-07-18,0.0,0.0,0.0,0.0,0.0,0.0,0.0,0.0,0.0,3.92918,3.92918
2020-07-19,1.0,0.0,3.0,0.0,0.0,0.0,0.6666666666666666,0.0,0.0,3.92918,3.92918
2020-07-20,0.0,0.0,1.0,0.0,0.0,19.0,3.3333333333333335,0.0,0.0,3.92918,3.92918
2020-07-21,0.0,0.0,0.0,0.0,0.0,0.0,0.0,0.0,0.0,3.92918,3.92918
2020-07-22,0.0,0.0,0.0,0.0,0.0,0.0,0.0,0.0,0.0,3.92918,3.92918
2020-07-23,0.0,0.0,0.0,0.0,0.0,0.0,0.0,0.0,0.0,3.92918,3.92918
2020-07-24,0.0,0.0,0.0,0.0,0.0,0.0,0.0,0.0,0.0,3.92918,3.92918
2020-07-25,0.0,0.0,0.0,0.0,0.0,0.0,0.0,0.0,0.0,3.92918,3.92918
2020-07-26,0.0,0.0,0.0,0.0,0.0,0.0,0.0,0.0,0.0,3.92918,3.92918
2020-07-27,0.0,0.0,0.0,0.0,0.0,0.0,0.0,0.0,0.0,3.92918,3.92918
2020-07-28,0.0,0.0,0.0,0.0,0.0,0.0,0.0,0.0,0.0,3.92918,3.92918
2020-07-29,0.0,0.0,0.0,0.0,0.0,0.0,0.0,0.0,0.0,3.92918,3.92918
2020-07-30,0.0,0.0,0.0,0.0,0.0,0.0,0.0,0.0,0.0,3.92918,3.92918
2020-07-31,6.0,10.0,3.0,37.0,40.0,25.0,20.166666666666668,0.7855957413496164,6.364780311860318,4.5695626467790476,10.934342958639366
2020-08-01,0.0,0.0,0.0,0.0,0.0,0.0,0.0,0.0,0.0,4.203997635036724,4.203997635036724
2020-08-02,0.0,0.0,0.0,0.0,0.0,0.0,0.0,0.0,0.0,3.92918,3.92918
2020-08-03,0.0,0.0,0.0,0.0,0.0,0.0,0.0,0.0,0.0,3.92918,3.92918
2020-08-04,0.0,0.0,0.0,0.0,0.0,0.0,0.0,0.0,0.0,3.92918,3.92918
2020-08-05,0.0,0.0,0.0,0.0,0.0,0.0,0.0,0.0,0.0,3.92918,3.92918
2020-08-06,0.0,0.0,0.0,0.0,0.0,0.0,0.0,0.0,0.0,3.92918,3.92918
2020-08-07,0.0,0.0,0.0,0.0,0.0,0.0,0.0,0.0,0.0,3.92918,3.92918
2020-08-08,0.0,0.0,0.0,0.0,0.0,0.0,0.0,0.0,0.0,3.92918,3.92918
2020-08-09,0.0,0.0,0.0,0.0,0.0,0.0,0.0,0.0,0.0,3.92918,3.92918
2020-08-10,0.0,0.0,0.0,0.0,0.0,0.0,0.0,0.0,0.0,3.92918,3.92918
2020-08-11,1.0,75.0,1.0,0.0,0.0,0.0,12.833333333333334,0.0002793783830976059,0.002263482270466714,3.92918,3.931443482270467
2020-08-12,0.0,0.0,1.0,35.0,2.0,0.0,6.333333333333333,0.0,0.0,3.92918,3.92918
2020-08-13,0.0,11.0,0.0,0.0,0.0,0.0,1.8333333333333333,0.0,0.0,3.92918,3.92918
2020-08-14,2.0,0.0,7.0,0.0,0.0,6.0,2.5,0.0,0.0,3.92918,3.92918
2020-08-15,0.0,0.0,2.0,0.0,0.0,1.0,0.5,0.0,0.0,3.92918,3.92918
2020-08-16,2.0,0.0,4.0,0.0,0.0,1.0,1.1666666666666667,0.0,0.0,3.92918,3.92918
2020-08-17,0.0,0.0,0.0,0.0,0.0,0.0,0.0,0.0,0.0,3.92918,3.92918
2020-08-18,0.0,0.0,2.0,0.0,0.0,0.0,0.3333333333333333,0.0,0.0,3.92918,3.92918
2020-08-19,0.0,0.0,0.0,0.0,0.0,0.0,0.0,0.0,0.0,3.92918,3.92918
2020-08-20,0.0,0.0,0.0,0.0,0.0,0.0,0.0,0.0,0.0,3.92918,3.92918
2020-08-21,0.0,0.0,0.0,0.0,0.0,0.0,0.0,0.0,0.0,3.92918,3.92918
2020-08-22,0.0,0.0,0.0,0.0,0.0,0.0,0.0,0.0,0.0,3.92918,3.92918
2020-08-23,0.0,0.0,0.0,0.0,0.0,0.0,0.0,0.0,0.0,3.92918,3.92918
2020-08-24,0.0,0.0,0.0,0.0,0.0,0.0,0.0,0.0,0.0,3.92918,3.92918
2020-08-25,0.0,0.0,0.0,0.0,0.0,0.0,0.0,0.0,0.0,3.92918,3.92918
2020-08-26,0.0,0.0,0.0,0.0,0.0,0.0,0.0,0.0,0.0,3.92918,3.92918
2020-08-27,0.0,0.0,0.0,0.0,0.0,0.0,0.0,0.0,0.0,3.92918,3.92918
2020-08-28,0.0,7.0,1.0,0.0,0.0,0.0,1.3333333333333333,0.0,0.0,3.92918,3.92918
2020-08-29,0.0,0.0,0.0,0.0,0.0,2.0,0.3333333333333333,0.0,0.0,3.92918,3.92918
2020-08-30,4.0,0.0,20.0,0.0,0.0,3.0,4.5,0.0,0.0,3.92918,3.92918
2020-08-31,0.0,0.0,0.0,0.0,0.0,0.0,0.0,0.0,0.0,3.92918,3.92918
2020-09-01,0.0,0.0,2.0,0.0,0.0,1.0,0.5,0.0,0.0,3.92918,3.92918
2020-09-02,2.0,0.0,5.0,0.0,0.0,4.0,1.8333333333333333,0.0,0.0,3.92918,3.92918
2020-09-03,25.0,0.0,31.0,0.0,0.0,6.0,10.333333333333334,0.0,0.0,3.92918,3.92918
2020-09-04,0.0,0.0,0.0,15.0,2.0,15.0,5.333333333333333,0.0,0.0,3.92918,3.92918
2020-09-05,0.0,0.0,0.0,0.0,0.0,0.0,0.0,0.0,0.0,3.92918,3.92918
2020-09-06,0.0,0.0,0.0,0.0,0.0,0.0,0.0,0.0,0.0,3.92918,3.92918
2020-09-07,2.0,0.0,6.0,0.0,0.0,3.0,1.8333333333333333,0.0,0.0,3.92918,3.92918
2020-09-08,0.0,0.0,0.0,0.0,0.0,0.0,0.0,0.0,0.0,3.92918,3.92918
2020-09-09,0.0,0.0,0.0,0.0,0.0,0.0,0.0,0.0,0.0,3.92918,3.92918
2020-09-10,0.0,0.0,0.0,0.0,0.0,0.0,0.0,0.0,0.0,3.92918,3.92918
2020-09-11,0.0,0.0,0.0,0.0,0.0,0.0,0.0,0.0,0.0,3.92918,3.92918
2020-09-12,0.0,0.0,0.0,0.0,0.0,0.0,0.0,0.0,0.0,3.92918,3.92918
2020-09-13,0.0,0.0,0.0,0.0,0.0,0.0,0.0,0.0,0.0,3.92918,3.92918
2020-09-14,0.0,0.0,0.0,0.0,0.0,0.0,0.0,0.0,0.0,3.92918,3.92918
2020-09-15,0.0,0.0,0.0,0.0,0.0,0.0,0.0,0.0,0.0,3.92918,3.92918
2020-09-16,0.0,0.0,0.0,0.0,0.0,0.0,0.0,0.0,0.0,3.92918,3.92918
2020-09-17,0.0,0.0,0.0,0.0,0.0,0.0,0.0,0.0,0.0,3.92918,3.92918
2020-09-18,0.0,0.0,0.0,0.0,0.0,0.0,0.0,0.0,0.0,3.92918,3.92918
2020-09-19,0.0,0.0,0.0,0.0,0.0,0.0,0.0,0.0,0.0,3.92918,3.92918
2020-09-20,0.0,0.0,0.0,0.0,0.0,0.0,0.0,0.0,0.0,3.92918,3.92918
2020-09-21,74.0,7.0,102.0,0.0,0.0,5.0,31.333333333333332,4.227286255411256,34.24884697671157,8.752172646506736,43.001019623218305
2020-09-22,12.0,0.0,9.0,0.0,3.0,97.0,20.166666666666668,0.7855957413496164,6.364780311860318,9.006715881565244,15.37149619342556
2020-09-23,0.0,0.0,0.0,3.0,1.0,42.0,7.666666666666667,0.0,0.0,8.286178611040025,8.286178611040025
2020-09-24,0.0,0.0,3.0,0.0,0.0,0.0,0.5,0.0,0.0,7.623284322156824,7.623284322156824
2020-09-25,0.0,0.0,0.0,0.0,0.0,0.0,0.0,0.0,0.0,7.013421576384278,7.013421576384278
2020-09-26,0.0,0.0,0.0,0.0,0.0,0.0,0.0,0.0,0.0,6.4523478502735365,6.4523478502735365
2020-09-27,0.0,0.0,0.0,0.0,0.0,0.0,0.0,0.0,0.0,5.936160022251654,5.936160022251654
2020-09-28,3.0,0.0,4.0,0.0,0.0,0.0,1.1666666666666667,0.0,0.0,5.461267220471522,5.461267220471522
2020-09-29,0.0,0.0,7.0,0.0,0.0,2.0,1.5,0.0,0.0,5.0243658428338005,5.0243658428338005
2020-09-30,9.0,47.0,14.0,0.0,0.0,0.0,11.666666666666666,0.0,0.0,4.6224165754070965,4.6224165754070965
2020-10-01,0.0,0.0,4.0,0.0,0.0,0.0,0.6666666666666666,0.0,0.0,4.252623249374529,4.252623249374529
2020-10-02,57.0,9.0,8.0,0.0,0.0,0.0,12.333333333333334,0.0,0.0,3.92918,3.92918
2020-10-03,13.0,17.0,30.0,2.0,0.0,158.0,36.666666666666664,6.5670858739837366,53.205556849405276,11.595679127410792,64.80123597681607
2020-10-04,8.0,20.0,8.0,13.0,18.0,16.0,13.833333333333334,0.019872786659790257,0.16100637340107846,10.69217575322809,10.853182126629168
2020-10-05,2.0,5.0,4.0,2.0,13.0,12.0,6.333333333333333,0.0,0.0,9.836801692969843,9.836801692969843
2020-10-06,0.0,0.0,2.0,1.0,0.0,9.0,2.0,0.0,0.0,9.049857557532256,9.049857557532256
2020-10-07,0.0,0.0,2.0,0.0,0.0,10.0,2.0,0.0,0.0,8.325868952929676,8.325868952929676
2020-10-08,0.0,0.0,1.0,0.0,0.0,0.0,0.16666666666666666,0.0,0.0,7.659799436695303,7.659799436695303
2020-10-09,0.0,0.0,0.0,0.0,0.0,0.0,0.0,0.0,0.0,7.047015481759678,7.047015481759678
2020-10-10,0.0,5.0,0.0,0.0,0.0,7.0,2.0,0.0,0.0,6.483254243218904,6.483254243218904
2020-10-11,108.0,11.0,107.0,11.0,1.0,0.0,39.666666666666664,8.03833210513387,65.12537585177904,15.733400281528247,80.85877613330729
2020-10-12,3.0,5.0,7.0,4.0,17.0,67.0,17.166666666666668,0.29354258623508256,2.3782385458860853,14.831464040888902,17.209702586774988
2020-10-13,1.0,0.0,1.0,1.0,0.0,0.0,0.5,0.0,0.0,13.64494691761779,13.64494691761779
2020-10-14,0.0,0.0,0.0,0.0,1.0,0.0,0.16666666666666666,0.0,0.0,12.553351164208369,12.553351164208369
2020-10-15,7.0,0.0,15.0,0.0,0.0,0.0,3.6666666666666665,0.0,0.0,11.5490830710717,11.5490830710717
2020-10-16,0.0,0.0,0.0,0.0,0.0,0.0,0.0,0.0,0.0,10.625156425385963,10.625156425385963
2020-10-17,0.0,0.0,0.0,0.0,0.0,2.0,0.3333333333333333,0.0,0.0,9.775143911355087,9.775143911355087
2020-10-18,0.0,0.0,1.0,0.0,0.0,0.0,0.16666666666666666,0.0,0.0,8.993132398446681,8.993132398446681
2020-10-19,3.0,1.0,3.0,0.0,0.0,0.0,1.1666666666666667,0.0,0.0,8.273681806570947,8.273681806570947
2020-10-20,19.0,27.0,21.0,4.0,0.0,7.0,13.0,0.0014106583072100213,0.01142894461859971,7.613501603738062,7.624930548356661
2020-10-21,1.0,25.0,1.0,18.0,4.0,97.0,24.333333333333332,1.8012570245489494,14.59351756000306,9.193449109439475,23.786966669442535
2020-10-22,0.0,2.0,0.0,89.0,12.0,8.0,18.5,0.48542568542568526,3.932846988402543,9.0479002289447,12.980747217347243
2020-10-23,0.0,0.0,0.0,4.0,0.0,0.0,0.6666666666666666,0.0,0.0,8.324068210629123,8.324068210629123
2020-10-24,0.0,11.0,0.0,0.0,0.0,0.0,1.8333333333333333,0.0,0.0,7.658142753778794,7.658142753778794
2020-10-25,65.0,34.0,56.0,5.0,0.0,0.0,26.666666666666668,2.518086632243259,20.40116484456344,10.105666060161006,30.506830904724445
2020-10-26,27.0,10.0,37.0,7.0,1.0,0.0,13.666666666666666,0.014495001723543555,0.11743635655648714,9.314828228831598,9.432264585388085
2020-10-27,17.0,7.0,26.0,17.0,0.0,88.0,25.833333333333332,2.2507756995795267,18.235451269741535,11.3049596609863,29.540410930727838
2020-10-28,8.0,18.0,12.0,1.0,26.0,34.0,16.5,0.21456166419019307,1.738346816355731,10.661314910560757,12.399661726916488
2020-10-29,0.0,0.0,0.0,0.0,0.0,5.0,0.8333333333333334,0.0,0.0,9.808409717715897,9.808409717715897
2020-10-30,0.0,0.0,0.0,28.0,48.0,34.0,18.333333333333332,0.45903246544519416,3.7190130302272673,9.581588894832716,13.300601925059983
2020-10-31,0.0,0.0,0.0,0.0,0.0,0.0,0.0,0.0,0.0,8.8150617832461,8.8150617832461
2020-11-01,125.0,71.0,176.0,53.0,16.0,0.0,73.5,29.7396621078037,240.94633652155775,44.25180731882007,285.19814384037784
2020-11-02,11.0,12.0,2.0,54.0,48.0,67.0,32.333333333333336,4.6367415129644485,37.566192813369376,46.34659165531988,83.91278446868925
2020-11-03,2.0,3.0,6.0,16.0,6.0,1.0,5.666666666666667,0.0,0.0,42.638864322894285,42.638864322894285
2020-11-04,1.0,0.0,2.0,0.0,10.0,73.0,14.333333333333334,0.04095871716137835,0.33184145848338936,39.277531395835254,39.60937285431864
2020-11-05,5.0,0.0,13.0,3.0,1.0,0.0,3.6666666666666665,0.0,0.0,36.13532888416844,36.13532888416844
2020-11-06,0.0,0.0,0.0,2.0,30.0,36.0,11.333333333333334,0.0,0.0,33.244502573434964,33.244502573434964
2020-11-07,0.0,0.0,0.0,0.0,0.0,0.0,0.0,0.0,0.0,30.584942367560167,30.584942367560167
2020-11-08,0.0,0.0,0.0,0.0,0.0,0.0,0.0,0.0,0.0,28.138146978155355,28.138146978155355
2020-11-09,5.0,0.0,15.0,0.0,0.0,0.0,3.3333333333333335,0.0,0.0,25.88709521990293,25.88709521990293
2020-11-10,1.0,0.0,23.0,0.0,0.0,0.0,4.0,0.0,0.0,23.816127602310694,23.816127602310694
2020-11-11,0.0,0.0,0.0,0.0,0.0,0.0,0.0,0.0,0.0,21.91083739412584,21.91083739412584
2020-11-12,2.0,0.0,2.0,0.0,0.0,0.0,0.6666666666666666,0.0,0.0,20.157970402595772,20.157970402595772
2020-11-13,3.0,0.0,11.0,4.0,3.0,5.0,4.333333333333333,0.0,0.0,18.54533277038811,18.54533277038811
2020-11-14,40.0,49.0,70.0,0.0,1.0,2.0,27.0,2.6284061696658094,21.29495739312577,20.255949757725926,41.5509071508517
2020-11-15,30.0,47.0,188.0,22.0,35.0,6.0,54.666666666666664,16.69912557943531,135.29384150005458,38.92955000211604,174.2233915021706
2020-11-16,10.0,0.0,12.0,28.0,1.0,92.0,23.833333333333332,1.660800952806312,13.455563275051137,37.833520493204425,51.289083768255566
2020-11-17,42.0,0.0,47.0,0.0,0.0,0.0,14.833333333333334,0.06934145928559335,0.5617942303230942,34.89110798829654,35.452902218619634
2020-11-18,0.0,0.0,5.0,0.0,0.0,1.0,1.0,0.0,0.0,32.09981934923282,32.09981934923282
2020-11-19,3.0,5.0,12.0,0.0,0.0,0.0,3.3333333333333335,0.0,0.0,29.531833801294194,29.531833801294194
2020-11-20,1.0,0.0,1.0,11.0,19.0,4.0,6.0,0.0,0.0,27.16928709719066,27.16928709719066
2020-11-21,9.0,9.0,21.0,0.0,0.0,0.0,6.5,0.0,0.0,24.99574412941541,24.99574412941541
2020-11-22,11.0,14.0,60.0,11.0,1.0,0.0,16.166666666666668,0.17945910071345614,1.4539510474469826,23.214177256179227,24.668128303626208
2020-11-23,21.0,21.0,26.0,5.0,6.0,48.0,21.166666666666668,0.9960784313725491,8.070079883805375,22.567555058255696,30.63763494206107
2020-11-24,27.0,10.0,19.0,1.0,26.0,0.0,13.833333333333334,0.019872786659790257,0.16100637340107846,20.786301609605403,20.947307983006482
2020-11-25,7.0,17.0,8.0,2.0,1.0,4.0,6.5,0.0,0.0,19.12339748083697,19.12339748083697
2020-11-26,4.0,21.0,1.0,36.0,10.0,71.0,23.833333333333332,1.660800952806312,13.455563275051137,19.611860173627683,33.067423448678824
2020-11-27,0.0,3.0,1.0,19.0,0.0,29.0,8.666666666666666,0.0,0.0,18.04291135973747,18.04291135973747
2020-11-28,20.0,21.0,8.0,0.0,1.0,0.0,8.333333333333334,0.0,0.0,16.599478450958472,16.599478450958472
2020-11-29,5.0,15.0,10.0,35.0,7.0,38.0,18.333333333333332,0.45903246544519416,3.7190130302272673,15.829372129415885,19.548385159643153
2020-11-30,51.0,39.0,32.0,16.0,10.0,18.0,27.666666666666668,2.854729538374398,23.128595797014796,18.032311728614832,41.160907525629625
2020-12-01,0.0,0.0,0.0,19.0,0.0,0.0,3.1666666666666665,0.0,0.0,16.589726790325646,16.589726790325646
2020-12-02,2.0,14.0,1.0,0.0,8.0,0.0,4.166666666666667,0.0,0.0,15.262548647099594,15.262548647099594
2020-12-03,16.0,6.0,35.0,28.0,43.0,20.0,24.666666666666668,1.8975412249705537,15.373597887492913,16.347584438455563,31.721182325948476
2020-12-04,2.0,0.0,2.0,5.0,5.0,0.0,2.3333333333333335,0.0,0.0,15.039777683379118,15.039777683379118
2020-12-05,5.0,15.0,16.0,0.0,2.0,8.0,7.666666666666667,0.0,0.0,13.836595468708788,13.836595468708788
2020-12-06,1.0,1.0,7.0,39.0,3.0,45.0,16.0,0.1630239520958083,1.320795908183632,12.92778721743963,14.248583125623261
2020-12-07,4.0,0.0,10.0,0.0,1.0,0.0,2.5,0.0,0.0,11.89356424004446,11.89356424004446
2020-12-08,2.0,6.0,8.0,5.0,0.0,8.0,4.833333333333333,0.0,0.0,10.942079100840903,10.942079100840903
2020-12-09,10.0,6.0,11.0,6.0,15.0,19.0,11.166666666666666,0.0,0.0,10.06671277277363,10.06671277277363
2020-12-10,7.0,24.0,7.0,6.0,5.0,2.0,8.5,0.0,0.0,9.261375750951741,9.261375750951741
2020-12-11,15.0,11.0,7.0,25.0,12.0,0.0,11.666666666666666,0.0,0.0,8.520465690875602,8.520465690875602
2020-12-12,13.0,0.0,17.0,25.0,6.0,5.0,11.0,0.0,0.0,7.838828435605554,7.838828435605554
2020-12-13,10.0,10.0,17.0,5.0,8.0,7.0,9.5,0.0,0.0,7.21172216075711,7.21172216075711
2020-12-14,31.0,35.0,37.0,32.0,10.0,4.0,24.833333333333332,1.946466872337299,15.769986234214226,9.000282323028674,24.7702685572429
2020-12-15,18.0,5.0,21.0,11.0,9.0,6.0,11.666666666666666,0.0,0.0,8.28025973718638,8.28025973718638
2020-12-16,9.0,14.0,12.0,8.0,7.0,22.0,12.0,0.0,0.0,7.61783895821147,7.61783895821147
2020-12-17,25.0,14.0,27.0,20.0,2.0,5.0,15.5,0.1182503770739064,0.9580470364784083,7.152118897026314,8.110165933504723
2020-12-18,30.0,26.0,39.0,32.0,16.0,15.0,26.333333333333332,2.4096946125036007,19.522988758709726,9.508397699070668,29.031386457780393
2020-12-19,0.0,3.0,3.0,23.0,20.0,18.0,11.166666666666666,0.0,0.0,8.747725883145016,8.747725883145016
2020-12-20,1.0,0.0,1.0,4.0,3.0,0.0,1.5,0.0,0.0,8.047907812493415,8.047907812493415
2020-12-21,0.0,0.0,1.0,25.0,1.0,0.0,4.5,0.0,0.0,7.404075187493942,7.404075187493942
2020-12-22,0.0,2.0,3.0,30.0,1.0,0.0,6.0,0.0,0.0,6.811749172494427,6.811749172494427
2020-12-23,0.0,0.0,0.0,4.0,0.0,0.0,0.6666666666666666,0.0,0.0,6.266809238694873,6.266809238694873
2020-12-24,0.0,0.0,0.0,0.0,0.0,0.0,0.0,0.0,0.0,5.765464499599283,5.765464499599283
2020-12-25,0.0,5.0,6.0,0.0,0.0,0.0,1.8333333333333333,0.0,0.0,5.304227339631341,5.304227339631341
2020-12-26,13.0,17.0,8.0,32.0,4.0,5.0,13.166666666666666,0.003404550981413907,0.027583167673492306,4.884026627611857,4.911609795285349
2020-12-27,31.0,14.0,39.0,11.0,17.0,27.0,23.166666666666668,1.4810875769866305,11.999552128363904,6.293237316657494,18.2927894450214
2020-12-28,3.0,4.0,7.0,18.0,28.0,23.0,13.833333333333334,0.019872786659790257,0.16100637340107846,5.813929287335056,5.974935660736135
2020-12-29,5.0,5.0,5.0,2.0,2.0,0.0,3.1666666666666665,0.0,0.0,5.348814944348252,5.348814944348252
2020-12-30,0.0,0.0,0.0,0.0,0.0,0.0,0.0,0.0,0.0,4.920909748800392,4.920909748800392
2020-12-31,0.0,0.0,0.0,0.0,0.0,0.0,0.0,0.0,0.0,4.527236968896361,4.527236968896361
2021-01-01,6.0,26.0,7.0,7.0,0.0,0.0,7.666666666666667,0.0,0.0,4.1650580113846525,4.1650580113846525
2021-01-02,1.0,2.0,6.0,25.0,43.0,6.0,13.833333333333334,0.019872786659790257,0.16100637340107846,3.92918,4.090186373401078
2021-01-03,6.0,14.0,12.0,3.0,1.0,8.0,7.333333333333333,0.0,0.0,3.92918,3.92918
2021-01-04,1.0,10.0,1.0,8.0,3.0,12.0,5.833333333333333,0.0,0.0,3.92918,3.92918
2021-01-05,1.0,6.0,2.0,28.0,12.0,2.0,8.5,0.0,0.0,3.92918,3.92918
2021-01-06,1.0,4.0,3.0,5.0,11.0,6.0,5.0,0.0,0.0,3.92918,3.92918
2021-01-07,1.0,29.0,1.0,14.0,0.0,3.0,8.0,0.0,0.0,3.92918,3.92918
2021-01-08,5.0,9.0,5.0,6.0,2.0,0.0,4.5,0.0,0.0,3.92918,3.92918
2021-01-09,6.0,7.0,10.0,6.0,2.0,5.0,6.0,0.0,0.0,3.92918,3.92918
2021-01-10,4.0,3.0,4.0,1.0,1.0,1.0,2.3333333333333335,0.0,0.0,3.92918,3.92918
2021-01-11,33.0,9.0,47.0,13.0,6.0,65.0,28.833333333333332,3.2685363471466444,26.481197256975125,7.587025188546269,34.06822244552139
2021-01-12,9.0,27.0,64.0,32.0,41.0,32.0,34.166666666666664,5.423512488557602,43.940494698962056,13.571137378306876,57.51163207726893
2021-01-13,54.0,17.0,47.0,28.0,11.0,31.0,31.333333333333332,4.227286255411256,34.24884697671157,17.62277343454906,51.87162041126063
2021-01-14,1.0,1.0,3.0,19.0,24.0,0.0,8.0,0.0,0.0,16.212951559785136,16.212951559785136
2021-01-15,10.0,3.0,13.0,1.0,2.0,0.0,4.833333333333333,0.0,0.0,14.915915435002326,14.915915435002326
2021-01-16,15.0,17.0,6.0,2.0,5.0,20.0,10.833333333333334,0.0,0.0,13.72264220020214,13.72264220020214
2021-01-17,0.0,2.0,0.0,18.0,4.0,16.0,6.666666666666667,0.0,0.0,12.624830824185969,12.624830824185969
2021-01-18,38.0,17.0,37.0,0.0,1.0,13.0,17.666666666666668,0.3602888672508926,2.9190070263382504,12.052695412201828,14.971702438540078
2021-01-19,1.0,1.0,47.0,16.0,14.0,12.0,15.166666666666666,0.09223513559036538,0.7472754040886083,11.200571089838974,11.947846493927582
2021-01-20,3.0,5.0,5.0,2.0,1.0,0.0,2.6666666666666665,0.0,0.0,10.304525402651857,10.304525402651857
2021-01-21,3.0,0.0,2.0,2.0,10.0,0.0,2.8333333333333335,0.0,0.0,9.480163370439708,9.480163370439708
2021-01-22,6.0,2.0,11.0,1.0,0.0,0.0,3.3333333333333335,0.0,0.0,8.721750300804532,8.721750300804532
2021-01-23,0.0,0.0,0.0,3.0,10.0,0.0,2.1666666666666665,0.0,0.0,8.024010276740169,8.024010276740169
2021-01-24,0.0,3.0,1.0,3.0,0.0,3.0,1.6666666666666667,0.0,0.0,7.382089454600956,7.382089454600956
2021-01-25,0.0,0.0,0.0,1.0,2.0,2.0,0.8333333333333334,0.0,0.0,6.79152229823288,6.79152229823288
2021-01-26,94.0,88.0,85.0,0.0,0.0,0.0,44.5,10.61112277019937,85.96974466596711,19.143662214269316,105.11340688023643
2021-01-27,26.0,25.0,42.0,54.0,86.0,84.0,52.833333333333336,15.54214645652407,125.92016805054223,36.50019444470911,162.42036249525134
2021-01-28,11.0,5.0,32.0,22.0,26.0,36.0,22.0,1.1880494505494503,9.625400641025639,35.02398898528623,44.64938962631187
2021-01-29,44.0,20.0,52.0,2.0,2.0,9.0,21.5,1.0710926694329181,8.677834127350032,33.52374498556584,42.20157911291587
2021-01-30,37.0,4.0,52.0,19.0,15.0,16.0,23.833333333333332,1.660800952806312,13.455563275051137,32.86017987797825,46.31574315302939
2021-01-31,9.0,37.0,18.0,5.0,5.0,8.0,13.666666666666666,0.014495001723543555,0.11743635655648714,30.24898094122346,30.36641729777995
2021-02-01,5.0,27.0,7.0,24.0,19.0,16.0,16.333333333333332,0.19664018536908287,1.5931496499809954,28.068034913422736,29.66118456340373
2021-02-02,49.0,27.0,51.0,46.0,2.0,8.0,30.5,3.8971709717097163,31.574301854129644,30.558737398468367,62.13303925259801
2021-02-03,34.0,32.0,29.0,39.0,19.0,46.0,33.166666666666664,4.988699219266902,40.41770200794944,34.176693707783315,74.59439571573276
2021-02-04,7.0,27.0,11.0,51.0,23.0,32.0,25.166666666666668,2.0458680707912826,16.57532001798493,33.92885621385839,50.50417623184332
2021-02-05,32.0,13.0,30.0,52.0,12.0,14.0,25.5,2.147313237221494,17.397213727488953,33.82412977587306,51.221343503362014
2021-02-06,0.0,0.0,0.0,7.0,32.0,21.0,10.0,0.0,0.0,31.118199393803216,31.118199393803216
2021-02-07,29.0,23.0,18.0,0.0,0.0,4.0,12.333333333333334,0.0,0.0,28.628743442298962,28.628743442298962
2021-02-08,56.0,14.0,54.0,9.0,12.0,4.0,24.833333333333332,1.946466872337299,15.769986234214226,28.70394190204718,44.47392813626141
2021-02-09,51.0,27.0,57.0,6.0,7.0,63.0,35.166666666666664,5.871474731808192,47.56981842900156,33.54309931423364,81.1129177432352
2021-02-10,5.0,7.0,7.0,22.0,48.0,87.0,29.333333333333332,3.4525929007210205,27.972396186397155,35.055510797054524,63.02790698345168
2021-02-11,1.0,0.0,4.0,6.0,2.0,0.0,2.1666666666666665,0.0,0.0,32.25106993329016,32.25106993329016
2021-02-12,0.0,6.0,3.0,0.0,0.0,11.0,3.3333333333333335,0.0,0.0,29.670984338626948,29.670984338626948
2021-02-13,1.0,0.0,0.0,7.0,2.0,8.0,3.0,0.0,0.0,27.297305591536794,27.297305591536794
2021-02-14,0.0,1.0,1.0,1.0,1.0,0.0,0.6666666666666666,0.0,0.0,25.113521144213852,25.113521144213852
2021-02-15,1.0,3.0,1.0,8.0,2.0,2.0,2.8333333333333335,0.0,0.0,23.104439452676743,23.104439452676743
2021-02-16,3.0,2.0,4.0,2.0,15.0,3.0,4.833333333333333,0.0,0.0,21.256084296462603,21.256084296462603
2021-02-17,26.0,26.0,13.0,6.0,0.0,0.0,11.833333333333334,0.0,0.0,19.555597552745596,19.555597552745596
2021-02-18,0.0,4.0,1.0,37.0,12.1,14.0,11.35,0.0,0.0,17.99114974852595,17.99114974852595
2021-02-19,9.0,4.0,22.0,37.0,1.0,1.0,12.333333333333334,0.0,0.0,16.551857768643874,16.551857768643874
2021-02-20,0.0,4.0,0.0,2.0,31.0,68.0,17.5,0.3373352855051243,2.7330405075646644,15.637665223287064,18.37070573085173
2021-02-21,0.0,0.0,0.0,2.0,13.0,25.0,6.666666666666667,0.0,0.0,14.3866520054241,14.3866520054241
2021-02-22,12.0,2.0,17.0,0.0,0.0,0.0,5.166666666666667,0.0,0.0,13.235719844990173,13.235719844990173
2021-02-23,19.0,14.0,32.0,2.0,3.0,7.0,12.833333333333334,0.0002793783830976059,0.002263482270466714,12.17720177973153,12.179465262001996
2021-02-24,0.0,1.0,0.0,16.0,17.0,17.0,8.5,0.0,0.0,11.203025637353008,11.203025637353008
2021-02-25,0.0,0.0,0.0,1.0,1.0,2.0,0.6666666666666666,0.0,0.0,10.306783586364768,10.306783586364768
2021-02-26,0.0,6.0,0.0,0.0,0.0,0.0,1.0,0.0,0.0,9.482240899455586,9.482240899455586
2021-02-27,49.0,9.0,18.0,7.0,1.0,12.0,16.0,0.1630239520958083,1.320795908183632,8.921781013726685,10.242576921910317
2021-02-28,1.0,0.0,1.0,8.0,21.0,8.0,6.5,0.0,0.0,8.208038532628551,8.208038532628551
2021-03-01,0.0,0.0,0.0,1.0,0.0,2.0,0.5,0.0,0.0,7.551395450018267,7.551395450018267
2021-03-02,0.0,4.0,0.0,0.0,0.0,0.0,0.6666666666666666,0.0,0.0,6.9472838140168065,6.9472838140168065
2021-03-03,0.0,25.0,0.0,9.0,16.0,3.0,8.833333333333334,0.0,0.0,6.391501108895462,6.391501108895462
2021-03-04,0.0,5.0,5.0,12.0,56.0,2.0,13.333333333333334,0.006254331254331246,0.05067166525499852,5.887781769972076,5.938453435227074
2021-03-05,0.0,1.0,0.0,25.0,11.0,4.0,6.833333333333333,0.0,0.0,5.41675922837431,5.41675922837431
2021-03-06,75.0,7.0,73.0,0.0,3.0,10.0,28.0,2.970685279187817,24.06805203045685,8.593626294672893,32.66167832512974
2021-03-07,0.0,2.0,3.0,1.0,38.0,58.0,17.0,0.27271386430678457,2.2094873265595973,8.237559290083002,10.447046616642599
2021-03-08,3.0,2.0,10.0,10.0,24.0,0.0,8.166666666666666,0.0,0.0,7.578554546876362,7.578554546876362
2021-03-09,0.0,10.0,0.0,3.0,4.0,2.0,3.1666666666666665,0.0,0.0,6.972270183126254,6.972270183126254
2021-03-10,50.0,0.0,3.0,4.0,0.0,0.0,9.5,0.0,0.0,6.414488568476154,6.414488568476154
2021-03-11,0.0,17.0,0.0,2.0,0.0,11.0,5.0,0.0,0.0,5.901329482998062,5.901329482998062
2021-03-12,1.0,0.0,1.0,47.0,1.0,1.0,8.5,0.0,0.0,5.4292231243582165,5.4292231243582165
2021-03-13,9.0,9.0,12.0,0.0,0.0,4.0,5.666666666666667,0.0,0.0,4.994885274409559,4.994885274409559
2021-03-14,2.0,3.0,0.0,3.0,1.0,0.0,1.5,0.0,0.0,4.595294452456795,4.595294452456795
2021-03-15,0.0,5.0,0.0,21.0,2.0,0.0,4.666666666666667,0.0,0.0,4.227670896260252,4.227670896260252
2021-03-16,38.0,13.0,22.0,18.0,2.0,0.0,15.5,0.1182503770739064,0.9580470364784083,4.033164280031193,4.9912113165096015
2021-03-17,0.0,25.0,0.0,8.0,11.0,4.0,8.0,0.0,0.0,3.92918,3.92918
2021-03-18,30.0,62.0,18.0,66.0,15.0,0.0,31.833333333333332,4.4302272421675415,35.89304478607962,8.998802317911943,44.891847103991566
2021-03-19,22.0,20.0,10.0,91.0,59.0,32.0,39.0,7.702561247216034,62.40501010475954,17.63964964819292,80.04465975295246
2021-03-20,12.0,5.0,10.0,38.0,15.0,23.0,17.166666666666668,0.29354258623508256,2.3782385458860853,16.5852134582204,18.963452004106486
2021-03-21,0.0,0.0,0.0,3.0,3.0,2.0,1.3333333333333333,0.0,0.0,15.25839638156277,15.25839638156277
2021-03-22,0.0,6.0,0.0,0.0,0.0,0.0,1.0,0.0,0.0,14.037724671037749,14.037724671037749
2021-03-23,0.0,0.0,0.0,3.0,0.0,6.0,1.5,0.0,0.0,12.91470669735473,12.91470669735473
2021-03-24,0.0,5.0,0.0,0.0,0.0,0.0,0.8333333333333334,0.0,0.0,11.881530161566351,11.881530161566351
2021-03-25,0.0,2.0,3.0,1.0,0.0,0.0,1.0,0.0,0.0,10.931007748641044,10.931007748641044
2021-03-26,1.0,0.0,4.0,3.0,1.0,3.0,2.0,0.0,0.0,10.05652712874976,10.05652712874976
2021-03-27,0.0,25.0,3.0,8.0,0.0,0.0,6.0,0.0,0.0,9.25200495844978,9.25200495844978
2021-03-28,0.0,0.0,1.0,38.0,6.0,0.0,7.5,0.0,0.0,8.511844561773797,8.511844561773797
2021-03-29,1.0,39.0,1.0,0.0,0.0,0.0,6.833333333333333,0.0,0.0,7.8308969968318936,7.8308969968318936
2021-03-30,0.0,4.0,35.0,0.0,0.0,0.0,6.5,0.0,0.0,7.204425237085342,7.204425237085342
2021-03-31,0.0,0.0,0.0,0.0,0.0,0.0,0.0,0.0,0.0,6.628071218118515,6.628071218118515
2021-04-01,27.0,72.0,19.0,7.0,7.0,0.0,22.0,1.1880494505494503,9.625400641025639,7.541635616822879,17.16703625784852
2021-04-02,0.0,0.0,0.0,17.0,60.0,30.0,17.833333333333332,0.38394042415411983,3.1106284364338412,7.404899032942126,10.515527469375968
2021-04-03,15.0,4.0,30.0,0.0,0.0,0.0,8.166666666666666,0.0,0.0,6.812507110306756,6.812507110306756
2021-04-04,15.0,48.0,15.0,1.0,1.0,2.0,13.666666666666666,0.014495001723543555,0.11743635655648714,6.285121994965689,6.402558351522176
2021-04-05,3.0,0.0,3.0,85.0,72.0,29.0,32.0,4.49867149758454,36.44757000357844,11.2494477359052,47.69701773948364
2021-04-06,91.0,19.0,83.0,2.0,1.0,1.0,32.833333333333336,4.8467649794074665,39.26777182390309,16.239657690618248,55.507429514521334
2021-04-07,0.0,13.0,1.0,21.0,37.0,98.0,28.333333333333332,3.088472339230553,25.022345340988277,18.693836876517032,43.716182217505306
2021-04-08,0.0,0.0,0.0,7.0,16.0,0.0,3.8333333333333335,0.0,0.0,17.19832992639567,17.19832992639567
2021-04-09,0.0,29.0,0.0,0.0,0.0,0.0,4.833333333333333,0.0,0.0,15.822463532284017,15.822463532284017
2021-04-10,62.0,20.0,39.0,21.0,8.0,5.0,25.833333333333332,2.2507756995795267,18.235451269741535,17.291984140162526,35.52743540990406
2021-04-11,0.0,0.0,0.0,69.0,29.0,60.0,26.333333333333332,2.4096946125036007,19.522988758709726,18.837073722755985,38.36006248146571
2021-04-12,1.0,0.0,5.0,12.0,0.0,0.0,3.0,0.0,0.0,17.330107824935506,17.330107824935506
2021-04-13,0.0,3.0,0.0,0.0,0.0,0.0,0.5,0.0,0.0,15.943699198940667,15.943699198940667
2021-04-14,2.0,17.0,0.0,3.0,2.0,2.0,4.333333333333333,0.0,0.0,14.668203263025415,14.668203263025415
2021-04-15,0.0,18.0,0.0,3.0,1.0,6.0,4.666666666666667,0.0,0.0,13.494747001983383,13.494747001983383
2021-04-16,0.0,0.0,1.0,0.0,31.0,8.0,6.666666666666667,0.0,0.0,12.415167241824713,12.415167241824713
2021-04-17,0.0,0.0,0.0,0.0,0.0,0.0,0.0,0.0,0.0,11.421953862478738,11.421953862478738
2021-04-18,4.0,4.0,2.0,0.0,0.0,0.0,1.6666666666666667,0.0,0.0,10.50819755348044,10.50819755348044
2021-04-19,0.0,0.0,0.0,24.0,19.0,0.0,7.166666666666667,0.0,0.0,9.667541749202005,9.667541749202005
2021-04-20,0.0,0.0,0.0,0.0,0.0,0.0,0.0,0.0,0.0,8.894138409265846,8.894138409265846
2021-04-21,0.0,0.0,0.0,0.0,0.0,0.0,0.0,0.0,0.0,8.182607336524578,8.182607336524578
2021-04-22,0.0,0.0,0.0,0.0,0.0,0.0,0.0,0.0,0.0,7.527998749602612,7.527998749602612
2021-04-23,0.0,0.0,0.0,0.0,0.0,0.0,0.0,0.0,0.0,6.925758849634404,6.925758849634404
2021-04-24,0.0,0.0,0.0,0.0,0.0,0.0,0.0,0.0,0.0,6.371698141663652,6.371698141663652
2021-04-25,0.0,6.0,0.0,0.0,0.0,0.0,1.0,0.0,0.0,5.86196229033056,5.86196229033056
2021-04-26,0.0,0.0,0.0,0.0,0.0,0.0,0.0,0.0,0.0,5.393005307104115,5.393005307104115
2021-04-27,0.0,0.0,0.0,0.0,0.0,0.0,0.0,0.0,0.0,4.961564882535786,4.961564882535786
2021-04-28,0.0,0.0,0.0,0.0,0.0,0.0,0.0,0.0,0.0,4.564639691932923,4.564639691932923
2021-04-29,0.0,0.0,0.0,13.0,24.0,6.0,7.166666666666667,0.0,0.0,4.199468516578289,4.199468516578289
2021-04-30,0.0,0.0,0.0,2.0,16.0,0.0,3.0,0.0,0.0,3.92918,3.92918
2021-05-01,0.0,2.0,0.0,6.0,6.0,8.0,3.6666666666666665,0.0,0.0,3.92918,3.92918
2021-05-02,0.0,0.0,0.0,0.0,0.0,0.0,0.0,0.0,0.0,3.92918,3.92918
2021-05-03,0.0,0.0,0.0,4.0,1.0,0.0,0.8333333333333334,0.0,0.0,3.92918,3.92918
2021-05-04,0.0,0.0,0.0,0.0,0.0,0.0,0.0,0.0,0.0,3.92918,3.92918
2021-05-05,0.0,0.0,0.0,0.0,0.0,0.0,0.0,0.0,0.0,3.92918,3.92918
2021-05-06,0.0,2.0,0.0,0.0,0.0,0.0,0.3333333333333333,0.0,0.0,3.92918,3.92918
2021-05-07,0.0,5.0,0.0,0.0,0.0,0.0,0.8333333333333334,0.0,0.0,3.92918,3.92918
2021-05-08,0.0,0.0,0.0,7.0,0.0,0.0,1.1666666666666667,0.0,0.0,3.92918,3.92918
2021-05-09,0.0,0.0,0.0,0.0,0.0,0.0,0.0,0.0,0.0,3.92918,3.92918
2021-05-10,0.0,0.0,3.0,0.0,0.0,0.0,0.5,0.0,0.0,3.92918,3.92918
2021-05-11,0.0,0.0,0.0,0.0,0.0,0.0,0.0,0.0,0.0,3.92918,3.92918
2021-05-12,0.0,0.0,0.0,0.0,0.0,0.0,0.0,0.0,0.0,3.92918,3.92918
2021-05-13,0.0,0.0,0.0,0.0,0.0,0.0,0.0,0.0,0.0,3.92918,3.92918
2021-05-14,0.0,0.0,2.0,0.0,0.0,0.0,0.3333333333333333,0.0,0.0,3.92918,3.92918
2021-05-15,0.0,0.0,0.0,0.0,0.0,0.0,0.0,0.0,0.0,3.92918,3.92918
2021-05-16,0.0,0.0,0.0,0.0,0.0,0.0,0.0,0.0,0.0,3.92918,3.92918
2021-05-17,0.0,0.0,0.0,0.0,0.0,0.0,0.0,0.0,0.0,3.92918,3.92918
2021-05-18,0.0,0.0,0.0,1.0,0.0,0.0,0.16666666666666666,0.0,0.0,3.92918,3.92918
2021-05-19,0.0,0.0,0.0,0.0,0.0,0.0,0.0,0.0,0.0,3.92918,3.92918
2021-05-20,0.0,36.0,0.0,1.0,14.0,0.0,8.5,0.0,0.0,3.92918,3.92918
2021-05-21,0.0,10.0,0.0,15.0,1.0,0.0,4.333333333333333,0.0,0.0,3.92918,3.92918
2021-05-22,0.0,5.0,0.0,1.0,0.0,0.0,1.0,0.0,0.0,3.92918,3.92918
2021-05-23,0.0,2.0,0.0,2.0,0.0,0.0,0.6666666666666666,0.0,0.0,3.92918,3.92918
2021-05-24,0.0,7.0,20.0,13.0,7.0,1.0,8.0,0.0,0.0,3.92918,3.92918
2021-05-25,0.0,0.0,0.0,15.0,3.0,0.0,3.0,0.0,0.0,3.92918,3.92918
2021-05-26,0.0,0.0,0.0,0.0,0.0,0.0,0.0,0.0,0.0,3.92918,3.92918
2021-05-27,0.0,0.0,0.0,0.0,0.0,0.0,0.0,0.0,0.0,3.92918,3.92918
2021-05-28,0.0,7.0,0.0,0.0,0.0,0.0,1.1666666666666667,0.0,0.0,3.92918,3.92918
2021-05-29,3.0,34.0,6.0,0.0,0.0,10.0,8.833333333333334,0.0,0.0,3.92918,3.92918
2021-05-30,0.0,20.0,0.0,2.0,2.0,22.0,7.666666666666667,0.0,0.0,3.92918,3.92918
2021-05-31,0.0,0.0,0.0,0.0,0.0,0.0,0.0,0.0,0.0,3.92918,3.92918
2021-06-01,0.0,5.0,0.0,0.0,0.0,0.0,0.8333333333333334,0.0,0.0,3.92918,3.92918
2021-06-02,0.0,0.0,0.0,5.0,0.0,0.0,0.8333333333333334,0.0,0.0,3.92918,3.92918
2021-06-03,0.0,0.0,0.0,0.0,0.0,0.0,0.0,0.0,0.0,3.92918,3.92918
2021-06-04,0.0,0.0,0.0,0.0,0.0,0.0,0.0,0.0,0.0,3.92918,3.92918
2021-06-05,0.0,0.0,0.0,0.0,0.0,0.0,0.0,0.0,0.0,3.92918,3.92918
2021-06-06,1.0,6.0,0.0,0.0,0.0,0.0,1.1666666666666667,0.0,0.0,3.92918,3.92918
2021-06-07,0.0,0.0,0.0,22.0,4.0,1.0,4.5,0.0,0.0,3.92918,3.92918
2021-06-08,0.0,0.0,8.0,0.0,0.0,0.0,1.3333333333333333,0.0,0.0,3.92918,3.92918
2021-06-09,0.0,0.0,1.0,0.0,0.0,0.0,0.16666666666666666,0.0,0.0,3.92918,3.92918
2021-06-10,0.0,1.0,0.0,0.0,0.0,0.0,0.16666666666666666,0.0,0.0,3.92918,3.92918
2021-06-11,11.0,3.0,68.0,0.0,0.0,0.0,13.666666666666666,0.014495001723543555,0.11743635655648714,3.92918,4.046616356556488
2021-06-12,0.0,10.0,0.0,6.0,0.0,1.0,2.8333333333333335,0.0,0.0,3.92918,3.92918
2021-06-13,0.0,0.0,0.0,7.0,18.0,0.0,4.166666666666667,0.0,0.0,3.92918,3.92918
2021-06-14,0.0,2.0,6.0,0.0,0.0,0.0,1.3333333333333333,0.0,0.0,3.92918,3.92918
2021-06-15,28.0,0.0,32.0,11.0,20.0,5.0,16.0,0.1630239520958083,1.320795908183632,3.92918,5.249975908183632
2021-06-16,35.0,30.0,49.0,3.0,2.0,27.0,24.333333333333332,1.8012570245489494,14.59351756000306,5.803873234000459,20.39739079400352
2021-06-17,0.0,0.0,0.0,67.0,13.0,31.0,18.5,0.48542568542568526,3.932846988402543,5.929490423540805,9.862337411943347
2021-06-18,0.0,6.0,0.0,7.0,0.0,0.0,2.1666666666666665,0.0,0.0,5.45513118965754,5.45513118965754
2021-06-19,3.0,15.0,2.0,14.0,0.0,0.0,5.666666666666667,0.0,0.0,5.018720694484937,5.018720694484937
2021-06-20,0.0,1.0,9.0,24.0,41.0,11.0,14.333333333333334,0.04095871716137835,0.33184145848338936,4.6669992576986505,4.99884071618204
2021-06-21,3.0,23.0,2.0,0.0,0.0,0.0,4.666666666666667,0.0,0.0,4.293639317082759,4.293639317082759
2021-06-22,2.0,7.0,9.0,78.0,85.0,3.0,30.666666666666668,3.9623704309874532,32.10253821401872,8.765528903818947,40.86806711783767
2021-06-23,43.0,10.0,115.0,5.0,0.0,5.0,29.666666666666668,3.577478597072633,28.984201596653275,12.411916831011421,41.396118427664696
2021-06-24,22.0,2.0,23.0,19.0,2.0,11.0,13.166666666666666,0.003404550981413907,0.027583167673492306,11.423100959681532,11.450684127355025
2021-06-25,0.0,0.0,0.0,5.0,4.0,19.0,4.666666666666667,0.0,0.0,10.50925288290701,10.50925288290701
2021-06-26,0.0,6.0,3.0,0.0,0.0,0.0,1.5,0.0,0.0,9.66851265227445,9.66851265227445
2021-06-27,0.0,0.0,0.0,3.0,0.0,6.0,1.5,0.0,0.0,8.895031640092494,8.895031640092494
2021-06-28,0.0,0.0,22.0,0.0,0.0,3.0,4.166666666666667,0.0,0.0,8.183429108885095,8.183429108885095
2021-06-29,0.0,4.0,0.0,0.0,0.0,0.0,0.6666666666666666,0.0,0.0,7.528754780174288,7.528754780174288
2021-06-30,168.0,1.0,134.0,0.0,0.0,0.0,50.5,14.10503455083909,114.27690029615003,24.06798944218285,138.34488973833288
2021-07-01,0.0,0.0,0.0,0.0,0.0,0.0,0.0,0.0,0.0,22.142550286808223,22.142550286808223
2021-07-02,0.0,0.0,3.0,0.0,0.0,0.0,0.5,0.0,0.0,20.371146263863565,20.371146263863565
2021-07-03,0.0,0.0,0.0,0.0,0.0,0.0,0.0,0.0,0.0,18.74145456275448,18.74145456275448
2021-07-04,0.0,0.0,0.0,0.0,0.0,1.0,0.16666666666666666,0.0,0.0,17.24213819773412,17.24213819773412
2021-07-05,0.0,0.0,0.0,0.0,0.0,0.0,0.0,0.0,0.0,15.862767141915393,15.862767141915393
2021-07-06,0.0,0.0,0.0,0.0,0.0,0.0,0.0,0.0,0.0,14.593745770562162,14.593745770562162
2021-07-07,0.0,0.0,0.0,0.0,0.0,0.0,0.0,0.0,0.0,13.426246108917189,13.426246108917189
2021-07-08,0.0,59.0,1.0,0.0,0.0,0.0,10.0,0.0,0.0,12.352146420203814,12.352146420203814
2021-07-09,0.0,8.0,21.0,0.0,0.0,0.0,4.833333333333333,0.0,0.0,11.36397470658751,11.36397470658751
2021-07-10,0.0,4.0,0.0,18.0,28.0,2.0,8.666666666666666,0.0,0.0,10.45485673006051,10.45485673006051
2021-07-11,0.0,0.0,0.0,0.0,10.0,2.0,2.0,0.0,0.0,9.61846819165567,9.61846819165567
2021-07-12,0.0,0.0,0.0,0.0,0.0,0.0,0.0,0.0,0.0,8.848990736323216,8.848990736323216
2021-07-13,0.0,0.0,0.0,0.0,0.0,0.0,0.0,0.0,0.0,8.14107147741736,8.14107147741736
2021-07-14,0.0,0.0,0.0,0.0,0.0,0.0,0.0,0.0,0.0,7.489785759223971,7.489785759223971
2021-07-15,0.0,0.0,0.0,0.0,0.0,1.0,0.16666666666666666,0.0,0.0,6.890602898486054,6.890602898486054
2021-07-16,0.0,0.0,0.0,0.0,0.0,0.0,0.0,0.0,0.0,6.33935466660717,6.33935466660717
2021-07-17,0.0,0.0,0.0,0.0,0.0,0.0,0.0,0.0,0.0,5.832206293278596,5.832206293278596
2021-07-18,0.0,0.0,0.0,0.0,0.0,0.0,0.0,0.0,0.0,5.365629789816309,5.365629789816309
2021-07-19,0.0,0.0,0.0,0.0,0.0,0.0,0.0,0.0,0.0,4.936379406631004,4.936379406631004
2021-07-20,0.0,0.0,0.0,0.0,0.0,0.0,0.0,0.0,0.0,4.541469054100524,4.541469054100524
2021-07-21,0.0,0.0,0.0,0.0,0.0,0.0,0.0,0.0,0.0,4.1781515297724825,4.1781515297724825
2021-07-22,0.0,0.0,1.0,0.0,0.0,0.0,0.16666666666666666,0.0,0.0,3.92918,3.92918
2021-07-23,2.0,0.0,15.0,0.0,0.0,0.0,2.8333333333333335,0.0,0.0,3.92918,3.92918
2021-07-24,0.0,0.0,0.0,0.0,0.0,0.0,0.0,0.0,0.0,3.92918,3.92918
2021-07-25,0.0,0.0,0.0,0.0,0.0,0.0,0.0,0.0,0.0,3.92918,3.92918
2021-07-26,0.0,0.0,0.0,0.0,0.0,0.0,0.0,0.0,0.0,3.92918,3.92918
2021-07-27,0.0,0.0,0.0,0.0,0.0,0.0,0.0,0.0,0.0,3.92918,3.92918
2021-07-28,0.0,0.0,0.0,0.0,0.0,0.0,0.0,0.0,0.0,3.92918,3.92918
2021-07-29,3.0,0.0,4.0,0.0,0.0,0.0,1.1666666666666667,0.0,0.0,3.92918,3.92918
2021-07-30,0.0,0.0,5.0,2.0,5.0,9.0,3.5,0.0,0.0,3.92918,3.92918
2021-07-31,6.0,3.0,12.0,0.0,1.0,12.0,5.666666666666667,0.0,0.0,3.92918,3.92918
2021-08-01,5.0,0.0,14.0,0.0,1.0,5.0,4.166666666666667,0.0,0.0,3.92918,3.92918
2021-08-02,17.0,4.0,47.0,0.0,0.0,13.0,13.5,0.009953343701399664,0.08064051609930284,3.92918,4.009820516099303
2021-08-03,12.0,3.0,27.0,5.0,1.0,24.0,12.0,0.0,0.0,3.92918,3.92918
2021-08-04,1.0,5.0,0.0,3.0,0.0,20.0,4.833333333333333,0.0,0.0,3.92918,3.92918
2021-08-05,0.0,0.0,0.0,0.0,30.0,5.0,5.833333333333333,0.0,0.0,3.92918,3.92918
2021-08-06,0.0,0.0,0.0,0.0,0.0,0.0,0.0,0.0,0.0,3.92918,3.92918
2021-08-07,0.0,0.0,0.0,0.0,0.0,0.0,0.0,0.0,0.0,3.92918,3.92918
2021-08-08,0.0,0.0,0.0,0.0,0.0,0.0,0.0,0.0,0.0,3.92918,3.92918
2021-08-09,0.0,0.0,0.0,0.0,0.0,0.0,0.0,0.0,0.0,3.92918,3.92918
2021-08-10,0.0,0.0,0.0,0.0,0.0,0.0,0.0,0.0,0.0,3.92918,3.92918
2021-08-11,0.0,0.0,0.0,0.0,0.0,0.0,0.0,0.0,0.0,3.92918,3.92918
2021-08-12,0.0,0.0,4.0,0.0,0.0,0.0,0.6666666666666666,0.0,0.0,3.92918,3.92918
2021-08-13,0.0,0.0,4.0,0.0,0.0,2.0,1.0,0.0,0.0,3.92918,3.92918
2021-08-14,0.0,0.0,1.0,0.0,0.0,2.0,0.5,0.0,0.0,3.92918,3.92918
2021-08-15,0.0,0.0,2.0,0.0,0.0,0.0,0.3333333333333333,0.0,0.0,3.92918,3.92918
2021-08-16,0.0,0.0,0.0,0.0,0.0,0.0,0.0,0.0,0.0,3.92918,3.92918
2021-08-17,0.0,0.0,0.0,0.0,0.0,0.0,0.0,0.0,0.0,3.92918,3.92918
2021-08-18,1.0,0.0,0.0,0.0,0.0,0.0,0.16666666666666666,0.0,0.0,3.92918,3.92918
2021-08-19,0.0,0.0,0.0,0.0,0.0,4.0,0.6666666666666666,0.0,0.0,3.92918,3.92918
2021-08-20,0.0,0.0,0.0,0.0,0.0,0.0,0.0,0.0,0.0,3.92918,3.92918
2021-08-21,0.0,0.0,1.0,0.0,0.0,0.0,0.16666666666666666,0.0,0.0,3.92918,3.92918
2021-08-22,1.0,0.0,1.0,0.0,0.0,2.0,0.6666666666666666,0.0,0.0,3.92918,3.92918
2021-08-23,0.0,0.0,0.0,0.0,0.0,0.0,0.0,0.0,0.0,3.92918,3.92918
2021-08-24,0.0,0.0,0.0,0.0,0.0,0.0,0.0,0.0,0.0,3.92918,3.92918
2021-08-25,0.0,0.0,1.0,0.0,0.0,0.0,0.16666666666666666,0.0,0.0,3.92918,3.92918
2021-08-26,0.0,0.0,0.0,0.0,0.0,1.0,0.16666666666666666,0.0,0.0,3.92918,3.92918
2021-08-27,0.0,0.0,0.0,0.0,0.0,0.0,0.0,0.0,0.0,3.92918,3.92918
2021-08-28,0.0,0.0,0.0,0.0,0.0,0.0,0.0,0.0,0.0,3.92918,3.92918
2021-08-29,2.0,1.0,9.0,0.0,0.0,0.0,2.0,0.0,0.0,3.92918,3.92918
2021-08-30,0.0,0.0,0.0,0.0,0.0,0.0,0.0,0.0,0.0,3.92918,3.92918
2021-08-31,0.0,0.0,0.0,0.0,0.0,0.0,0.0,0.0,0.0,3.92918,3.92918
2021-09-01,0.0,0.0,0.0,0.0,0.0,0.0,0.0,0.0,0.0,3.92918,3.92918
2021-09-02,0.0,0.0,0.0,0.0,0.0,0.0,0.0,0.0,0.0,3.92918,3.92918
2021-09-03,0.0,0.0,3.0,0.0,3.0,2.0,1.3333333333333333,0.0,0.0,3.92918,3.92918
2021-09-04,0.0,0.0,2.0,0.0,0.0,0.0,0.3333333333333333,0.0,0.0,3.92918,3.92918
2021-09-05,0.0,0.0,0.0,0.0,0.0,0.0,0.0,0.0,0.0,3.92918,3.92918
2021-09-06,0.0,0.0,1.0,0.0,0.0,1.0,0.3333333333333333,0.0,0.0,3.92918,3.92918
2021-09-07,2.0,0.0,1.0,0.0,0.0,0.0,0.5,0.0,0.0,3.92918,3.92918
2021-09-08,0.0,0.0,0.0,0.0,0.0,3.0,0.5,0.0,0.0,3.92918,3.92918
2021-09-09,0.0,0.0,0.0,0.0,0.0,0.0,0.0,0.0,0.0,3.92918,3.92918
2021-09-10,0.0,0.0,0.0,0.0,0.0,0.0,0.0,0.0,0.0,3.92918,3.92918
2021-09-11,3.0,1.0,3.0,0.0,0.0,0.0,1.1666666666666667,0.0,0.0,3.92918,3.92918
2021-09-12,1.0,7.0,1.0,6.0,0.0,18.0,5.5,0.0,0.0,3.92918,3.92918
2021-09-13,0.0,0.0,0.0,3.0,2.0,0.0,0.8333333333333334,0.0,0.0,3.92918,3.92918
2021-09-14,27.0,73.0,29.0,0.0,0.0,0.0,21.5,1.0710926694329181,8.677834127350032,4.916520719102505,13.594354846452536
2021-09-15,0.0,5.0,0.0,59.0,33.0,43.0,23.333333333333332,1.5251948441246999,12.356902672306598,6.376734462420295,18.73363713472689
2021-09-16,0.0,33.0,0.0,5.0,0.0,0.0,6.333333333333333,0.0,0.0,5.866595705426671,5.866595705426671
2021-09-17,0.0,0.0,0.0,2.0,0.0,0.0,0.3333333333333333,0.0,0.0,5.3972680489925375,5.3972680489925375
2021-09-18,0.0,2.0,0.0,2.0,0.0,0.0,0.6666666666666666,0.0,0.0,4.965486605073135,4.965486605073135
2021-09-19,0.0,0.0,0.0,1.0,0.0,0.0,0.16666666666666666,0.0,0.0,4.568247676667284,4.568247676667284
2021-09-20,0.0,0.0,0.0,1.0,0.0,4.0,0.8333333333333334,0.0,0.0,4.202787862533902,4.202787862533902
2021-09-21,7.0,9.0,12.0,0.0,0.0,0.0,4.666666666666667,0.0,0.0,3.92918,3.92918
2021-09-22,0.0,0.0,0.0,15.0,55.0,2.0,12.0,0.0,0.0,3.92918,3.92918
2021-09-23,0.0,0.0,0.0,3.0,1.0,3.0,1.1666666666666667,0.0,0.0,3.92918,3.92918
2021-09-24,0.0,7.0,0.0,0.0,0.0,0.0,1.1666666666666667,0.0,0.0,3.92918,3.92918
2021-09-25,0.0,1.0,0.0,11.0,1.0,0.0,2.1666666666666665,0.0,0.0,3.92918,3.92918
2021-09-26,0.0,4.0,0.0,0.0,0.0,0.0,0.6666666666666666,0.0,0.0,3.92918,3.92918
2021-09-27,0.0,0.0,0.0,0.0,20.0,0.0,3.3333333333333335,0.0,0.0,3.92918,3.92918
2021-09-28,0.0,0.0,0.0,0.0,0.0,0.0,0.0,0.0,0.0,3.92918,3.92918
2021-09-29,0.0,0.0,0.0,2.0,13.0,40.0,9.166666666666666,0.0,0.0,3.92918,3.92918
2021-09-30,4.0,2.0,5.0,1.0,6.0,55.0,12.166666666666666,0.0,0.0,3.92918,3.92918
2021-10-01,0.0,0.0,0.0,0.0,0.0,0.0,0.0,0.0,0.0,3.92918,3.92918
2021-10-02,2.0,0.0,1.0,0.0,0.0,0.0,0.5,0.0,0.0,3.92918,3.92918
2021-10-03,0.0,0.0,0.0,0.0,0.0,0.0,0.0,0.0,0.0,3.92918,3.92918
2021-10-04,0.0,0.0,0.0,0.0,0.0,5.0,0.8333333333333334,0.0,0.0,3.92918,3.92918
2021-10-05,5.0,4.0,5.0,0.0,0.0,0.0,2.3333333333333335,0.0,0.0,3.92918,3.92918
2021-10-06,0.0,0.0,0.0,1.0,0.0,7.0,1.3333333333333333,0.0,0.0,3.92918,3.92918
2021-10-07,0.0,0.0,1.0,0.0,0.0,0.0,0.16666666666666666,0.0,0.0,3.92918,3.92918
2021-10-08,0.0,0.0,0.0,0.0,0.0,0.0,0.0,0.0,0.0,3.92918,3.92918
2021-10-09,0.0,0.0,0.0,0.0,0.0,0.0,0.0,0.0,0.0,3.92918,3.92918
2021-10-10,0.0,0.0,0.0,0.0,0.0,0.0,0.0,0.0,0.0,3.92918,3.92918
2021-10-11,2.0,0.0,3.0,0.0,0.0,0.0,0.8333333333333334,0.0,0.0,3.92918,3.92918
2021-10-12,0.0,0.0,0.0,0.0,0.0,0.0,0.0,0.0,0.0,3.92918,3.92918
2021-10-13,0.0,0.0,1.0,0.0,0.0,0.0,0.16666666666666666,0.0,0.0,3.92918,3.92918
2021-10-14,0.0,0.0,0.0,0.0,0.0,0.0,0.0,0.0,0.0,3.92918,3.92918
2021-10-15,0.0,2.0,3.0,0.0,0.0,0.0,0.8333333333333334,0.0,0.0,3.92918,3.92918
2021-10-16,0.0,0.0,0.0,1.0,0.0,5.0,1.0,0.0,0.0,3.92918,3.92918
2021-10-17,0.0,0.0,0.0,0.0,0.0,0.0,0.0,0.0,0.0,3.92918,3.92918
2021-10-18,25.0,5.0,42.0,0.0,0.0,0.0,12.0,0.0,0.0,3.92918,3.92918
2021-10-19,0.0,5.0,0.0,7.0,3.0,27.0,7.0,0.0,0.0,3.92918,3.92918
2021-10-20,0.0,0.0,0.0,12.0,5.0,0.0,2.8333333333333335,0.0,0.0,3.92918,3.92918
2021-10-21,8.0,1.0,24.0,0.0,0.0,0.0,5.5,0.0,0.0,3.92918,3.92918
2021-10-22,10.0,0.0,58.0,0.0,0.0,4.0,12.0,0.0,0.0,3.92918,3.92918
2021-10-23,5.0,0.0,7.0,0.0,0.0,1.0,2.1666666666666665,0.0,0.0,3.92918,3.92918
2021-10-24,2.0,3.0,2.0,0.0,0.0,0.0,1.1666666666666667,0.0,0.0,3.92918,3.92918
2021-10-25,0.0,0.0,1.0,0.0,0.0,0.0,0.16666666666666666,0.0,0.0,3.92918,3.92918
2021-10-26,0.0,1.0,3.0,2.0,0.0,0.0,1.0,0.0,0.0,3.92918,3.92918
2021-10-27,2.0,9.0,1.0,4.0,0.0,0.0,2.6666666666666665,0.0,0.0,3.92918,3.92918
2021-10-28,2.0,11.0,1.0,2.0,17.0,2.0,5.833333333333333,0.0,0.0,3.92918,3.92918
2021-10-29,26.0,2.0,37.0,0.0,3.0,0.0,11.333333333333334,0.0,0.0,3.92918,3.92918
2021-10-30,9.0,70.0,1.0,0.0,0.0,10.0,15.0,0.08039513677811543,0.6513494877856574,3.92918,4.5805294877856575
2021-10-31,0.0,0.0,0.0,0.0,0.0,0.0,0.0,0.0,0.0,3.92918,3.92918
2021-11-01,1.0,0.0,3.0,19.0,13.0,23.0,9.833333333333334,0.0,0.0,3.92918,3.92918
2021-11-02,52.0,14.0,42.0,0.0,0.0,0.0,18.0,0.4082848837209301,3.3078636412575353,4.111025146188631,7.418888787446166
2021-11-03,18.0,23.0,25.0,35.0,29.0,88.0,36.333333333333336,6.410112216271359,51.933779529976285,11.572210063989981,63.50598959396626
2021-11-04,2.0,6.0,2.0,11.0,22.0,12.0,9.166666666666666,0.0,0.0,10.646433258870783,10.646433258870783
2021-11-05,39.0,1.0,58.0,17.0,8.0,0.0,20.5,0.8532959326788216,6.913277232351564,10.831710183013854,17.74498741536542
2021-11-06,32.0,13.0,4.0,1.0,5.0,64.0,19.833333333333332,0.720402705678779,5.836595995082701,10.84066276763515,16.67725876271785
2021-11-07,40.0,4.0,80.0,8.0,2.0,8.0,23.666666666666668,1.6150552074007758,13.084938022922952,11.936150449662783,25.021088472585735
2021-11-08,0.0,8.0,5.0,2.0,4.0,29.0,8.0,0.0,0.0,10.98125841368976,10.98125841368976
2021-11-09,5.0,8.0,13.0,3.0,0.0,0.0,4.833333333333333,0.0,0.0,10.10275774059458,10.10275774059458
2021-11-10,74.0,30.0,115.0,54.0,1.0,0.0,45.666666666666664,11.266079244413724,91.27610498946305,22.98595286976647,114.26205785922951
2021-11-11,69.0,37.0,50.0,18.0,37.0,102.0,52.166666666666664,15.127398295025353,122.55993989025171,39.53106762372291,162.09100751397463
2021-11-12,68.0,31.0,44.0,50.0,47.0,45.0,47.5,12.319837232960323,99.813496100373,51.34060662888103,151.15410272925402
2021-11-13,2.0,7.0,3.0,13.0,1.0,12.0,6.333333333333333,0.0,0.0,47.23335809857055,47.23335809857055
2021-11-14,1.0,54.0,4.0,7.0,2.0,3.0,11.833333333333334,0.0,0.0,43.4546894506849,43.4546894506849
2021-11-15,30.0,19.0,25.0,16.0,5.0,0.0,15.833333333333334,0.14734033683508418,1.1937295808398025,40.15737373175608,41.35110331259588
2021-11-16,6.0,12.0,2.0,20.0,19.0,85.0,24.0,1.707085561497326,13.830554317686667,39.0193669808686,52.849921298555266
2021-11-17,44.0,29.0,17.0,2.0,36.0,0.0,21.333333333333332,1.0332871226124456,8.371539187832314,37.153548500573955,45.525087688406266
2021-11-18,21.0,69.0,11.0,16.0,21.0,16.0,25.666666666666668,2.198793955245568,17.814302878146965,36.853410052250084,54.667712930397045
2021-11-19,30.0,19.0,21.0,32.0,14.0,6.0,20.333333333333332,0.8191346454233048,6.636507543938811,34.900613379660896,41.53712092359971
2021-11-20,0.0,35.0,4.0,64.0,52.0,82.0,39.5,7.953931339977851,64.44157335630204,41.77480031273333,106.21637366903538
2021-11-21,0.0,0.0,0.0,70.0,10.0,46.0,21.0,0.9594707520891363,7.773489889611058,39.59883977115632,47.37232966076738
2021-11-22,14.0,2.0,16.0,0.0,1.0,0.0,5.5,0.0,0.0,36.430932589463815,36.430932589463815
2021-11-23,3.0,22.0,3.0,12.0,38.0,25.0,17.166666666666668,0.29354258623508256,2.3782385458860853,33.87319376418962,36.25143231007571
2021-11-24,11.0,16.0,5.0,20.0,13.0,15.0,13.333333333333334,0.006254331254331246,0.05067166525499852,31.1709390128427,31.2216106780977
2021-11-25,30.0,19.0,24.0,5.0,11.0,39.0,21.333333333333332,1.0332871226124456,8.371539187832314,29.932994769990135,38.30453395782245
2021-11-26,19.0,20.0,50.0,11.0,0.0,26.0,21.0,0.9594707520891363,7.773489889611058,28.704378671832583,36.47786856144364
2021-11-27,75.0,10.0,24.0,6.0,13.0,18.0,24.333333333333332,1.8012570245489494,14.59351756000306,28.597056012086433,43.19057357208949
2021-11-28,0.0,0.0,0.0,5.0,2.0,23.0,5.0,0.0,0.0,26.30929153111952,26.30929153111952
2021-11-29,0.0,1.0,7.0,19.0,5.0,3.0,5.833333333333333,0.0,0.0,24.20454820862996,24.20454820862996
2021-11-30,6.0,1.0,10.0,1.0,2.0,0.0,3.3333333333333335,0.0,0.0,22.268184351939563,22.268184351939563
2021-12-01,3.0,14.0,1.0,7.0,0.0,0.0,4.166666666666667,0.0,0.0,20.4867296037844,20.4867296037844
2021-12-02,23.0,10.0,16.0,27.0,4.0,6.0,14.333333333333334,0.04095871716137835,0.33184145848338936,18.89756745425416,19.229408912737547
2021-12-03,2.0,3.0,4.0,5.0,5.0,2.0,3.5,0.0,0.0,17.385762057913826,17.385762057913826
2021-12-04,10.0,4.0,31.0,2.0,1.0,8.0,9.333333333333334,0.0,0.0,15.99490109328072,15.99490109328072
2021-12-05,74.0,23.0,107.0,5.0,6.0,4.0,36.5,6.488430698739975,52.56830427219887,22.600554646648092,75.16885891884696
2021-12-06,22.0,11.0,29.0,20.0,18.0,69.0,28.166666666666668,3.0293513437456028,24.543355794235207,24.474013644051528,49.017369438286735
2021-12-07,6.0,28.0,2.0,8.0,3.0,19.0,11.0,0.0,0.0,22.516092552527407,22.516092552527407
2021-12-08,1.0,0.0,0.0,37.0,15.0,26.0,13.166666666666666,0.003404550981413907,0.027583167673492306,20.718942623476238,20.74652579114973
2021-12-09,4.0,7.0,6.0,0.0,1.0,0.0,3.0,0.0,0.0,19.06142721359814,19.06142721359814
2021-12-10,4.0,2.0,2.0,1.0,8.0,41.0,9.666666666666666,0.0,0.0,17.53651303651029,17.53651303651029
2021-12-11,3.0,11.0,1.0,1.0,1.0,0.0,2.8333333333333335,0.0,0.0,16.133591993589466,16.133591993589466
2021-12-12,16.0,1.0,9.0,11.0,1.0,8.0,7.666666666666667,0.0,0.0,14.84290463410231,14.84290463410231
2021-12-13,0.0,0.0,0.0,0.0,2.0,4.0,1.0,0.0,0.0,13.655472263374126,13.655472263374126
2021-12-14,1.0,2.0,8.0,0.0,0.0,0.0,1.8333333333333333,0.0,0.0,12.563034482304197,12.563034482304197
2021-12-15,13.0,6.0,25.0,3.0,1.0,4.0,8.666666666666666,0.0,0.0,11.557991723719862,11.557991723719862
2021-12-16,11.0,16.0,23.0,1.0,0.0,0.0,8.5,0.0,0.0,10.633352385822274,10.633352385822274
2021-12-17,56.0,28.0,113.0,47.0,47.0,11.0,50.333333333333336,14.003966161283236,113.45805917706323,26.801393071515974,140.2594522485792
2021-12-18,2.0,9.0,1.0,29.0,23.0,20.0,14.0,0.026080246913580206,0.21129829675354336,24.68897637030773,24.900274667061275
2021-12-19,10.0,32.0,20.0,26.0,1.0,35.0,20.666666666666668,0.8880752487562189,7.195054098719367,23.79311637549102,30.98817047421039
2021-12-20,4.0,35.0,4.0,74.0,49.0,59.0,37.5,6.965345413363532,56.43219663604714,30.35449656085881,86.78669319690594
2021-12-21,0.0,1.0,0.0,21.0,18.0,6.0,7.666666666666667,0.0,0.0,27.926136835990107,27.926136835990107
2021-12-22,0.0,0.0,0.0,6.0,0.0,0.0,1.0,0.0,0.0,25.6920458891109,25.6920458891109
2021-12-23,11.0,86.0,44.0,0.0,0.0,0.0,23.5,1.569851951547779,12.718707940780616,25.544488409099124,38.26319634987974
2021-12-24,0.0,1.0,0.0,8.0,31.0,12.0,8.666666666666666,0.0,0.0,23.500929336371193,23.500929336371193
2021-12-25,0.0,23.0,0.0,6.0,1.0,0.0,5.0,0.0,0.0,21.6208549894615,21.6208549894615
2021-12-26,5.0,0.0,6.0,0.0,0.0,9.0,3.3333333333333335,0.0,0.0,19.89118659030458,19.89118659030458
2021-12-27,0.0,0.0,2.0,0.0,1.0,2.0,0.8333333333333334,0.0,0.0,18.299891663080217,18.299891663080217
2021-12-28,7.0,3.0,22.0,0.0,0.0,0.0,5.333333333333333,0.0,0.0,16.8359003300338,16.8359003300338
2021-12-29,8.0,8.0,8.0,0.0,0.0,0.0,4.0,0.0,0.0,15.489028303631098,15.489028303631098
2021-12-30,0.0,0.0,0.0,0.0,0.0,0.0,0.0,0.0,0.0,14.249906039340612,14.249906039340612
2021-12-31,0.0,0.0,0.0,0.0,0.0,0.0,0.0,0.0,0.0,13.109913556193364,13.109913556193364
2022-01-01,6.0,11.0,1.0,2.0,13.0,9.0,7.0,0.0,0.0,12.061120471697896,12.061120471697896
2022-01-02,9.0,5.0,7.0,4.0,7.0,11.0,7.166666666666667,0.0,0.0,11.096230833962064,11.096230833962064
2022-01-03,2.0,0.0,3.0,0.0,2.0,1.0,1.3333333333333333,0.0,0.0,10.2085323672451,10.2085323672451
2022-01-04,0.0,0.0,0.0,0.0,1.0,3.0,0.6666666666666666,0.0,0.0,9.391849777865492,9.391849777865492
2022-01-05,0.0,0.0,0.0,0.0,0.0,0.0,0.0,0.0,0.0,8.640501795636252,8.640501795636252
2022-01-06,0.0,0.0,0.0,0.0,0.0,0.0,0.0,0.0,0.0,7.949261651985353,7.949261651985353
2022-01-07,0.0,0.0,0.0,0.0,0.0,0.0,0.0,0.0,0.0,7.313320719826525,7.313320719826525
2022-01-08,7.0,7.0,8.0,0.0,0.0,0.0,3.6666666666666665,0.0,0.0,6.728255062240403,6.728255062240403
2022-01-09,26.0,60.0,30.0,5.0,0.0,0.0,20.166666666666668,0.7855957413496164,6.364780311860318,7.144711704040219,13.509492015900538
2022-01-10,0.0,5.0,1.0,30.0,7.0,10.0,8.833333333333334,0.0,0.0,6.573134767717002,6.573134767717002
2022-01-11,20.0,37.0,29.0,40.0,1.0,0.0,21.166666666666668,0.9960784313725491,8.070079883805375,7.257795968870448,15.327875852675824
2022-01-12,9.0,12.0,13.0,14.0,15.0,6.0,11.5,0.0,0.0,6.6771722913608125,6.6771722913608125
2022-01-13,4.0,3.0,3.0,13.0,18.0,10.0,8.5,0.0,0.0,6.142998508051948,6.142998508051948
2022-01-14,0.0,2.0,0.0,17.0,3.5,4.0,4.416666666666667,0.0,0.0,5.651558627407792,5.651558627407792
2022-01-15,0.0,4.0,0.0,0.0,0.0,0.0,0.6666666666666666,0.0,0.0,5.1994339372151686,5.1994339372151686
2022-01-16,0.0,8.0,0.0,8.0,6.0,2.0,4.0,0.0,0.0,4.783479222237955,4.783479222237955
2022-01-17,21.0,14.0,25.0,3.0,0.0,0.0,10.5,0.0,0.0,4.400800884458919,4.400800884458919
2022-01-18,12.0,2.0,5.0,16.0,8.0,4.0,7.833333333333333,0.0,0.0,4.048736813702205,4.048736813702205
2022-01-19,68.0,25.0,101.0,19.0,2.0,29.0,40.666666666666664,8.551032555879491,69.27919894809772,14.116717710820685,83.3959166589184
2022-01-20,30.0,30.0,18.0,53.0,28.0,12.0,28.5,3.1480453972257245,25.504997431226933,16.81312990863907,42.318127339866
2022-01-21,0.0,2.0,0.0,39.0,37.0,11.0,14.833333333333334,0.06934145928559335,0.5617942303230942,15.552348650496409,16.114142880819504
2022-01-22,0.0,5.0,0.0,0.0,1.0,0.0,1.0,0.0,0.0,14.308160758456697,14.308160758456697
2022-01-23,2.0,5.0,5.0,8.0,11.0,7.0,6.333333333333333,0.0,0.0,13.163507897780162,13.163507897780162
2022-01-24,0.0,0.0,0.0,0.0,2.0,0.0,0.3333333333333333,0.0,0.0,12.11042726595775,12.11042726595775
2022-01-25,6.0,4.0,16.0,0.0,0.0,0.0,4.333333333333333,0.0,0.0,11.14159308468113,11.14159308468113
2022-01-26,8.0,27.0,5.0,2.0,5.0,6.0,8.833333333333334,0.0,0.0,10.25026563790664,10.25026563790664
2022-01-27,4.0,5.0,5.0,30.0,15.0,0.0,9.833333333333334,0.0,0.0,9.43024438687411,9.43024438687411
2022-01-28,0.0,2.0,0.0,0.0,9.0,32.0,7.166666666666667,0.0,0.0,8.675824835924182,8.675824835924182
2022-01-29,3.0,1.0,13.0,0.0,1.0,15.0,5.5,0.0,0.0,7.981758849050248,7.981758849050248
2022-01-30,2.0,0.0,2.0,4.0,1.0,2.0,1.8333333333333333,0.0,0.0,7.343218141126228,7.343218141126228
2022-01-31,0.0,22.0,1.0,0.0,1.0,0.0,4.0,0.0,0.0,6.75576068983613,6.75576068983613
2022-02-01,6.0,15.0,0.0,16.0,6.0,0.0,7.166666666666667,0.0,0.0,6.21529983464924,6.21529983464924
2022-02-02,2.0,3.0,0.0,2.0,5.0,16.0,4.666666666666667,0.0,0.0,5.7180758478773015,5.7180758478773015
2022-02-03,39.0,35.0,38.0,16.0,15.0,21.0,27.333333333333332,2.740628555176336,22.204166534993465,8.591254760296136,30.7954212952896
2022-02-04,13.0,12.0,23.0,23.0,32.0,36.0,23.166666666666668,1.4810875769866305,11.999552128363904,9.703887198727031,21.703439327090933
2022-02-05,16.0,6.0,16.0,16.0,9.0,0.0,10.5,0.0,0.0,8.927576222828868,8.927576222828868
2022-02-06,75.0,39.0,4.0,21.0,4.0,18.0,26.833333333333332,2.573007013024187,20.846121633297813,11.34028836999723,32.186410003295045
2022-02-07,0.0,0.0,0.0,50.0,17.0,12.0,13.166666666666666,0.003404550981413907,0.027583167673492306,10.437202775548476,10.464785943221969
2022-02-08,1.0,2.0,1.0,2.0,0.0,0.0,1.0,0.0,0.0,9.602226553504599,9.602226553504599
2022-02-09,0.0,26.0,3.0,1.0,2.0,2.0,5.666666666666667,0.0,0.0,8.83404842922423,8.83404842922423
2022-02-10,48.0,2.0,97.0,16.0,1.0,15.0,29.833333333333332,3.640567727711175,29.495340386548875,12.551625612868623,42.046965999417495
2022-02-11,0.0,1.0,0.0,6.0,24.0,17.0,8.0,0.0,0.0,11.547495563839133,11.547495563839133
2022-02-12,2.0,32.0,5.0,2.0,1.0,0.0,7.0,0.0,0.0,10.623695918732002,10.623695918732002
2022-02-13,38.0,69.0,41.0,15.0,10.0,6.0,29.833333333333332,3.640567727711175,29.495340386548875,14.198101303215772,43.69344168976465
2022-02-14,65.0,30.0,91.0,105.0,23.0,53.0,61.166666666666664,20.97961694948893,169.97374843335936,38.558315463962415,208.5320638973218
2022-02-15,32.0,4.0,14.0,16.0,16.0,23.0,17.5,0.3373352855051243,2.7330405075646644,35.88360630298012,38.616646810544786
2022-02-16,1.0,19.0,1.0,10.0,13.0,12.0,9.333333333333334,0.0,0.0,33.01291779874171,33.01291779874171
2022-02-17,8.0,11.0,2.0,1.0,2.0,7.0,5.166666666666667,0.0,0.0,30.371884374842374,30.371884374842374
2022-02-18,0.0,0.0,0.0,1.0,5.0,23.0,4.833333333333333,0.0,0.0,27.942133624854986,27.942133624854986
2022-02-19,10.0,1.0,13.0,1.0,0.0,0.0,4.166666666666667,0.0,0.0,25.70676293486659,25.70676293486659
2022-02-20,0.0,0.0,0.0,13.0,20.0,0.0,5.5,0.0,0.0,23.650221900077263,23.650221900077263
2022-02-21,6.0,1.0,10.0,0.0,1.0,0.0,3.0,0.0,0.0,21.758204148071083,21.758204148071083
2022-02-22,10.0,8.0,10.0,14.0,21.0,27.0,15.0,0.08039513677811543,0.6513494877856574,20.115250239393248,20.766599727178907
2022-02-23,2.0,0.0,8.0,20.0,10.0,10.0,8.333333333333334,0.0,0.0,18.50603022024179,18.50603022024179
2022-02-24,8.0,0.0,3.0,0.0,1.0,6.0,3.0,0.0,0.0,17.025547802622448,17.025547802622448
2022-02-25,8.0,6.0,5.0,10.0,8.0,8.0,7.5,0.0,0.0,15.663503978412653,15.663503978412653
2022-02-26,4.0,6.0,4.0,3.0,6.0,0.0,3.8333333333333335,0.0,0.0,14.41042366013964,14.41042366013964
2022-02-27,3.0,10.0,1.0,6.0,1.0,0.0,3.5,0.0,0.0,13.25758976732847,13.25758976732847
2022-02-28,10.0,1.0,13.0,9.0,37.0,14.0,14.0,0.026080246913580206,0.21129829675354336,12.228677330455223,12.439975627208767
2022-03-01,2.0,0.0,2.0,0.0,1.0,6.0,1.8333333333333333,0.0,0.0,11.250383144018807,11.250383144018807
2022-03-02,7.0,3.0,14.0,0.0,0.0,0.0,4.0,0.0,0.0,10.350352492497302,10.350352492497302
2022-03-03,2.0,1.0,5.0,4.0,6.0,15.0,5.5,0.0,0.0,9.522324293097519,9.522324293097519
2022-03-04,2.0,4.0,0.0,0.0,2.0,0.0,1.3333333333333333,0.0,0.0,8.760538349649718,8.760538349649718
2022-03-05,2.0,23.0,2.0,11.0,0.0,0.0,6.333333333333333,0.0,0.0,8.05969528167774,8.05969528167774
2022-03-06,18.0,13.0,27.0,0.0,0.0,2.0,10.0,0.0,0.0,7.414919659143521,7.414919659143521
2022-03-07,2.0,9.0,4.0,11.0,30.0,8.0,10.666666666666666,0.0,0.0,6.82172608641204,6.82172608641204
2022-03-08,2.0,0.0,4.0,21.0,2.0,0.0,4.833333333333333,0.0,0.0,6.275987999499077,6.275987999499077
2022-03-09,9.0,27.0,5.0,1.0,1.0,10.0,8.833333333333334,0.0,0.0,5.773908959539151,5.773908959539151
2022-03-10,0.0,4.0,0.0,20.0,6.0,3.0,5.5,0.0,0.0,5.311996242776019,5.311996242776019
2022-03-11,1.0,9.0,2.0,8.0,1.0,2.0,3.8333333333333335,0.0,0.0,4.887036543353937,4.887036543353937
2022-03-12,0.0,12.0,6.0,13.0,16.0,38.0,14.166666666666666,0.033110997092526004,0.26826039311074307,4.536312678852234,4.8045730719629764
2022-03-13,1.0,41.0,1.0,67.0,41.0,16.0,27.833333333333332,2.9124770382930616,23.596457486170635,7.712876287469651,31.309333773640287
2022-03-14,14.0,5.0,31.0,7.0,21.0,1.0,13.166666666666666,0.003404550981413907,0.027583167673492306,7.099983659623103,7.127566827296595
2022-03-15,42.0,11.0,52.0,0.0,5.0,14.0,20.666666666666668,0.8880752487562189,7.195054098719367,7.61124308166116,14.806297180380525
2022-03-16,3.0,9.0,10.0,27.0,34.0,25.0,18.0,0.4082848837209301,3.3078636412575353,7.498523181316897,10.806386822574432
2022-03-17,6.0,12.0,11.0,16.0,16.0,6.0,11.166666666666666,0.0,0.0,6.898641326811545,6.898641326811545
2022-03-18,0.0,0.0,1.0,25.0,0.0,0.0,4.333333333333333,0.0,0.0,6.346750020666622,6.346750020666622
2022-03-19,23.0,10.0,13.0,0.0,0.0,0.0,7.666666666666667,0.0,0.0,5.839010019013293,5.839010019013293
2022-03-20,15.0,25.0,14.0,1.0,2.0,26.0,13.833333333333334,0.019872786659790257,0.16100637340107846,5.396040173502391,5.55704654690347
2022-03-21,1.0,17.0,5.0,18.0,10.0,4.0,9.166666666666666,0.0,0.0,4.9643569596222,4.9643569596222
2022-03-22,0.0,0.0,0.0,14.0,13.0,7.0,5.666666666666667,0.0,0.0,4.567208402852424,4.567208402852424
2022-03-23,57.0,9.0,20.0,0.0,1.0,0.0,14.5,0.04961715160796319,0.40199081163859074,4.262130352370019,4.66412116400861
2022-03-24,4.0,15.0,4.0,3.0,39.0,57.0,20.333333333333332,0.8191346454233048,6.636507543938811,4.91663605577124,11.553143599710051
2022-03-25,0.0,0.0,0.0,25.0,102.0,31.0,26.333333333333332,2.4096946125036007,19.522988758709726,7.451753485115999,26.974742243825723
2022-03-26,7.0,15.0,2.0,0.0,9.0,0.0,5.5,0.0,0.0,6.855613206306719,6.855613206306719
2022-03-27,15.0,9.0,5.0,22.0,27.0,19.0,16.166666666666668,0.17945910071345614,1.4539510474469826,6.525256806919229,7.979207854366211
2022-03-28,7.0,19.0,1.0,3.0,1.0,0.0,5.166666666666667,0.0,0.0,6.003236262365691,6.003236262365691
2022-03-29,0.0,5.0,0.0,3.0,6.0,0.0,2.3333333333333335,0.0,0.0,5.522977361376436,5.522977361376436
2022-03-30,0.0,0.0,0.0,35.0,2.0,1.0,6.333333333333333,0.0,0.0,5.0811391724663215,5.0811391724663215
2022-03-31,18.0,21.0,42.0,0.0,0.0,0.0,13.5,0.009953343701399664,0.08064051609930284,4.686744116083911,4.767384632183214
2022-04-01,0.0,3.0,1.0,18.0,0.0,0.0,3.6666666666666665,0.0,0.0,4.311804586797199,4.311804586797199
2022-04-02,0.0,39.0,0.0,33.0,0.0,14.0,14.333333333333334,0.04095871716137835,0.33184145848338936,4.016636438625931,4.348477897109321
2022-04-03,52.0,8.0,4.0,23.0,9.0,0.0,16.0,0.1630239520958083,1.320795908183632,3.92918,5.249975908183632
2022-04-04,20.0,10.0,4.0,18.0,18.0,0.0,11.666666666666666,0.0,0.0,3.92918,3.92918
2022-04-05,0.0,21.0,0.0,6.0,18.0,19.0,10.666666666666666,0.0,0.0,3.92918,3.92918
2022-04-06,8.0,7.0,8.0,0.0,0.0,0.0,3.8333333333333335,0.0,0.0,3.92918,3.92918
2022-04-07,12.0,4.0,2.0,2.0,1.0,26.0,7.833333333333333,0.0,0.0,3.92918,3.92918
2022-04-08,0.0,14.0,0.0,0.0,0.0,16.0,5.0,0.0,0.0,3.92918,3.92918
2022-04-09,1.0,0.0,43.0,0.0,0.0,1.0,7.5,0.0,0.0,3.92918,3.92918
2022-04-10,8.0,16.0,0.0,0.0,0.0,0.0,4.0,0.0,0.0,3.92918,3.92918
2022-04-11,0.0,19.0,0.0,7.0,43.0,0.0,11.5,0.0,0.0,3.92918,3.92918
2022-04-12,0.0,5.0,0.0,31.0,14.0,0.0,8.333333333333334,0.0,0.0,3.92918,3.92918
2022-04-13,0.0,12.0,0.0,0.0,3.0,0.0,2.5,0.0,0.0,3.92918,3.92918
2022-04-14,0.0,35.0,0.0,15.0,0.0,0.0,8.333333333333334,0.0,0.0,3.92918,3.92918
2022-04-15,0.0,1.0,0.0,0.0,0.1,3.0,0.6833333333333332,0.0,0.0,3.92918,3.92918
2022-04-16,0.0,22.0,0.0,1.0,0.0,0.0,3.8333333333333335,0.0,0.0,3.92918,3.92918
2022-04-17,0.0,4.0,3.0,5.0,2.0,0.0,2.3333333333333335,0.0,0.0,3.92918,3.92918
2022-04-18,0.0,52.0,6.0,2.0,8.0,0.0,11.333333333333334,0.0,0.0,3.92918,3.92918
2022-04-19,1.0,13.0,7.0,30.0,3.0,6.0,10.0,0.0,0.0,3.92918,3.92918
2022-04-20,25.0,13.0,4.0,61.0,19.0,10.0,22.0,1.1880494505494503,9.625400641025639,5.058655696153846,14.684056337179484
2022-04-21,23.0,11.0,7.0,27.0,8.0,4.0,13.333333333333334,0.006254331254331246,0.05067166525499852,4.661563990249788,4.712235655504786
2022-04-22,0.0,0.0,0.0,17.0,4.0,2.0,3.8333333333333335,0.0,0.0,4.288638871029805,4.288638871029805
2022-04-23,4.0,4.0,0.0,0.0,0.0,0.0,1.3333333333333333,0.0,0.0,3.945547761347421,3.945547761347421
2022-04-24,1.0,10.0,4.0,22.0,14.5,0.0,8.583333333333334,0.0,0.0,3.92918,3.92918
2022-04-25,0.0,9.0,0.0,2.0,23.0,27.0,10.166666666666666,0.0,0.0,3.92918,3.92918
2022-04-26,2.0,0.0,20.0,2.0,0.0,0.0,4.0,0.0,0.0,3.92918,3.92918
2022-04-27,0.0,0.0,1.0,4.0,11.0,8.0,4.0,0.0,0.0,3.92918,3.92918
2022-04-28,0.0,2.0,0.0,1.0,0.0,0.0,0.5,0.0,0.0,3.92918,3.92918
2022-04-29,1.0,29.0,3.0,0.0,6.0,0.0,6.5,0.0,0.0,3.92918,3.92918
2022-04-30,0.0,0.0,0.0,0.0,0.0,0.0,0.0,0.0,0.0,3.92918,3.92918
2022-05-01,0.0,12.0,4.0,0.0,0.0,0.0,2.6666666666666665,0.0,0.0,3.92918,3.92918
2022-05-02,1.0,0.0,0.0,0.0,4.0,4.0,1.5,0.0,0.0,3.92918,3.92918
2022-05-03,7.0,31.0,8.0,0.0,2.0,0.0,8.0,0.0,0.0,3.92918,3.92918
2022-05-04,3.0,1.0,16.0,24.0,3.0,0.0,7.833333333333333,0.0,0.0,3.92918,3.92918
2022-05-05,0.0,20.0,0.0,6.0,9.0,21.0,9.333333333333334,0.0,0.0,3.92918,3.92918
2022-05-06,0.0,39.0,0.0,0.0,0.0,0.0,6.5,0.0,0.0,3.92918,3.92918
2022-05-07,0.0,35.0,0.0,0.0,0.0,10.0,7.5,0.0,0.0,3.92918,3.92918
2022-05-08,14.0,8.0,4.0,1.0,1.0,1.0,4.833333333333333,0.0,0.0,3.92918,3.92918
2022-05-09,0.0,0.0,0.0,14.0,1.0,0.0,2.5,0.0,0.0,3.92918,3.92918
2022-05-10,0.0,6.0,0.0,0.0,2.0,0.0,1.3333333333333333,0.0,0.0,3.92918,3.92918
2022-05-11,18.0,2.0,3.0,6.0,16.0,0.0,7.5,0.0,0.0,3.92918,3.92918
2022-05-12,0.0,23.0,0.0,5.0,2.0,0.0,5.0,0.0,0.0,3.92918,3.92918
2022-05-13,9.0,1.0,31.0,1.0,4.0,1.0,7.833333333333333,0.0,0.0,3.92918,3.92918
2022-05-14,0.0,1.0,0.0,6.0,11.0,9.0,4.5,0.0,0.0,3.92918,3.92918
2022-05-15,0.0,0.0,4.0,17.0,1.0,0.0,3.6666666666666665,0.0,0.0,3.92918,3.92918
2022-05-16,0.0,0.0,0.0,0.0,0.0,0.0,0.0,0.0,0.0,3.92918,3.92918
2022-05-17,0.0,0.0,0.0,0.0,0.0,0.0,0.0,0.0,0.0,3.92918,3.92918
2022-05-18,0.0,1.0,6.0,0.0,1.0,0.0,1.3333333333333333,0.0,0.0,3.92918,3.92918
2022-05-19,32.0,5.0,63.0,0.0,13.0,4.0,19.5,0.6577524893314366,5.3290132237500645,4.41419758356251,9.743210807312575
2022-05-20,1.0,0.0,0.0,6.0,32.0,96.0,22.5,1.3102319236016369,10.615304936587336,5.65335751736561,16.268662453952945
2022-05-21,2.0,0.0,8.0,1.0,1.0,4.0,2.6666666666666665,0.0,0.0,5.201088915976361,5.201088915976361
2022-05-22,18.0,0.0,14.0,0.0,0.0,24.0,9.333333333333334,0.0,0.0,4.785001802698252,4.785001802698252
2022-05-23,4.0,0.0,0.0,0.0,0.0,8.0,2.0,0.0,0.0,4.402201658482392,4.402201658482392
2022-05-24,0.0,0.0,0.0,0.0,0.0,10.0,1.6666666666666667,0.0,0.0,4.050025525803801,4.050025525803801
2022-05-25,3.0,2.0,16.0,0.0,0.0,0.0,3.5,0.0,0.0,3.92918,3.92918
2022-05-26,32.0,5.0,57.0,2.0,2.0,45.0,23.833333333333332,1.660800952806312,13.455563275051137,5.633180091257671,19.088743366308808
2022-05-27,0.0,0.0,0.0,0.0,5.0,18.0,3.8333333333333335,0.0,0.0,5.182525683957057,5.182525683957057
2022-05-28,0.0,0.0,0.0,0.0,1.0,0.0,0.16666666666666666,0.0,0.0,4.767923629240493,4.767923629240493
2022-05-29,0.0,0.0,0.0,0.0,0.0,0.0,0.0,0.0,0.0,4.386489738901254,4.386489738901254
2022-05-30,0.0,0.0,0.0,0.0,0.0,0.0,0.0,0.0,0.0,4.035570559789154,4.035570559789154
2022-05-31,0.0,0.0,2.0,0.0,0.0,2.0,0.6666666666666666,0.0,0.0,3.92918,3.92918
2022-06-01,0.0,0.0,0.0,37.0,21.0,16.0,12.333333333333334,0.0,0.0,3.92918,3.92918
2022-06-02,0.0,0.0,0.0,0.0,1.0,0.0,0.16666666666666666,0.0,0.0,3.92918,3.92918
2022-06-03,0.0,0.0,0.0,0.0,0.0,0.0,0.0,0.0,0.0,3.92918,3.92918
2022-06-04,0.0,17.0,0.0,0.0,0.0,0.0,2.8333333333333335,0.0,0.0,3.92918,3.92918
2022-06-05,1.0,12.0,2.0,16.0,2.0,2.0,5.833333333333333,0.0,0.0,3.92918,3.92918
2022-06-06,13.0,1.0,18.0,24.0,4.0,9.0,11.5,0.0,0.0,3.92918,3.92918
2022-06-07,0.0,0.0,0.0,0.0,6.0,8.0,2.3333333333333335,0.0,0.0,3.92918,3.92918
2022-06-08,18.0,3.0,36.0,0.0,0.0,0.0,9.5,0.0,0.0,3.92918,3.92918
2022-06-09,0.0,0.0,1.0,0.0,0.0,1.0,0.3333333333333333,0.0,0.0,3.92918,3.92918
2022-06-10,0.0,13.0,1.0,0.0,0.0,0.0,2.3333333333333335,0.0,0.0,3.92918,3.92918
2022-06-11,6.0,7.0,7.0,13.0,0.0,0.0,5.5,0.0,0.0,3.92918,3.92918
2022-06-12,3.0,4.0,2.0,3.0,3.0,9.0,4.0,0.0,0.0,3.92918,3.92918
2022-06-13,20.0,67.0,27.0,4.0,16.0,2.0,22.666666666666668,1.352102238354507,10.954532023705497,5.258025403555825,16.212557427261324
2022-06-14,0.0,0.0,23.0,6.0,16.0,48.0,15.5,0.1182503770739064,0.9580470364784083,4.981090426743121,5.939137463221529
2022-06-15,1.0,0.0,2.0,0.0,31.0,23.0,9.5,0.0,0.0,4.582603192603671,4.582603192603671
2022-06-16,2.0,36.0,2.0,0.0,0.0,13.0,8.833333333333334,0.0,0.0,4.2159949371953775,4.2159949371953775
2022-06-17,1.0,14.0,2.0,66.0,17.0,4.0,17.333333333333332,0.3150848010437049,2.5527703788263127,4.261630899043694,6.814401277870006
2022-06-18,0.0,0.0,0.0,2.0,1.0,4.0,1.1666666666666667,0.0,0.0,3.92918,3.92918
2022-06-19,12.0,6.0,17.0,0.0,0.0,0.0,5.833333333333333,0.0,0.0,3.92918,3.92918
2022-06-20,0.0,5.0,2.0,17.0,0.0,25.0,8.166666666666666,0.0,0.0,3.92918,3.92918
2022-06-21,0.0,0.0,0.0,0.0,0.0,4.0,0.6666666666666666,0.0,0.0,3.92918,3.92918
2022-06-22,0.0,0.0,4.0,0.0,0.0,1.0,0.8333333333333334,0.0,0.0,3.92918,3.92918
2022-06-23,1.0,7.0,6.0,0.0,0.0,1.0,2.5,0.0,0.0,3.92918,3.92918
2022-06-24,5.0,4.0,11.0,2.0,0.0,1.0,3.8333333333333335,0.0,0.0,3.92918,3.92918
2022-06-25,22.0,0.0,32.0,8.0,0.0,7.0,11.5,0.0,0.0,3.92918,3.92918
2022-06-26,16.0,15.0,33.0,0.0,0.0,5.0,11.5,0.0,0.0,3.92918,3.92918
2022-06-27,2.0,0.0,6.0,0.0,0.0,12.0,3.3333333333333335,0.0,0.0,3.92918,3.92918
2022-06-28,0.0,0.0,0.0,0.0,0.0,0.0,0.0,0.0,0.0,3.92918,3.92918
2022-06-29,0.0,0.0,0.0,0.0,0.0,0.0,0.0,0.0,0.0,3.92918,3.92918
2022-06-30,0.0,0.0,0.0,0.0,0.0,0.0,0.0,0.0,0.0,3.92918,3.92918
2022-07-01,0.0,0.0,3.0,0.0,0.0,0.0,0.5,0.0,0.0,3.92918,3.92918
2022-07-02,4.0,0.0,7.0,0.0,0.0,0.0,1.8333333333333333,0.0,0.0,3.92918,3.92918
2022-07-03,0.0,0.0,0.0,0.0,0.0,0.0,0.0,0.0,0.0,3.92918,3.92918
2022-07-04,0.0,0.0,0.0,0.0,1.0,0.0,0.16666666666666666,0.0,0.0,3.92918,3.92918
2022-07-05,0.0,0.0,0.0,0.0,0.0,0.0,0.0,0.0,0.0,3.92918,3.92918
2022-07-06,0.0,0.0,0.0,0.0,0.0,1.0,0.16666666666666666,0.0,0.0,3.92918,3.92918
2022-07-07,0.0,0.0,2.0,0.0,0.0,3.0,0.8333333333333334,0.0,0.0,3.92918,3.92918
2022-07-08,0.0,0.0,1.0,0.0,0.0,1.0,0.3333333333333333,0.0,0.0,3.92918,3.92918
2022-07-09,0.0,0.0,0.0,1.0,1.0,2.0,0.6666666666666666,0.0,0.0,3.92918,3.92918
2022-07-10,0.0,0.0,0.0,0.0,0.0,0.0,0.0,0.0,0.0,3.92918,3.92918
2022-07-11,0.0,0.0,0.0,0.0,0.0,0.0,0.0,0.0,0.0,3.92918,3.92918
2022-07-12,0.0,0.0,0.0,0.0,0.0,0.0,0.0,0.0,0.0,3.92918,3.92918
2022-07-13,4.0,7.0,8.0,0.0,0.0,0.0,3.1666666666666665,0.0,0.0,3.92918,3.92918
2022-07-14,20.0,0.0,24.0,4.0,11.2,12.0,11.866666666666667,0.0,0.0,3.92918,3.92918
2022-07-15,1.0,0.0,0.0,0.0,0.0,10.0,1.8333333333333333,0.0,0.0,3.92918,3.92918
2022-07-16,0.0,0.0,0.0,0.0,0.0,0.0,0.0,0.0,0.0,3.92918,3.92918
2022-07-17,0.0,0.0,0.0,0.0,0.0,0.0,0.0,0.0,0.0,3.92918,3.92918
2022-07-18,0.0,0.0,0.0,0.0,0.0,0.0,0.0,0.0,0.0,3.92918,3.92918
2022-07-19,0.0,0.0,0.0,0.0,0.0,0.0,0.0,0.0,0.0,3.92918,3.92918
2022-07-20,0.0,0.0,0.0,0.0,0.0,0.0,0.0,0.0,0.0,3.92918,3.92918
2022-07-21,0.0,0.0,0.0,0.0,0.0,0.0,0.0,0.0,0.0,3.92918,3.92918
2022-07-22,0.0,0.0,0.0,0.0,0.0,1.0,0.16666666666666666,0.0,0.0,3.92918,3.92918
2022-07-23,13.0,2.0,28.0,0.0,0.0,0.0,7.166666666666667,0.0,0.0,3.92918,3.92918
2022-07-24,0.0,0.0,0.0,0.0,0.0,12.0,2.0,0.0,0.0,3.92918,3.92918
2022-07-25,0.0,0.0,0.0,0.0,0.0,0.0,0.0,0.0,0.0,3.92918,3.92918
2022-07-26,0.0,0.0,0.0,0.0,0.0,0.0,0.0,0.0,0.0,3.92918,3.92918
2022-07-27,0.0,0.0,0.0,0.0,0.0,0.0,0.0,0.0,0.0,3.92918,3.92918
2022-07-28,0.0,0.0,0.0,0.0,0.0,0.0,0.0,0.0,0.0,3.92918,3.92918
2022-07-29,0.0,0.0,0.0,0.0,0.0,0.0,0.0,0.0,0.0,3.92918,3.92918
2022-07-30,0.0,0.0,2.0,0.0,0.0,40.0,7.0,0.0,0.0,3.92918,3.92918
2022-07-31,12.0,2.0,13.0,0.0,0.0,0.0,4.5,0.0,0.0,3.92918,3.92918
2022-08-01,0.0,0.0,0.0,0.0,0.0,0.0,0.0,0.0,0.0,3.92918,3.92918
2022-08-02,0.0,0.0,0.0,0.0,0.0,0.0,0.0,0.0,0.0,3.92918,3.92918
2022-08-03,0.0,0.0,0.0,0.0,0.0,0.0,0.0,0.0,0.0,3.92918,3.92918
2022-08-04,0.0,0.0,0.0,0.0,0.0,0.0,0.0,0.0,0.0,3.92918,3.92918
2022-08-05,0.0,0.0,0.0,0.0,0.0,0.0,0.0,0.0,0.0,3.92918,3.92918
2022-08-06,11.0,22.0,18.0,0.0,0.0,0.0,8.5,0.0,0.0,3.92918,3.92918
2022-08-07,2.0,1.0,4.0,7.0,8.0,59.0,13.5,0.009953343701399664,0.08064051609930284,3.92918,4.009820516099303
2022-08-08,1.0,1.0,5.0,0.0,0.0,3.0,1.6666666666666667,0.0,0.0,3.92918,3.92918
2022-08-09,5.0,0.0,16.0,0.0,1.0,7.0,4.833333333333333,0.0,0.0,3.92918,3.92918
2022-08-10,15.0,5.0,18.0,0.0,0.0,4.0,7.0,0.0,0.0,3.92918,3.92918
2022-08-11,68.0,0.0,158.0,3.0,1.0,0.0,38.333333333333336,7.371740214410372,59.724747107491446,12.573557666123717,72.29830477361516
2022-08-12,0.0,1.0,0.0,3.0,1.0,7.0,2.0,0.0,0.0,11.56767305283382,11.56767305283382
2022-08-13,0.0,23.0,0.0,59.0,16.0,0.0,16.333333333333332,0.19664018536908287,1.5931496499809954,10.881231656104264,12.47438130608526
2022-08-14,0.0,22.0,0.0,4.0,14.0,0.0,6.666666666666667,0.0,0.0,10.010733123615923,10.010733123615923
2022-08-15,0.0,8.0,0.0,74.0,28.0,0.0,18.333333333333332,0.45903246544519416,3.7190130302272673,9.76772642826074,13.486739458488007
2022-08-16,0.0,0.0,0.0,13.0,1.0,1.0,2.5,0.0,0.0,8.986308313999881,8.986308313999881
2022-08-17,6.0,0.0,8.0,0.0,0.0,0.0,2.3333333333333335,0.0,0.0,8.267403648879892,8.267403648879892
2022-08-18,1.0,0.0,7.0,0.0,0.0,0.0,1.3333333333333333,0.0,0.0,7.606011356969501,7.606011356969501
2022-08-19,0.0,0.0,10.0,0.0,0.0,0.0,1.6666666666666667,0.0,0.0,6.997530448411941,6.997530448411941
2022-08-20,0.0,0.0,0.0,0.0,0.0,0.0,0.0,0.0,0.0,6.437728012538986,6.437728012538986
2022-08-21,0.0,0.0,0.0,0.0,0.0,0.0,0.0,0.0,0.0,5.922709771535867,5.922709771535867
2022-08-22,0.0,0.0,0.0,0.0,0.0,0.0,0.0,0.0,0.0,5.4488929898129985,5.4488929898129985
2022-08-23,0.0,0.0,0.0,0.0,0.0,0.0,0.0,0.0,0.0,5.012981550627959,5.012981550627959
2022-08-24,0.0,0.0,1.0,0.0,0.0,0.0,0.16666666666666666,0.0,0.0,4.611943026577722,4.611943026577722
2022-08-25,0.0,0.0,0.0,0.0,0.0,0.0,0.0,0.0,0.0,4.242987584451504,4.242987584451504
2022-08-26,0.0,0.0,0.0,0.0,0.0,0.0,0.0,0.0,0.0,3.92918,3.92918
2022-08-27,1.0,0.0,2.0,0.0,0.0,0.0,0.5,0.0,0.0,3.92918,3.92918
2022-08-28,1.0,0.0,2.0,0.0,0.0,0.0,0.5,0.0,0.0,3.92918,3.92918
2022-08-29,2.0,3.0,2.0,0.0,0.0,0.0,1.1666666666666667,0.0,0.0,3.92918,3.92918
2022-08-30,14.0,30.0,11.0,0.0,0.0,0.0,9.166666666666666,0.0,0.0,3.92918,3.92918
2022-08-31,0.0,0.0,0.0,0.0,0.0,0.0,0.0,0.0,0.0,3.92918,3.92918
2022-09-01,0.0,0.0,0.0,0.0,0.0,0.0,0.0,0.0,0.0,3.92918,3.92918
2022-09-02,0.0,0.0,0.0,0.0,0.0,0.0,0.0,0.0,0.0,3.92918,3.92918
2022-09-03,0.0,0.0,0.0,0.0,0.0,0.0,0.0,0.0,0.0,3.92918,3.92918
2022-09-04,0.0,0.0,0.0,0.0,0.0,0.0,0.0,0.0,0.0,3.92918,3.92918
2022-09-05,0.0,0.0,0.0,0.0,0.0,0.0,0.0,0.0,0.0,3.92918,3.92918
2022-09-06,0.0,0.0,0.0,0.0,0.0,0.0,0.0,0.0,0.0,3.92918,3.92918
2022-09-07,0.0,0.0,0.0,0.0,0.0,0.0,0.0,0.0,0.0,3.92918,3.92918
2022-09-08,27.0,30.0,11.0,0.0,0.0,0.0,11.333333333333334,0.0,0.0,3.92918,3.92918
2022-09-09,2.0,16.0,4.0,3.0,34.0,15.0,12.333333333333334,0.0,0.0,3.92918,3.92918
2022-09-10,115.0,29.0,128.0,2.0,11.0,1.0,47.666666666666664,12.41707289550891,100.6012850330583,18.705038354958745,119.30632338801705
2022-09-11,20.0,2.0,23.0,6.0,34.0,91.0,29.333333333333332,3.4525929007210205,27.972396186397155,21.40449471452162,49.376890900918774
2022-09-12,0.0,0.0,4.0,4.0,17.0,19.0,7.333333333333333,0.0,0.0,19.69213513735989,19.69213513735989
2022-09-13,0.0,0.0,0.0,0.0,0.0,0.0,0.0,0.0,0.0,18.1167643263711,18.1167643263711
2022-09-14,95.0,0.0,174.0,0.0,0.0,0.0,44.833333333333336,10.796979202974324,87.47552595002347,29.788752072764932,117.2642780227884
2022-09-15,24.0,0.0,46.0,0.0,0.0,6.0,12.666666666666666,0.0,0.0,27.40565190694374,27.40565190694374
2022-09-16,0.0,17.0,0.0,0.0,0.0,12.0,4.833333333333333,0.0,0.0,25.213199754388242,25.213199754388242
2022-09-17,0.0,0.0,0.0,0.0,0.0,0.0,0.0,0.0,0.0,23.196143774037182,23.196143774037182
2022-09-18,0.0,0.0,0.0,0.0,0.0,0.0,0.0,0.0,0.0,21.34045227211421,21.34045227211421
2022-09-19,2.0,3.0,4.0,0.0,0.0,0.0,1.5,0.0,0.0,19.633216090345073,19.633216090345073
2022-09-20,1.0,0.0,7.0,2.0,2.0,27.0,6.5,0.0,0.0,18.06255880311747,18.06255880311747
2022-09-21,8.0,0.0,20.0,0.0,0.0,5.0,5.5,0.0,0.0,16.617554098868073,16.617554098868073
2022-09-22,2.0,0.0,7.0,0.0,0.0,7.0,2.6666666666666665,0.0,0.0,15.288149770958627,15.288149770958627
2022-09-23,1.0,0.0,7.0,0.0,0.0,2.0,1.6666666666666667,0.0,0.0,14.065097789281937,14.065097789281937
2022-09-24,2.0,0.0,5.0,0.0,0.0,5.0,2.0,0.0,0.0,12.939889966139383,12.939889966139383
2022-09-25,5.0,0.0,10.0,0.0,0.0,2.0,2.8333333333333335,0.0,0.0,11.904698768848233,11.904698768848233
2022-09-26,157.0,0.0,72.0,0.0,0.0,34.0,43.833333333333336,10.242526711283316,82.9834340034528,23.399837967858296,106.3832719713111
2022-09-27,0.0,0.0,0.0,0.0,0.0,113.0,18.833333333333332,0.5402265836923565,4.376835747507518,22.18437629255576,26.56121204006328
2022-09-28,0.0,0.0,5.0,0.0,0.0,0.0,0.8333333333333334,0.0,0.0,20.4096261891513,20.4096261891513
2022-09-29,0.0,0.0,0.0,0.0,0.0,0.0,0.0,0.0,0.0,18.776856094019198,18.776856094019198
2022-09-30,0.0,0.0,0.0,2.0,0.0,0.0,0.3333333333333333,0.0,0.0,17.274707606497664,17.274707606497664
2022-10-01,3.0,21.0,1.0,22.0,17.0,13.0,12.833333333333334,0.0002793783830976059,0.002263482270466714,15.893070520318421,15.895334002588887
2022-10-02,84.0,4.0,60.0,44.0,32.0,1.0,37.5,6.965345413363532,56.43219663604714,23.08645437410002,79.51865101014715
2022-10-03,3.0,14.0,18.0,44.0,9.0,96.0,30.666666666666668,3.9623704309874532,32.10253821401872,26.054918756274823,58.157456970293545
2022-10-04,0.0,0.0,0.0,48.0,1.0,17.0,11.0,0.0,0.0,23.970525255772838,23.970525255772838
2022-10-05,6.0,2.0,14.0,0.0,0.0,0.0,3.6666666666666665,0.0,0.0,22.05288323531101,22.05288323531101
2022-10-06,20.0,4.0,32.0,3.0,0.0,5.0,10.666666666666666,0.0,0.0,20.288652576486133,20.288652576486133
2022-10-07,119.0,35.0,156.0,3.0,9.0,41.0,60.5,20.528661275831084,166.32017237363146,43.61358622641196,209.93375860004343
2022-10-08,5.0,2.0,8.0,39.0,53.0,181.0,48.0,12.61224696356275,102.18255641775379,55.451882790962074,157.63443920871586
2022-10-09,1.0,1.0,2.0,0.0,0.0,8.0,2.0,0.0,0.0,51.01573216768511,51.01573216768511
2022-10-10,19.0,17.0,44.0,3.0,0.0,0.0,13.833333333333334,0.019872786659790257,0.16100637340107846,46.95862455028046,47.11963092368154
2022-10-11,15.0,0.0,11.0,1.0,0.0,0.0,4.5,0.0,0.0,43.20193458625803,43.20193458625803
2022-10-12,192.0,4.0,202.0,0.0,0.0,45.0,73.83333333333333,29.98623517874654,242.9440350129928,76.18738507130631,319.1314200842991
2022-10-13,38.0,16.0,24.0,2.0,1.0,124.0,34.166666666666664,5.423512488557602,43.940494698962056,76.68346847044612,120.62396316940817
2022-10-14,5.0,4.0,10.0,8.0,10.0,73.0,18.333333333333332,0.45903246544519416,3.7190130302272673,71.10664294734451,74.82565597757178
2022-10-15,0.0,0.0,0.0,4.0,2.0,14.0,3.3333333333333335,0.0,0.0,65.41811151155696,65.41811151155696
2022-10-16,8.0,53.0,8.0,0.0,0.0,1.0,11.666666666666666,0.0,0.0,60.184662590632406,60.184662590632406
2022-10-17,49.0,34.0,41.0,28.0,21.0,26.0,33.166666666666664,4.988699219266902,40.41770200794944,61.43254488457423,101.85024689252367
2022-10-18,33.0,17.0,3.0,45.0,33.0,86.0,36.166666666666664,6.332132362335503,51.30199830595893,64.21324103970213,115.51523934566106
2022-10-19,8.0,6.0,6.0,4.0,17.0,16.0,9.5,0.0,0.0,59.07618175652596,59.07618175652596
2022-10-20,15.0,20.0,14.0,51.0,73.0,12.0,30.833333333333332,4.027984211242684,32.63413134108656,59.24520691716687,91.87933825825343
2022-10-21,20.0,39.0,20.0,14.0,19.0,27.0,23.166666666666668,1.4810875769866305,11.999552128363904,56.30552318304811,68.30507531141201
2022-10-22,1.0,2.0,5.0,64.0,43.0,42.0,26.166666666666668,2.356229247870651,19.08982029524833,54.66455437269151,73.75437466793984
2022-10-23,30.0,0.0,43.0,20.0,14.0,0.0,17.833333333333332,0.38394042415411983,3.1106284364338412,50.75798428834127,53.86861272477511
2022-10-24,13.0,3.0,10.0,4.0,5.0,5.0,6.666666666666667,0.0,0.0,46.69734554527397,46.69734554527397
2022-10-25,38.0,36.0,34.0,9.0,0.0,3.0,20.0,0.7526836158192088,6.0981311466834045,43.87627757365456,49.97440872033797
2022-10-26,25.0,48.0,19.0,69.0,64.0,78.0,50.5,14.10503455083909,114.27690029615003,57.5077104121847,171.78461070833472
2022-10-27,0.0,0.0,0.0,59.0,26.0,42.0,21.166666666666668,0.9960784313725491,8.070079883805375,54.117605561780735,62.18768544558611
2022-10-28,0.0,0.0,0.0,0.0,0.0,0.0,0.0,0.0,0.0,49.788197116838276,49.788197116838276
2022-10-29,0.0,0.0,0.0,2.0,0.0,4.0,1.0,0.0,0.0,45.805141347491215,45.805141347491215
2022-10-30,1.0,3.0,0.0,9.0,5.0,3.0,3.5,0.0,0.0,42.14073003969192,42.14073003969192
2022-10-31,0.0,0.0,0.0,0.0,0.0,0.0,0.0,0.0,0.0,38.76947163651656,38.76947163651656
2022-11-01,27.0,10.0,41.0,2.0,1.0,24.0,17.5,0.3373352855051243,2.7330405075646644,36.07786998172994,38.810910489294606
2022-11-02,3.0,16.0,4.0,18.0,15.0,27.0,13.833333333333334,0.019872786659790257,0.16100637340107846,33.21579133920171,33.37679771260279
2022-11-03,24.0,3.0,37.0,2.0,2.0,3.0,11.833333333333334,0.0,0.0,30.558528032065574,30.558528032065574
2022-11-04,0.0,1.0,0.0,2.0,1.0,9.0,2.1666666666666665,0.0,0.0,28.113845789500328,28.113845789500328
2022-11-05,135.0,21.0,161.0,1.0,0.0,0.0,53.0,15.64633911368015,126.7643215228716,44.87938635477104,171.64370787764264
2022-11-06,3.0,43.0,25.0,8.0,5.0,55.0,23.166666666666668,1.4810875769866305,11.999552128363904,43.08896826564395,55.08852039400785
2022-11-07,23.0,12.0,22.0,93.0,26.0,87.0,43.833333333333336,10.242526711283316,82.9834340034528,52.08936590491035,135.07279990836315
2022-11-08,5.0,16.0,20.0,7.0,5.0,39.0,15.333333333333334,0.10485551075268815,0.8495238139685382,48.04964520461281,48.89916901858135
2022-11-09,25.0,9.0,47.0,5.0,3.0,29.0,19.666666666666668,0.6887574897508673,5.580211143814896,45.04270525981602,50.62291640363091
2022-11-10,30.0,52.0,36.0,6.0,27.0,38.0,31.5,4.294532199270959,34.79366365150082,46.65833838675586,81.45200203825668
2022-11-11,0.0,11.0,0.0,37.0,1.0,6.0,9.166666666666666,0.0,0.0,42.92567131581539,42.92567131581539
2022-11-12,5.0,30.0,2.0,6.0,0.0,2.0,7.5,0.0,0.0,39.491617610550165,39.491617610550165
2022-11-13,18.0,60.0,15.0,14.0,25.0,5.0,22.833333333333332,1.3945374981137764,11.298336211569946,38.02703863344165,49.325374845011595
2022-11-14,38.0,61.0,47.0,60.0,70.0,61.0,56.166666666666664,17.66298950867352,143.10292426008638,56.45031418177928,199.55323844186566
2022-11-15,9.0,11.0,21.0,48.0,30.0,34.0,25.5,2.147313237221494,17.397213727488953,54.54387110636028,71.94108483384923
2022-11-16,47.0,9.0,54.0,11.0,16.0,7.0,24.0,1.707085561497326,13.830554317686667,52.25494456550446,66.08549888319112
2022-11-17,39.0,15.0,37.0,56.0,72.0,59.0,46.333333333333336,11.645859071150767,94.35302488200853,62.227502732565384,156.5805276145739
2022-11-18,34.0,45.0,40.0,5.0,54.0,40.0,36.333333333333336,6.410112216271359,51.933779529976285,65.0393694434566,116.97314897343287
2022-11-19,5.0,1.0,3.0,66.0,37.0,26.0,23.0,1.4375338753387532,11.646686490013046,61.58322286148203,73.22990935149508
2022-11-20,20.0,13.0,34.0,2.0,1.0,3.0,12.166666666666666,0.0,0.0,56.65656503256347,56.65656503256347
2022-11-21,7.0,3.0,8.0,9.0,3.0,6.0,6.0,0.0,0.0,52.1240398299584,52.1240398299584
2022-11-22,6.0,10.0,4.0,3.0,0.0,3.0,4.333333333333333,0.0,0.0,47.954116643561726,47.954116643561726
2022-11-23,0.0,3.0,1.0,2.0,3.0,1.0,1.6666666666666667,0.0,0.0,44.11778731207679,44.11778731207679
2022-11-24,1.0,5.0,1.0,2.0,1.0,10.0,3.3333333333333335,0.0,0.0,40.588364327110654,40.588364327110654
2022-11-25,21.0,6.0,6.0,3.0,1.0,1.0,6.333333333333333,0.0,0.0,37.341295180941806,37.341295180941806
2022-11-26,17.0,4.0,37.0,8.0,0.0,2.0,11.333333333333334,0.0,0.0,34.35399156646646,34.35399156646646
2022-11-27,6.0,8.0,1.0,16.0,1.0,17.0,8.166666666666666,0.0,0.0,31.605672241149147,31.605672241149147
2022-11-28,50.0,0.0,23.0,19.0,32.0,9.0,22.166666666666668,1.2282016141312624,9.950707521896803,30.56982459014174,40.52053211203854
2022-11-29,2.0,11.0,2.0,72.0,34.0,49.0,28.333333333333332,3.088472339230553,25.022345340988277,31.877590424078644,56.89993576506692
2022-11-30,0.0,0.0,0.0,10.0,32.0,0.0,7.0,0.0,0.0,29.327383190152354,29.327383190152354
2022-12-01,0.0,0.0,0.0,0.0,1.0,0.0,0.16666666666666666,0.0,0.0,26.981192534940167,26.981192534940167
2022-12-02,4.0,0.0,9.0,0.0,0.0,0.0,2.1666666666666665,0.0,0.0,24.822697132144956,24.822697132144956
2022-12-03,6.0,0.0,3.0,0.0,0.0,2.0,1.8333333333333333,0.0,0.0,22.83688136157336,22.83688136157336
2022-12-04,4.0,12.0,12.0,0.0,0.0,0.0,4.666666666666667,0.0,0.0,21.009930852647493,21.009930852647493
2022-12-05,3.0,11.0,7.0,9.0,5.0,9.0,7.333333333333333,0.0,0.0,19.329136384435696,19.329136384435696
2022-12-06,19.0,6.0,18.0,7.0,31.0,66.0,24.5,1.8491367861885788,14.98143229550932,20.03002031800724,35.01145261351656
2022-12-07,35.0,16.0,18.0,5.0,9.0,6.0,14.833333333333334,0.06934145928559335,0.5617942303230942,18.511887827115125,19.07368205743822
2022-12-08,0.0,6.0,1.0,37.0,58.0,19.0,20.166666666666668,0.7855957413496164,6.364780311860318,17.985653847724965,24.350434159585284
2022-12-09,0.0,0.0,0.0,1.0,0.0,9.0,1.6666666666666667,0.0,0.0,16.54680153990697,16.54680153990697
2022-12-10,0.0,0.0,8.0,0.0,0.0,0.0,1.3333333333333333,0.0,0.0,15.223057416714413,15.223057416714413
2022-12-11,0.0,12.0,0.0,0.0,0.0,0.0,2.0,0.0,0.0,14.00521282337726,14.00521282337726
2022-12-12,0.0,3.0,1.0,15.0,22.0,0.0,6.833333333333333,0.0,0.0,12.88479579750708,12.88479579750708
2022-12-13,24.0,17.0,11.0,9.0,1.0,1.0,10.5,0.0,0.0,11.854012133706513,11.854012133706513
2022-12-14,9.0,14.0,13.0,33.0,19.0,13.0,16.833333333333332,0.2526039099720714,2.046559455792245,11.21267508137883,13.259234537171075
2022-12-15,3.0,14.0,17.0,2.0,2.0,39.0,12.833333333333334,0.0002793783830976059,0.002263482270466714,10.316000597209094,10.31826407947956
2022-12-16,18.0,15.0,36.0,23.0,31.0,22.0,24.166666666666668,1.7539054394545723,14.209882032618065,11.622202854325076,25.832084886943143
2022-12-17,3.0,3.0,10.0,0.0,13.0,27.0,9.333333333333334,0.0,0.0,10.69242662597907,10.69242662597907
2022-12-18,0.0,0.0,0.0,0.0,0.0,0.0,0.0,0.0,0.0,9.837032495900745,9.837032495900745
2022-12-19,0.0,1.0,0.0,0.0,0.0,0.0,0.16666666666666666,0.0,0.0,9.050069896228687,9.050069896228687
2022-12-20,2.0,4.0,4.0,0.0,0.0,2.0,2.0,0.0,0.0,8.326064304530393,8.326064304530393
2022-12-21,10.0,13.0,17.0,0.0,0.0,4.0,7.333333333333333,0.0,0.0,7.659979160167961,7.659979160167961
2022-12-22,59.0,35.0,81.0,6.0,10.0,13.0,34.0,5.350117924528301,43.3458628144654,13.549060249524334,56.89492306398974
2022-12-23,55.0,14.0,54.0,33.0,35.0,77.0,44.666666666666664,10.703922253258842,86.7215923296434,25.473374279008898,112.1949666086523
2022-12-24,27.0,16.0,46.0,12.0,19.0,31.0,25.166666666666668,2.0458680707912826,16.57532001798493,25.921802339385927,42.497122357370856
2022-12-25,12.0,12.0,18.0,19.0,25.0,17.0,17.166666666666668,0.29354258623508256,2.3782385458860853,24.20479393411797,26.583032480004054
2022-12-26,19.0,10.0,33.0,12.0,11.0,13.0,16.333333333333332,0.19664018536908287,1.5931496499809954,22.507382866885685,24.10053251686668
2022-12-27,7.0,7.0,12.0,18.0,17.0,40.0,16.833333333333332,0.2526039099720714,2.046559455792245,21.013776155903667,23.060335611695912
2022-12-28,49.0,36.0,41.0,32.0,15.0,8.0,30.166666666666668,3.768025250446,30.527982353150463,23.91187141640394,54.439853769554404
2022-12-29,7.0,16.0,9.0,0.0,0.0,0.0,5.333333333333333,0.0,0.0,21.998921703091625,21.998921703091625
2022-12-30,0.0,0.0,0.0,0.0,0.0,0.0,0.0,0.0,0.0,20.239007966844294,20.239007966844294
2022-12-31,0.0,0.0,0.0,0.0,0.0,0.0,0.0,0.0,0.0,18.619887329496752,18.619887329496752
2023-01-01,5.0,4.0,7.0,0.0,2.0,5.0,3.8333333333333335,0.0,0.0,17.13029634313701,17.13029634313701
2023-01-02,6.0,2.0,10.0,27.0,11.0,2.0,9.666666666666666,0.0,0.0,15.759872635686051,15.759872635686051
2023-01-03,9.0,6.0,12.0,1.0,1.0,4.0,5.5,0.0,0.0,14.499082824831168,14.499082824831168
2023-01-04,11.0,7.0,26.0,1.0,4.0,4.0,8.833333333333334,0.0,0.0,13.339156198844675,13.339156198844675
2023-01-05,3.0,6.0,4.0,9.0,35.0,5.0,10.333333333333334,0.0,0.0,12.272023702937101,12.272023702937101
2023-01-06,11.0,0.0,14.0,3.0,5.0,7.0,6.666666666666667,0.0,0.0,11.290261806702134,11.290261806702134
2023-01-07,6.0,5.0,1.0,1.0,9.0,17.0,6.5,0.0,0.0,10.387040862165964,10.387040862165964
2023-01-08,0.0,0.0,1.0,4.0,2.0,0.0,1.1666666666666667,0.0,0.0,9.556077593192688,9.556077593192688
2023-01-09,1.0,9.0,0.0,0.0,1.0,0.0,1.8333333333333333,0.0,0.0,8.791591385737274,8.791591385737274
2023-01-10,12.0,28.0,28.0,1.0,0.0,0.0,11.5,0.0,0.0,8.088264074878293,8.088264074878293
2023-01-11,4.0,0.0,0.0,3.0,10.0,1.0,3.0,0.0,0.0,7.441202948888029,7.441202948888029
2023-01-12,3.0,0.0,1.0,4.0,0.0,44.0,8.666666666666666,0.0,0.0,6.845906712976987,6.845906712976987
2023-01-13,0.0,0.0,0.0,12.0,0.0,7.0,3.1666666666666665,0.0,0.0,6.298234175938829,6.298234175938829
2023-01-14,3.0,0.0,11.0,1.0,0.0,0.0,2.5,0.0,0.0,5.794375441863723,5.794375441863723
2023-01-15,0.0,6.0,0.0,13.0,0.0,1.0,3.3333333333333335,0.0,0.0,5.330825406514625,5.330825406514625
2023-01-16,0.0,16.0,2.0,3.0,0.0,2.0,3.8333333333333335,0.0,0.0,4.904359373993455,4.904359373993455
2023-01-17,2.0,34.0,5.0,25.0,1.0,0.0,11.166666666666666,0.0,0.0,4.512010624073979,4.512010624073979
2023-01-18,0.0,0.0,0.0,11.0,1.0,3.0,2.5,0.0,0.0,4.151049774148061,4.151049774148061
2023-01-19,0.0,0.0,1.0,1.0,0.0,0.0,0.3333333333333333,0.0,0.0,3.92918,3.92918
2023-01-20,16.0,2.0,7.0,0.0,0.0,0.0,4.166666666666667,0.0,0.0,3.92918,3.92918
2023-01-21,1.0,1.0,6.0,1.0,0.0,3.0,2.0,0.0,0.0,3.92918,3.92918
2023-01-22,0.0,0.0,0.0,4.0,10.0,24.0,6.333333333333333,0.0,0.0,3.92918,3.92918
2023-01-23,0.0,0.0,0.0,9.0,2.0,0.0,1.8333333333333333,0.0,0.0,3.92918,3.92918
2023-01-24,0.0,0.0,0.0,0.0,0.0,0.0,0.0,0.0,0.0,3.92918,3.92918
2023-01-25,25.0,29.0,68.0,3.0,0.0,9.0,22.333333333333332,1.2689304162868424,10.280686243064695,5.156948536459704,15.437634779524398
2023-01-26,11.0,34.0,15.0,37.0,19.0,16.0,22.0,1.1880494505494503,9.625400641025639,6.1882027496967735,15.813603390722413
2023-01-27,12.0,3.0,22.0,48.0,31.0,24.0,23.333333333333332,1.5251948441246999,12.356902672306598,7.546681930567022,19.90358460287362
2023-01-28,27.0,26.0,19.0,5.0,3.0,6.0,14.333333333333334,0.04095871716137835,0.33184145848338936,6.992723594894168,7.324565053377558
2023-01-29,33.0,52.0,54.0,34.0,31.0,35.0,39.833333333333336,8.123035429692289,65.81162963871068,16.305050153109235,82.11667979181992
2023-01-30,2.0,2.0,1.0,62.0,33.0,20.0,20.0,0.7526836158192088,6.0981311466834045,15.915365812863007,22.013496959546412
2023-01-31,24.0,12.0,17.0,2.0,0.0,9.0,10.666666666666666,0.0,0.0,14.642136547833967,14.642136547833967
2023-02-01,5.0,10.0,5.0,14.0,3.0,21.0,9.666666666666666,0.0,0.0,13.470765624007251,13.470765624007251
2023-02-02,26.0,10.0,26.0,12.0,5.0,2.0,13.5,0.009953343701399664,0.08064051609930284,12.405200451501567,12.48584096760087
2023-02-03,0.0,0.0,0.0,3.0,27.0,3.0,5.5,0.0,0.0,11.412784415381443,11.412784415381443
2023-02-04,14.0,8.0,20.0,5.0,0.0,0.0,7.833333333333333,0.0,0.0,10.499761662150929,10.499761662150929
2023-02-05,27.0,4.0,32.0,4.0,20.0,14.0,16.833333333333332,0.2526039099720714,2.046559455792245,9.966764647547691,12.013324103339936
2023-02-06,8.0,3.0,11.0,8.0,12.0,29.0,11.833333333333334,0.0,0.0,9.169423475743876,9.169423475743876
2023-02-07,22.0,7.0,30.0,5.0,3.0,6.0,12.166666666666666,0.0,0.0,8.435869597684366,8.435869597684366
2023-02-08,4.0,9.0,7.0,13.0,14.0,16.0,10.5,0.0,0.0,7.761000029869617,7.761000029869617
2023-02-09,23.0,12.0,20.0,12.0,16.0,11.0,15.666666666666666,0.13241390839184206,1.072797868915387,7.301039707817356,8.373837576732743
2023-02-10,1.0,16.0,0.0,26.0,12.0,16.0,11.833333333333334,0.0,0.0,6.716956531191968,6.716956531191968
2023-02-11,8.0,14.0,9.0,31.0,19.0,2.0,13.833333333333334,0.019872786659790257,0.16100637340107846,6.203750964706773,6.364757338107851
2023-02-12,61.0,26.0,65.0,5.0,20.0,47.0,37.333333333333336,6.885035300050429,55.781535995778945,14.074681286897071,69.85621728267601
2023-02-13,48.0,39.0,53.0,91.0,37.0,57.0,54.166666666666664,16.38124272255742,132.71840168738652,32.856467037053285,165.5748687244398
2023-02-14,48.0,85.0,51.0,46.0,38.0,38.0,51.0,14.409528487229862,116.74386505857528,47.739529432875315,164.4833944914506
2023-02-15,65.0,57.0,77.0,90.0,54.0,61.0,67.33333333333333,25.26637509405568,204.70442784535848,74.62603125504907,279.33045910040755
2023-02-16,25.0,15.0,37.0,58.0,44.0,102.0,46.833333333333336,11.933265050642996,96.68154554919094,83.1581805870238,179.83972613621472
2023-02-17,27.0,1.0,60.0,24.0,11.0,33.0,26.0,2.303255208333333,18.660632474922835,79.30462101130031,97.96525348622315
2023-02-18,0.0,0.0,1.0,1.0,1.0,24.0,4.5,0.0,0.0,72.96025133039629,72.96025133039629
2023-02-19,3.0,2.0,2.0,1.0,0.0,0.0,1.3333333333333333,0.0,0.0,67.12343122396459,67.12343122396459
2023-02-20,0.0,0.0,0.0,7.0,18.0,1.0,4.333333333333333,0.0,0.0,61.75355672604742,61.75355672604742
2023-02-21,0.0,0.0,0.0,1.0,0.0,0.0,0.16666666666666666,0.0,0.0,56.813272187963626,56.813272187963626
2023-02-22,0.0,10.0,0.0,4.0,0.0,0.0,2.3333333333333335,0.0,0.0,52.268210412926535,52.268210412926535
2023-02-23,27.0,28.0,31.0,9.0,2.0,0.0,16.166666666666668,0.17945910071345614,1.4539510474469826,48.304846237009464,49.75879728445645
2023-02-24,6.0,16.0,6.0,27.0,6.0,8.0,11.5,0.0,0.0,44.44045853804871,44.44045853804871
2023-02-25,35.0,50.0,69.0,9.0,8.0,10.0,30.166666666666668,3.768025250446,30.527982353150463,45.464419207977386,75.99240156112785
2023-02-26,46.0,24.0,35.0,53.0,34.0,48.0,40.0,8.208039647577092,66.50032121879589,51.802313854158584,118.30263507295447
2023-02-27,15.0,4.0,13.0,35.0,32.0,42.0,23.5,1.569851951547779,12.718707940780616,49.56593493694299,62.284642877723606
2023-02-28,42.0,72.0,62.0,11.0,7.0,4.0,33.0,4.9175417661097836,39.841194864315376,51.57683937163486,91.41803423595024
2023-03-01,21.0,41.0,25.0,95.0,72.0,57.0,51.833333333333336,14.921251488578543,120.88976900468727,65.58415757260717,186.47392657729443
2023-03-02,6.0,8.0,12.0,45.0,34.0,18.0,20.5,0.8532959326788216,6.913277232351564,61.374416551651336,68.2876937840029
2023-03-03,1.0,0.0,2.0,1.0,8.0,4.0,2.6666666666666665,0.0,0.0,56.46446322751923,56.46446322751923
2023-03-04,9.0,5.0,17.0,2.0,0.0,0.0,5.5,0.0,0.0,51.9473061693177,51.9473061693177
2023-03-05,29.0,16.0,23.0,1.0,0.0,4.0,12.166666666666666,0.0,0.0,47.79152167577229,47.79152167577229
2023-03-06,1.0,1.0,1.0,8.0,12.0,14.0,6.166666666666667,0.0,0.0,43.96819994171051,43.96819994171051
2023-03-07,0.0,0.0,0.0,1.0,1.0,0.0,0.3333333333333333,0.0,0.0,40.45074394637367,40.45074394637367
2023-03-08,0.0,0.0,0.0,0.0,0.0,0.0,0.0,0.0,0.0,37.21468443066378,37.21468443066378
2023-03-09,0.0,43.0,0.0,0.0,0.0,0.0,7.166666666666667,0.0,0.0,34.23750967621068,34.23750967621068
2023-03-10,0.0,12.0,0.0,5.0,1.0,0.0,3.0,0.0,0.0,31.498508902113826,31.498508902113826
2023-03-11,0.0,0.0,0.0,0.0,5.0,0.0,0.8333333333333334,0.0,0.0,28.978628189944722,28.978628189944722
2023-03-12,0.0,0.0,0.0,0.0,0.0,0.0,0.0,0.0,0.0,26.660337934749144,26.660337934749144
2023-03-13,0.0,2.0,0.0,0.0,0.0,0.0,0.3333333333333333,0.0,0.0,24.527510899969215,24.527510899969215
2023-03-14,0.0,2.0,0.0,0.0,0.0,0.0,0.3333333333333333,0.0,0.0,22.56531002797168,22.56531002797168
2023-03-15,0.0,0.0,0.0,1.0,2.0,0.0,0.5,0.0,0.0,20.760085225733945,20.760085225733945
2023-03-16,0.0,0.0,0.0,40.0,6.0,0.0,7.666666666666667,0.0,0.0,19.099278407675232,19.099278407675232
2023-03-17,0.0,3.0,0.0,0.0,0.0,11.0,2.3333333333333335,0.0,0.0,17.571336135061216,17.571336135061216
2023-03-18,0.0,1.0,0.0,45.0,1.0,0.0,7.833333333333333,0.0,0.0,16.16562924425632,16.16562924425632
2023-03-19,11.0,25.0,13.0,27.0,1.0,0.0,12.833333333333334,0.0002793783830976059,0.002263482270466714,14.872718427056384,14.87498190932685
2023-03-20,0.0,16.0,0.0,5.0,1.0,46.0,11.333333333333334,0.0,0.0,13.682900952891874,13.682900952891874
2023-03-21,8.0,1.0,1.0,1.0,6.0,0.0,2.8333333333333335,0.0,0.0,12.588268876660525,12.588268876660525
2023-03-22,0.0,35.0,0.0,25.0,18.0,4.0,13.666666666666666,0.014495001723543555,0.11743635655648714,11.598822820011156,11.716259176567643
2023-03-23,0.0,27.0,0.0,17.0,3.0,25.0,12.0,0.0,0.0,10.670916994410264,10.670916994410264
2023-03-24,0.0,34.0,0.0,35.0,5.0,3.0,12.833333333333334,0.0002793783830976059,0.002263482270466714,9.817583157198014,9.81984663946848
2023-03-25,15.0,17.0,3.0,12.0,5.0,5.0,9.5,0.0,0.0,9.032176504622173,9.032176504622173
2023-03-26,0.0,9.0,11.0,5.0,2.0,41.0,11.333333333333334,0.0,0.0,8.3096023842524,8.3096023842524
2023-03-27,5.0,11.0,4.0,2.0,57.0,2.0,13.5,0.009953343701399664,0.08064051609930284,7.656930270927104,7.7375707870264065
2023-03-28,1.0,3.0,1.0,11.0,13.0,5.0,5.666666666666667,0.0,0.0,7.044375849252936,7.044375849252936
2023-03-29,29.0,10.0,31.0,40.0,7.0,13.0,21.666666666666668,1.1094909536951854,8.988931337808214,7.829165481983933,16.818096819792146
2023-03-30,0.0,0.0,0.0,5.0,42.0,19.0,11.0,0.0,0.0,7.202832243425219,7.202832243425219
2023-03-31,0.0,0.0,0.0,0.0,0.0,0.0,0.0,0.0,0.0,6.626605663951202,6.626605663951202
2023-04-01,65.0,26.0,67.0,2.0,0.0,0.0,26.666666666666668,2.518086632243259,20.40116484456344,9.156651937519621,29.55781678208306
2023-04-02,0.0,0.0,7.0,35.0,13.0,49.0,17.333333333333332,0.3150848010437049,2.5527703788263127,8.807035339341999,11.359805718168312
2023-04-03,18.0,35.0,26.0,0.0,1.0,0.0,13.333333333333334,0.006254331254331246,0.05067166525499852,8.110073261982889,8.160744927237888
2023-04-04,0.0,0.0,0.0,0.0,15.0,3.0,3.0,0.0,0.0,7.461267401024258,7.461267401024258
2023-04-05,0.0,0.0,0.0,0.0,2.0,0.0,0.3333333333333333,0.0,0.0,6.8643660089423175,6.8643660089423175
2023-04-06,2.0,0.0,0.0,0.0,0.0,0.0,0.3333333333333333,0.0,0.0,6.3152167282269325,6.3152167282269325
2023-04-07,0.0,0.0,0.0,0.0,0.0,0.0,0.0,0.0,0.0,5.8099993899687785,5.8099993899687785
2023-04-08,0.0,0.0,0.0,0.0,0.0,0.0,0.0,0.0,0.0,5.345199438771276,5.345199438771276
2023-04-09,0.0,27.0,2.0,0.0,0.0,0.0,4.833333333333333,0.0,0.0,4.917583483669574,4.917583483669574
2023-04-10,1.0,14.0,1.0,1.0,3.0,0.0,3.3333333333333335,0.0,0.0,4.524176804976008,4.524176804976008
2023-04-11,1.0,0.0,3.0,12.0,7.0,7.0,5.0,0.0,0.0,4.1622426605779275,4.1622426605779275
2023-04-12,37.0,22.0,47.0,0.0,1.0,0.0,17.833333333333332,0.38394042415411983,3.1106284364338412,4.295857513196769,7.406485949630611
2023-04-13,8.0,2.0,8.0,10.0,15.0,32.0,12.5,0.0,0.0,3.952188912141028,3.952188912141028
2023-04-14,6.0,5.0,3.0,6.0,4.0,5.0,4.833333333333333,0.0,0.0,3.92918,3.92918
2023-04-15,0.0,0.0,0.0,8.0,2.0,4.0,2.3333333333333335,0.0,0.0,3.92918,3.92918
2023-04-16,0.0,0.0,0.0,0.0,0.0,0.0,0.0,0.0,0.0,3.92918,3.92918
2023-04-17,0.0,2.0,4.0,0.0,0.0,0.0,1.0,0.0,0.0,3.92918,3.92918
2023-04-18,0.0,1.0,0.0,12.0,2.0,0.0,2.5,0.0,0.0,3.92918,3.92918
2023-04-19,0.0,55.0,0.0,0.0,0.0,0.0,9.166666666666666,0.0,0.0,3.92918,3.92918
2023-04-20,0.0,0.0,0.0,2.0,0.0,0.0,0.3333333333333333,0.0,0.0,3.92918,3.92918
2023-04-21,0.0,7.0,10.0,0.0,0.0,0.0,2.8333333333333335,0.0,0.0,3.92918,3.92918
2023-04-22,6.0,29.0,0.0,10.0,46.0,0.0,15.166666666666666,0.09223513559036538,0.7472754040886083,3.92918,4.676455404088609
2023-04-23,2.0,7.0,25.0,1.0,0.0,34.0,11.5,0.0,0.0,3.92918,3.92918
2023-04-24,0.0,10.0,0.0,2.0,1.0,2.0,2.5,0.0,0.0,3.92918,3.92918
2023-04-25,0.0,0.0,0.0,0.0,0.0,0.0,0.0,0.0,0.0,3.92918,3.92918
2023-04-26,0.0,29.0,1.0,0.0,0.0,0.0,5.0,0.0,0.0,3.92918,3.92918
2023-04-27,0.0,1.0,4.0,30.0,8.0,1.0,7.333333333333333,0.0,0.0,3.92918,3.92918
2023-04-28,2.0,42.0,5.0,5.0,0.0,8.0,10.333333333333334,0.0,0.0,3.92918,3.92918
2023-04-29,0.0,0.0,0.0,0.0,0.0,0.0,0.0,0.0,0.0,3.92918,3.92918
2023-04-30,0.0,0.0,0.0,0.0,0.0,0.0,0.0,0.0,0.0,3.92918,3.92918
2023-05-01,4.0,5.0,14.0,2.0,8.0,0.0,5.5,0.0,0.0,3.92918,3.92918
2023-05-02,2.0,0.0,5.0,27.0,68.0,14.0,19.333333333333332,0.6273922686945497,5.083039213960472,4.3773014820940706,9.460340696054542
2023-05-03,0.0,14.0,0.0,0.0,0.0,0.0,2.3333333333333335,0.0,0.0,4.027117363526545,4.027117363526545
2023-05-04,3.0,8.0,8.0,10.0,0.0,8.0,6.166666666666667,0.0,0.0,3.92918,3.92918
2023-05-05,0.0,5.0,0.0,0.0,1.0,6.0,2.0,0.0,0.0,3.92918,3.92918
2023-05-06,0.0,3.0,4.0,2.0,1.0,0.0,1.6666666666666667,0.0,0.0,3.92918,3.92918
2023-05-07,0.0,34.0,0.0,18.0,0.0,0.0,8.666666666666666,0.0,0.0,3.92918,3.92918
2023-05-08,0.0,0.0,0.0,5.0,0.0,0.0,0.8333333333333334,0.0,0.0,3.92918,3.92918
2023-05-09,0.0,1.0,0.0,0.0,0.0,0.0,0.16666666666666666,0.0,0.0,3.92918,3.92918
2023-05-10,0.0,13.0,0.0,16.0,1.0,0.0,5.0,0.0,0.0,3.92918,3.92918
2023-05-11,27.0,16.0,36.0,10.0,1.0,3.0,15.5,0.1182503770739064,0.9580470364784083,3.92918,4.887227036478408
2023-05-12,0.0,0.0,0.0,10.0,25.0,65.0,16.666666666666668,0.23321805006587618,1.8894980908114967,3.92918,5.818678090811497
2023-05-13,0.0,0.0,0.0,0.0,0.0,0.0,0.0,0.0,0.0,3.92918,3.92918
2023-05-14,0.0,0.0,0.0,0.0,0.0,0.0,0.0,0.0,0.0,3.92918,3.92918
2023-05-15,0.0,0.0,0.0,0.0,0.0,0.0,0.0,0.0,0.0,3.92918,3.92918
2023-05-16,0.0,0.0,0.0,0.0,0.0,0.0,0.0,0.0,0.0,3.92918,3.92918
2023-05-17,0.0,0.0,0.0,0.0,0.0,0.0,0.0,0.0,0.0,3.92918,3.92918
2023-05-18,0.0,0.0,0.0,0.0,0.0,0.0,0.0,0.0,0.0,3.92918,3.92918
2023-05-19,0.0,0.0,0.0,0.0,0.0,0.0,0.0,0.0,0.0,3.92918,3.92918
2023-05-20,0.0,0.0,0.0,0.0,0.0,0.0,0.0,0.0,0.0,3.92918,3.92918
2023-05-21,0.0,0.0,0.0,0.0,0.0,0.0,0.0,0.0,0.0,3.92918,3.92918
2023-05-22,0.0,0.0,0.0,0.0,0.0,0.0,0.0,0.0,0.0,3.92918,3.92918
2023-05-23,0.0,0.0,0.0,0.0,0.0,0.0,0.0,0.0,0.0,3.92918,3.92918
2023-05-24,0.0,0.0,0.0,0.0,1.0,0.0,0.16666666666666666,0.0,0.0,3.92918,3.92918
2023-05-25,0.0,0.0,0.0,0.0,1.0,0.0,0.16666666666666666,0.0,0.0,3.92918,3.92918
2023-05-26,0.0,0.0,0.0,0.0,0.0,0.0,0.0,0.0,0.0,3.92918,3.92918
2023-05-27,0.0,0.0,0.0,0.0,0.0,0.0,0.0,0.0,0.0,3.92918,3.92918
2023-05-28,0.0,0.0,0.0,0.0,0.0,0.0,0.0,0.0,0.0,3.92918,3.92918
2023-05-29,1.0,0.0,2.0,3.0,1.0,58.0,10.833333333333334,0.0,0.0,3.92918,3.92918
2023-05-30,10.0,0.0,18.0,1.0,0.0,11.0,6.666666666666667,0.0,0.0,3.92918,3.92918
2023-05-31,0.0,0.0,0.0,0.0,0.0,0.0,0.0,0.0,0.0,3.92918,3.92918
2023-06-01,0.0,0.0,0.0,0.0,0.0,0.0,0.0,0.0,0.0,3.92918,3.92918
2023-06-02,0.0,0.0,0.0,0.0,0.0,0.0,0.0,0.0,0.0,3.92918,3.92918
2023-06-03,0.0,0.0,0.0,0.0,0.0,0.0,0.0,0.0,0.0,3.92918,3.92918
2023-06-04,0.0,1.0,0.0,0.0,0.0,0.0,0.16666666666666666,0.0,0.0,3.92918,3.92918
2023-06-05,0.0,0.0,3.0,0.0,0.0,1.0,0.6666666666666666,0.0,0.0,3.92918,3.92918
2023-06-06,10.0,2.0,45.0,1.0,0.0,2.0,10.0,0.0,0.0,3.92918,3.92918
2023-06-07,48.0,18.0,82.0,7.0,2.0,38.0,32.5,4.706362545018006,38.13025210084033,9.33438341512605,47.46463551596638
2023-06-08,0.0,0.0,0.0,16.0,14.0,20.0,8.333333333333334,0.0,0.0,8.587632741915966,8.587632741915966
2023-06-09,0.0,0.0,0.0,0.0,0.0,0.0,0.0,0.0,0.0,7.900622122562689,7.900622122562689
2023-06-10,0.0,0.0,0.0,0.0,0.0,0.0,0.0,0.0,0.0,7.268572352757674,7.268572352757674
2023-06-11,0.0,0.0,0.0,0.0,0.0,0.0,0.0,0.0,0.0,6.6870865645370605,6.6870865645370605
2023-06-12,0.0,0.0,0.0,0.0,0.0,0.0,0.0,0.0,0.0,6.152119639374096,6.152119639374096
2023-06-13,0.0,0.0,0.0,0.0,0.0,0.0,0.0,0.0,0.0,5.659950068224169,5.659950068224169
2023-06-14,0.0,0.0,0.0,0.0,0.0,4.0,0.6666666666666666,0.0,0.0,5.207154062766236,5.207154062766236
2023-06-15,0.0,0.0,0.0,0.0,0.0,0.0,0.0,0.0,0.0,4.790581737744938,4.790581737744938
2023-06-16,0.0,0.0,0.0,0.0,0.0,0.0,0.0,0.0,0.0,4.407335198725343,4.407335198725343
2023-06-17,0.0,0.0,1.0,0.0,0.0,0.0,0.16666666666666666,0.0,0.0,4.054748382827316,4.054748382827316
2023-06-18,0.0,0.0,0.0,0.0,0.0,0.0,0.0,0.0,0.0,3.92918,3.92918
2023-06-19,0.0,0.0,0.0,0.0,0.0,0.0,0.0,0.0,0.0,3.92918,3.92918
2023-06-20,0.0,30.0,0.0,0.0,0.0,0.0,5.0,0.0,0.0,3.92918,3.92918
2023-06-21,0.0,0.0,0.0,40.0,13.0,0.0,8.833333333333334,0.0,0.0,3.92918,3.92918
2023-06-22,0.0,0.0,0.0,0.0,0.0,0.0,0.0,0.0,0.0,3.92918,3.92918
2023-06-23,0.0,0.0,0.0,0.0,0.0,0.0,0.0,0.0,0.0,3.92918,3.92918
2023-06-24,0.0,0.0,0.0,0.0,0.0,0.0,0.0,0.0,0.0,3.92918,3.92918
2023-06-25,0.0,0.0,0.0,0.0,0.0,0.0,0.0,0.0,0.0,3.92918,3.92918
2023-06-26,5.0,1.0,6.0,0.0,0.0,0.0,2.0,0.0,0.0,3.92918,3.92918
2023-06-27,14.0,1.0,28.0,2.0,0.0,21.0,11.0,0.0,0.0,3.92918,3.92918
2023-06-28,54.0,10.0,76.0,1.0,0.0,24.0,27.5,2.797445721583652,22.66449079986755,7.014519219980133,29.679010019847684
2023-06-29,0.0,0.0,0.0,0.0,0.0,0.0,0.0,0.0,0.0,6.453357682381722,6.453357682381722
2023-06-30,0.0,0.0,0.0,0.0,0.0,0.0,0.0,0.0,0.0,5.9370890677911845,5.9370890677911845
2023-07-01,9.0,2.0,9.0,1.0,0.0,10.0,5.166666666666667,0.0,0.0,5.46212194236789,5.46212194236789
2023-07-02,2.0,1.0,2.0,3.0,0.0,32.0,6.666666666666667,0.0,0.0,5.025152186978459,5.025152186978459
2023-07-03,10.0,7.0,16.0,1.0,0.0,2.0,6.0,0.0,0.0,4.623140012020182,4.623140012020182
2023-07-04,5.0,0.0,8.0,4.0,1.0,23.0,6.833333333333333,0.0,0.0,4.253288811058568,4.253288811058568
2023-07-05,1.0,0.0,5.0,1.0,0.0,7.0,2.3333333333333335,0.0,0.0,3.92918,3.92918
2023-07-06,3.0,7.0,4.0,1.0,0.0,5.0,3.3333333333333335,0.0,0.0,3.92918,3.92918
2023-07-07,42.0,38.0,86.0,3.0,3.3,10.0,30.383333333333336,3.851779237665094,31.20654474960146,8.295827312440219,39.50237206204168
2023-07-08,20.0,1.0,18.0,40.5,25.0,63.0,27.916666666666668,2.941523749029572,23.831789633341437,11.206929572446217,35.03871920578766
2023-07-09,0.0,0.0,0.0,2.8,5.5,6.0,2.3833333333333333,0.0,0.0,10.31037520665052,10.31037520665052
2023-07-10,0.0,0.0,0.0,0.0,0.3,0.0,0.049999999999999996,0.0,0.0,9.485545190118478,9.485545190118478
2023-07-11,0.0,0.0,0.0,0.0,0.0,0.0,0.0,0.0,0.0,8.726701574908999,8.726701574908999
2023-07-12,0.0,0.0,0.0,0.0,0.0,0.0,0.0,0.0,0.0,8.028565448916279,8.028565448916279
2023-07-13,2.0,0.0,3.0,1.0,0.0,0.0,1.0,0.0,0.0,7.386280213002977,7.386280213002977
2023-07-14,0.0,0.0,0.0,0.1,0.0,0.0,0.016666666666666666,0.0,0.0,6.7953777959627395,6.7953777959627395
2023-07-15,0.0,0.0,0.0,0.0,0.0,0.0,0.0,0.0,0.0,6.251747572285721,6.251747572285721
2023-07-16,0.0,0.0,0.0,0.0,0.0,0.0,0.0,0.0,0.0,5.751607766502864,5.751607766502864
2023-07-17,0.0,0.0,0.0,0.0,0.0,0.0,0.0,0.0,0.0,5.291479145182635,5.291479145182635
2023-07-18,0.0,0.0,0.0,0.0,0.0,0.0,0.0,0.0,0.0,4.868160813568024,4.868160813568024
2023-07-19,0.0,0.0,0.0,0.0,0.0,0.0,0.0,0.0,0.0,4.478707948482582,4.478707948482582
2023-07-20,0.0,0.0,0.0,0.0,0.0,0.0,0.0,0.0,0.0,4.120411312603975,4.120411312603975
2023-07-21,0.0,0.0,0.0,0.0,0.0,0.0,0.0,0.0,0.0,3.92918,3.92918
2023-07-22,0.0,0.0,0.0,0.0,0.0,0.0,0.0,0.0,0.0,3.92918,3.92918
2023-07-23,0.0,0.0,0.0,0.0,0.0,0.0,0.0,0.0,0.0,3.92918,3.92918
2023-07-24,0.0,0.0,0.0,0.0,0.0,0.0,0.0,0.0,0.0,3.92918,3.92918
2023-07-25,0.0,0.0,0.0,0.0,0.0,0.0,0.0,0.0,0.0,3.92918,3.92918
2023-07-26,0.0,0.0,0.0,0.0,0.0,0.0,0.0,0.0,0.0,3.92918,3.92918
2023-07-27,0.0,0.0,0.0,0.0,0.0,0.0,0.0,0.0,0.0,3.92918,3.92918
2023-07-28,0.0,0.0,0.0,0.0,0.0,0.0,0.0,0.0,0.0,3.92918,3.92918
2023-07-29,0.0,0.0,0.0,0.0,0.0,0.0,0.0,0.0,0.0,3.92918,3.92918
2023-07-30,0.0,0.0,0.0,0.0,0.0,0.0,0.0,0.0,0.0,3.92918,3.92918
2023-07-31,0.0,3.0,0.0,7.0,0.0,5.0,2.5,0.0,0.0,3.92918,3.92918
2023-08-01,0.0,0.0,0.0,0.0,0.0,0.0,0.0,0.0,0.0,3.92918,3.92918
2023-08-02,0.0,0.0,0.0,0.0,0.0,0.0,0.0,0.0,0.0,3.92918,3.92918
2023-08-03,0.0,0.0,0.0,0.0,0.0,0.0,0.0,0.0,0.0,3.92918,3.92918
2023-08-04,0.0,0.0,0.0,0.0,0.0,0.0,0.0,0.0,0.0,3.92918,3.92918
2023-08-05,0.0,0.0,1.0,0.0,0.0,0.0,0.16666666666666666,0.0,0.0,3.92918,3.92918
2023-08-06,0.0,0.0,0.0,0.0,0.0,0.0,0.0,0.0,0.0,3.92918,3.92918
2023-08-07,0.0,0.0,0.0,0.0,0.0,1.0,0.16666666666666666,0.0,0.0,3.92918,3.92918
2023-08-08,0.0,0.0,0.0,0.0,0.0,0.0,0.0,0.0,0.0,3.92918,3.92918
2023-08-09,0.0,0.0,0.0,0.0,0.0,0.0,0.0,0.0,0.0,3.92918,3.92918
2023-08-10,0.0,0.0,0.0,0.0,0.0,0.0,0.0,0.0,0.0,3.92918,3.92918
2023-08-11,0.0,0.0,0.0,0.0,0.0,0.0,0.0,0.0,0.0,3.92918,3.92918
2023-08-12,0.0,0.0,0.0,0.0,0.0,0.0,0.0,0.0,0.0,3.92918,3.92918
2023-08-13,0.0,0.0,0.0,0.0,0.0,0.0,0.0,0.0,0.0,3.92918,3.92918
2023-08-14,0.0,0.0,0.0,0.0,0.0,0.0,0.0,0.0,0.0,3.92918,3.92918
2023-08-15,0.0,0.0,0.0,0.0,0.0,0.0,0.0,0.0,0.0,3.92918,3.92918
2023-08-16,0.0,0.0,0.0,0.0,0.0,0.0,0.0,0.0,0.0,3.92918,3.92918
2023-08-17,4.0,0.0,11.0,0.0,0.0,0.0,2.5,0.0,0.0,3.92918,3.92918
2023-08-18,0.0,0.0,0.0,0.0,0.0,2.0,0.3333333333333333,0.0,0.0,3.92918,3.92918
2023-08-19,0.0,0.0,0.0,0.0,0.0,0.0,0.0,0.0,0.0,3.92918,3.92918
2023-08-20,0.0,0.0,0.0,0.0,0.0,0.0,0.0,0.0,0.0,3.92918,3.92918
2023-08-21,0.0,0.0,0.0,0.0,0.0,0.0,0.0,0.0,0.0,3.92918,3.92918
2023-08-22,0.0,0.0,0.0,0.0,0.0,0.0,0.0,0.0,0.0,3.92918,3.92918
2023-08-23,0.0,0.0,0.0,0.0,0.0,0.0,0.0,0.0,0.0,3.92918,3.92918
2023-08-24,0.0,0.0,0.0,0.0,0.0,0.0,0.0,0.0,0.0,3.92918,3.92918
2023-08-25,0.0,0.0,0.0,0.0,0.0,0.0,0.0,0.0,0.0,3.92918,3.92918
2023-08-26,0.0,0.0,0.0,0.0,0.0,0.0,0.0,0.0,0.0,3.92918,3.92918
2023-08-27,0.0,0.0,0.0,0.0,0.0,0.0,0.0,0.0,0.0,3.92918,3.92918
2023-08-28,0.0,0.0,0.0,0.0,0.0,0.0,0.0,0.0,0.0,3.92918,3.92918
2023-08-29,0.0,0.0,0.0,0.0,0.0,0.0,0.0,0.0,0.0,3.92918,3.92918
2023-08-30,0.0,0.0,0.0,0.0,0.0,0.0,0.0,0.0,0.0,3.92918,3.92918
2023-08-31,0.0,0.0,0.0,0.0,0.0,0.0,0.0,0.0,0.0,3.92918,3.92918
2023-09-01,0.0,0.0,0.0,0.0,0.0,0.0,0.0,0.0,0.0,3.92918,3.92918
2023-09-02,0.0,0.0,0.0,0.0,0.0,0.0,0.0,0.0,0.0,3.92918,3.92918
2023-09-03,0.0,0.0,0.0,0.0,0.0,0.0,0.0,0.0,0.0,3.92918,3.92918
2023-09-04,0.0,0.0,0.0,0.0,0.0,0.0,0.0,0.0,0.0,3.92918,3.92918
2023-09-05,0.0,0.0,0.0,0.0,0.0,0.0,0.0,0.0,0.0,3.92918,3.92918
2023-09-06,0.0,0.0,0.0,0.0,0.0,0.0,0.0,0.0,0.0,3.92918,3.92918
2023-09-07,0.0,0.0,0.0,0.0,0.0,0.0,0.0,0.0,0.0,3.92918,3.92918
2023-09-08,0.0,0.0,0.0,0.0,0.0,0.0,0.0,0.0,0.0,3.92918,3.92918
2023-09-09,0.0,0.0,0.0,0.0,0.0,0.0,0.0,0.0,0.0,3.92918,3.92918
2023-09-10,0.0,0.0,0.0,0.0,0.0,0.0,0.0,0.0,0.0,3.92918,3.92918
2023-09-11,0.0,0.0,1.0,0.0,0.0,0.0,0.16666666666666666,0.0,0.0,3.92918,3.92918
2023-09-12,1.0,0.0,1.0,0.0,0.0,0.0,0.3333333333333333,0.0,0.0,3.92918,3.92918
2023-09-13,0.0,0.0,0.0,0.0,0.0,1.0,0.16666666666666666,0.0,0.0,3.92918,3.92918
2023-09-14,2.0,0.0,5.0,0.0,0.0,0.0,1.1666666666666667,0.0,0.0,3.92918,3.92918
2023-09-15,0.0,0.0,0.0,0.0,0.0,0.0,0.0,0.0,0.0,3.92918,3.92918
2023-09-16,0.0,0.0,0.0,0.0,0.0,0.0,0.0,0.0,0.0,3.92918,3.92918
2023-09-17,0.0,0.0,0.0,0.0,0.0,0.0,0.0,0.0,0.0,3.92918,3.92918
2023-09-18,0.0,0.0,0.0,0.0,0.0,0.0,0.0,0.0,0.0,3.92918,3.92918
2023-09-19,0.0,0.0,0.0,0.0,0.0,0.0,0.0,0.0,0.0,3.92918,3.92918
2023-09-20,0.0,0.0,0.0,0.0,0.0,0.0,0.0,0.0,0.0,3.92918,3.92918
2023-09-21,0.0,0.0,0.0,0.0,0.0,0.0,0.0,0.0,0.0,3.92918,3.92918
2023-09-22,0.0,0.0,0.0,0.0,0.0,0.0,0.0,0.0,0.0,3.92918,3.92918
2023-09-23,0.0,0.0,0.0,0.0,0.0,0.0,0.0,0.0,0.0,3.92918,3.92918
2023-09-24,0.0,0.0,0.0,0.0,0.0,0.0,0.0,0.0,0.0,3.92918,3.92918
2023-09-25,0.0,0.0,0.0,0.0,0.0,0.0,0.0,0.0,0.0,3.92918,3.92918
2023-09-26,0.0,0.0,0.0,0.0,0.0,0.0,0.0,0.0,0.0,3.92918,3.92918
2023-09-27,0.0,0.0,0.0,0.0,0.0,0.0,0.0,0.0,0.0,3.92918,3.92918
2023-09-28,0.0,0.0,0.0,0.0,0.0,0.0,0.0,0.0,0.0,3.92918,3.92918
2023-09-29,0.0,0.0,0.0,0.0,0.0,0.0,0.0,0.0,0.0,3.92918,3.92918
2023-09-30,0.0,0.0,0.0,0.0,28.0,0.0,4.666666666666667,0.0,0.0,3.92918,3.92918
2023-10-01,0.0,0.0,0.0,0.0,0.0,0.0,0.0,0.0,0.0,3.92918,3.92918
2023-10-02,0.0,0.0,0.0,0.0,0.0,0.0,0.0,0.0,0.0,3.92918,3.92918
2023-10-03,0.0,0.0,0.0,0.0,0.0,0.0,0.0,0.0,0.0,3.92918,3.92918
2023-10-04,0.0,0.0,0.0,0.0,0.0,0.0,0.0,0.0,0.0,3.92918,3.92918
2023-10-05,0.0,0.0,0.0,0.0,0.0,0.0,0.0,0.0,0.0,3.92918,3.92918
2023-10-06,0.0,0.0,0.0,0.0,0.0,0.0,0.0,0.0,0.0,3.92918,3.92918
2023-10-07,0.0,0.0,0.0,0.0,0.0,0.0,0.0,0.0,0.0,3.92918,3.92918
2023-10-08,0.0,0.0,0.0,0.0,0.0,0.0,0.0,0.0,0.0,3.92918,3.92918
2023-10-09,0.0,0.0,0.0,0.0,0.0,0.0,0.0,0.0,0.0,3.92918,3.92918
2023-10-10,0.0,0.0,0.0,0.0,0.0,0.0,0.0,0.0,0.0,3.92918,3.92918
2023-10-11,0.0,0.0,0.0,0.0,0.0,0.0,0.0,0.0,0.0,3.92918,3.92918
2023-10-12,0.0,0.0,0.0,0.0,0.0,0.0,0.0,0.0,0.0,3.92918,3.92918
2023-10-13,0.0,1.0,0.0,0.0,0.0,0.0,0.16666666666666666,0.0,0.0,3.92918,3.92918
2023-10-14,0.0,0.0,0.0,0.0,0.0,0.0,0.0,0.0,0.0,3.92918,3.92918
2023-10-15,0.0,0.0,0.0,0.0,0.0,0.0,0.0,0.0,0.0,3.92918,3.92918
2023-10-16,0.0,0.0,0.0,0.0,0.0,0.0,0.0,0.0,0.0,3.92918,3.92918
2023-10-17,0.0,0.0,0.0,0.0,0.0,0.0,0.0,0.0,0.0,3.92918,3.92918
2023-10-18,0.0,0.0,0.0,0.0,0.0,0.0,0.0,0.0,0.0,3.92918,3.92918
2023-10-19,0.0,0.0,0.0,0.0,0.0,1.0,0.16666666666666666,0.0,0.0,3.92918,3.92918
2023-10-20,0.0,0.0,0.0,0.0,0.0,0.0,0.0,0.0,0.0,3.92918,3.92918
2023-10-21,0.0,0.0,0.0,0.0,0.0,0.0,0.0,0.0,0.0,3.92918,3.92918
2023-10-22,0.0,0.0,0.0,0.0,0.0,0.0,0.0,0.0,0.0,3.92918,3.92918
2023-10-23,0.0,0.0,0.0,0.0,0.0,0.0,0.0,0.0,0.0,3.92918,3.92918
2023-10-24,0.0,0.0,0.0,0.0,0.0,0.0,0.0,0.0,0.0,3.92918,3.92918
2023-10-25,0.0,0.0,0.0,27.0,0.0,0.0,4.5,0.0,0.0,3.92918,3.92918
2023-10-26,0.0,0.0,0.0,0.0,0.0,0.0,0.0,0.0,0.0,3.92918,3.92918
2023-10-27,0.0,0.0,0.0,19.0,0.0,0.0,3.1666666666666665,0.0,0.0,3.92918,3.92918
2023-10-28,0.0,0.0,0.0,0.0,0.0,0.0,0.0,0.0,0.0,3.92918,3.92918
2023-10-29,2.0,7.0,6.0,1.0,0.0,0.0,2.6666666666666665,0.0,0.0,3.92918,3.92918
2023-10-30,25.0,62.0,96.0,18.5,2.0,5.0,34.75,5.683255406195206,46.04489333722968,10.521579600584452,56.56647293781413
2023-10-31,0.0,0.0,0.0,0.0,0.0,0.0,0.0,0.0,0.0,9.679853232537697,9.679853232537697
2023-11-01,0.0,0.0,0.0,0.0,0.0,0.0,0.0,0.0,0.0,8.905464973934683,8.905464973934683
2023-11-02,1.0,0.0,0.0,0.0,0.0,0.0,0.16666666666666666,0.0,0.0,8.193027776019909,8.193027776019909
2023-11-03,1.0,11.0,0.0,0.0,0.0,0.0,2.0,0.0,0.0,7.5375855539383165,7.5375855539383165
2023-11-04,2.0,0.0,16.0,0.0,19.0,0.0,6.166666666666667,0.0,0.0,6.934578709623252,6.934578709623252
2023-11-05,0.0,0.0,0.0,0.0,0.0,0.0,0.0,0.0,0.0,6.379812412853392,6.379812412853392
2023-11-06,0.0,0.0,0.0,0.0,0.0,0.0,0.0,0.0,0.0,5.86942741982512,5.86942741982512
2023-11-07,0.0,0.0,0.0,0.0,0.0,0.0,0.0,0.0,0.0,5.399873226239111,5.399873226239111
2023-11-08,0.0,0.0,0.0,0.0,0.0,0.0,0.0,0.0,0.0,4.967883368139983,4.967883368139983
2023-11-09,0.0,0.0,0.0,0.0,0.0,0.0,0.0,0.0,0.0,4.570452698688785,4.570452698688785
2023-11-10,0.0,0.0,0.0,0.0,0.0,0.0,0.0,0.0,0.0,4.204816482793682,4.204816482793682
2023-11-11,0.0,10.0,1.0,0.0,0.0,0.0,1.8333333333333333,0.0,0.0,3.92918,3.92918
2023-11-12,57.0,0.0,82.0,7.0,0.0,1.0,24.5,1.8491367861885788,14.98143229550932,5.8620604443263975,20.843492739835717
2023-11-13,11.0,6.0,16.0,0.0,0.0,4.0,6.166666666666667,0.0,0.0,5.393095608780286,5.393095608780286
2023-11-14,0.0,20.0,0.0,4.2,26.5,20.0,11.783333333333333,0.0,0.0,4.961647960077864,4.961647960077864
2023-11-15,0.0,6.0,0.0,0.0,9.0,1.4,2.733333333333333,0.0,0.0,4.5647161232716345,4.5647161232716345
2023-11-16,0.0,0.0,0.0,0.0,0.0,0.0,0.0,0.0,0.0,4.199538833409904,4.199538833409904
2023-11-17,0.0,0.0,0.0,0.0,0.0,0.0,0.0,0.0,0.0,3.92918,3.92918
2023-11-18,1.0,2.0,0.0,0.0,0.0,0.0,0.5,0.0,0.0,3.92918,3.92918
2023-11-19,6.0,0.0,12.0,0.0,1.5,0.0,3.25,0.0,0.0,3.92918,3.92918
2023-11-20,1.0,0.0,2.0,1.5,0.0,4.0,1.4166666666666667,0.0,0.0,3.92918,3.92918
2023-11-21,0.0,0.0,1.0,0.0,0.0,5.0,1.0,0.0,0.0,3.92918,3.92918
2023-11-22,0.0,0.0,0.0,0.0,0.0,0.0,0.0,0.0,0.0,3.92918,3.92918
2023-11-23,0.0,0.0,29.0,0.0,0.0,0.0,4.833333333333333,0.0,0.0,3.92918,3.92918
2023-11-24,0.0,27.0,0.0,0.4,0.0,10.0,6.233333333333333,0.0,0.0,3.92918,3.92918
2023-11-25,0.0,14.0,0.0,31.0,3.0,0.0,8.0,0.0,0.0,3.92918,3.92918
2023-11-26,0.0,0.0,0.0,1.5,1.0,0.0,0.4166666666666667,0.0,0.0,3.92918,3.92918
2023-11-27,0.0,19.0,4.0,0.0,0.0,0.0,3.8333333333333335,0.0,0.0,3.92918,3.92918
2023-11-28,0.0,0.0,0.0,22.0,4.5,6.0,5.416666666666667,0.0,0.0,3.92918,3.92918
2023-11-29,8.0,5.0,34.0,4.5,0.0,0.0,8.583333333333334,0.0,0.0,3.92918,3.92918
2023-11-30,0.0,31.0,19.0,22.0,0.0,4.0,12.666666666666666,0.0,0.0,3.92918,3.92918
2023-12-01,23.0,42.0,18.0,19.0,15.0,39.0,26.0,2.303255208333333,18.660632474922835,6.413940471238425,25.07457294616126
2023-12-02,1.0,0.0,1.0,24.0,21.5,38.0,14.25,0.0369331283627978,0.29922673442081554,5.945709243702474,6.24493597812329
2023-12-03,0.0,3.0,0.0,0.0,1.0,2.0,1.0,0.0,0.0,5.470052504206277,5.470052504206277
2023-12-04,0.0,14.0,0.0,2.5,1.0,0.0,2.9166666666666665,0.0,0.0,5.032448303869775,5.032448303869775
2023-12-05,0.0,17.0,0.0,17.0,21.0,10.0,10.833333333333334,0.0,0.0,4.629852439560193,4.629852439560193
2023-12-06,1.0,14.0,0.0,1.5,0.0,0.0,2.75,0.0,0.0,4.259464244395378,4.259464244395378
2023-12-07,0.0,0.0,0.0,0.0,0.0,0.0,0.0,0.0,0.0,3.92918,3.92918
2023-12-08,1.0,0.0,2.0,0.0,0.0,0.0,0.5,0.0,0.0,3.92918,3.92918
2023-12-09,1.0,8.0,2.0,10.0,0.0,0.0,3.5,0.0,0.0,3.92918,3.92918
2023-12-10,0.0,35.0,2.0,4.0,1.5,8.0,8.416666666666666,0.0,0.0,3.92918,3.92918
2023-12-11,0.0,0.0,0.0,6.2,3.0,21.0,5.033333333333333,0.0,0.0,3.92918,3.92918
2023-12-12,0.0,0.0,0.0,0.0,0.0,0.0,0.0,0.0,0.0,3.92918,3.92918
2023-12-13,31.0,30.0,43.0,0.0,0.0,0.0,17.333333333333332,0.3150848010437049,2.5527703788263127,3.9977611568239473,6.55053153565026
2023-12-14,0.0,0.0,0.0,16.0,4.0,0.0,3.3333333333333335,0.0,0.0,3.92918,3.92918
2023-12-15,0.0,0.0,0.0,0.5,0.5,0.0,0.16666666666666666,0.0,0.0,3.92918,3.92918
2023-12-16,0.0,0.0,0.0,0.0,0.0,0.0,0.0,0.0,0.0,3.92918,3.92918
2023-12-17,0.0,0.0,0.0,0.0,0.0,0.0,0.0,0.0,0.0,3.92918,3.92918
2023-12-18,0.0,0.0,0.0,0.0,0.0,0.0,0.0,0.0,0.0,3.92918,3.92918
2023-12-19,0.0,0.0,0.0,0.0,0.0,0.0,0.0,0.0,0.0,3.92918,3.92918
2023-12-20,0.0,0.0,0.0,0.0,0.0,0.0,0.0,0.0,0.0,3.92918,3.92918
2023-12-21,0.0,0.0,0.0,0.0,0.0,0.0,0.0,0.0,0.0,3.92918,3.92918
2023-12-22,0.0,0.0,0.0,0.0,0.0,0.0,0.0,0.0,0.0,3.92918,3.92918
2023-12-23,0.0,0.0,0.0,0.0,0.0,0.0,0.0,0.0,0.0,3.92918,3.92918
2023-12-24,0.0,0.0,0.0,0.0,0.0,0.0,0.0,0.0,0.0,3.92918,3.92918
2023-12-25,0.0,9.0,0.0,0.0,0.0,0.0,1.5,0.0,0.0,3.92918,3.92918
2023-12-26,0.0,1.0,0.0,40.0,30.0,0.0,11.833333333333334,0.0,0.0,3.92918,3.92918
2023-12-27,1.0,19.0,4.0,0.0,0.0,0.0,4.0,0.0,0.0,3.92918,3.92918
2023-12-28,0.0,12.0,0.0,20.0,10.0,0.0,7.0,0.0,0.0,3.92918,3.92918
2023-12-29,0.0,0.0,0.0,0.0,0.0,0.0,0.0,0.0,0.0,3.92918,3.92918
2023-12-30,0.0,0.0,0.0,0.0,0.0,0.0,0.0,0.0,0.0,3.92918,3.92918
2023-12-31,0.0,0.0,0.0,0.0,0.0,0.0,0.0,0.0,0.0,3.92918,3.92918
2024-01-01,0.0,14.0,0.0,0.0,1.0,7.0,3.6666666666666665,0.0,0.0,3.92918,3.92918
2024-01-02,2.0,2.0,0.0,10.1,5.0,0.0,3.1833333333333336,0.0,0.0,3.92918,3.92918
2024-01-03,15.0,1.0,34.0,6.7,15.2,0.0,11.983333333333334,0.0,0.0,3.92918,3.92918
2024-01-04,5.0,27.0,5.0,11.0,1.0,0.0,8.166666666666666,0.0,0.0,3.92918,3.92918
2024-01-05,1.0,6.0,2.0,22.0,15.0,17.0,10.5,0.0,0.0,3.92918,3.92918
2024-01-06,0.0,19.0,1.0,45.0,6.0,5.0,12.666666666666666,0.0,0.0,3.92918,3.92918
2024-01-07,40.0,65.0,31.0,10.0,12.0,2.0,26.666666666666668,2.518086632243259,20.40116484456344,6.675020326684516,27.076185171247957
2024-01-08,2.0,3.0,1.0,34.0,32.0,56.0,21.333333333333332,1.0332871226124456,8.371539187832314,7.396749578724602,15.768288766556916
2024-01-09,0.0,0.0,0.0,17.0,25.0,5.0,7.833333333333333,0.0,0.0,6.805009612426634,6.805009612426634
2024-01-10,33.0,26.0,27.0,9.0,5.2,0.0,16.7,0.23703703703703682,1.9204389574759928,6.548674687053903,8.469113644529896
2024-01-11,0.0,0.0,0.0,10.0,5.0,10.0,4.166666666666667,0.0,0.0,6.024780712089591,6.024780712089591
2024-01-12,0.0,0.0,0.0,0.0,0.0,0.0,0.0,0.0,0.0,5.542798255122424,5.542798255122424
2024-01-13,1.0,0.0,0.0,0.0,0.0,0.0,0.16666666666666666,0.0,0.0,5.099374394712631,5.099374394712631
2024-01-14,0.0,0.0,0.0,0.0,2.0,1.0,0.5,0.0,0.0,4.69142444313562,4.69142444313562
2024-01-15,0.0,0.0,0.0,0.0,0.0,0.0,0.0,0.0,0.0,4.316110487684771,4.316110487684771
2024-01-16,0.0,0.0,0.0,0.0,0.0,0.0,0.0,0.0,0.0,3.970821648669989,3.970821648669989
2024-01-17,60.0,19.0,45.0,0.0,0.0,0.0,20.666666666666668,0.8880752487562189,7.195054098719367,4.7324140315842955,11.927468130303662
2024-01-18,94.0,42.0,159.0,19.0,0.0,22.0,56.0,17.55514981273408,142.2292230198363,25.688204362032998,167.9174273818693
2024-01-19,49.0,48.0,37.0,74.5,88.0,106.0,67.08333333333333,25.088762429897727,203.26543635333812,54.12296346607107,257.3883998194092
2024-01-20,48.0,8.0,22.0,59.0,30.0,27.0,32.333333333333336,4.6367415129644485,37.566192813369376,55.428055310790796,92.99424812416018
2024-01-21,5.0,5.0,3.0,7.5,26.5,13.0,10.0,0.0,0.0,50.99381088592754,50.99381088592754
2024-01-22,8.0,2.0,8.0,13.5,6.0,3.0,6.75,0.0,0.0,46.914306015053334,46.914306015053334
2024-01-23,0.0,0.0,0.0,5.7,4.3,6.0,2.6666666666666665,0.0,0.0,43.16116153384907,43.16116153384907
2024-01-24,8.0,7.0,11.0,0.0,0.0,0.0,4.333333333333333,0.0,0.0,39.70826861114114,39.70826861114114
2024-01-25,2.0,1.0,1.0,15.0,0.5,18.0,6.25,0.0,0.0,36.53160712224985,36.53160712224985
2024-01-26,0.0,14.0,3.0,37.0,23.5,0.0,12.916666666666666,0.0007367686807916881,0.005969190700858585,33.609973931075,33.61594312177586
2024-01-27,12.0,5.0,11.0,66.5,23.5,5.0,20.5,0.8532959326788216,6.913277232351564,31.958167601441733,38.8714448337933
2024-01-28,18.0,2.0,15.0,17.0,2.5,0.0,9.083333333333334,0.0,0.0,29.401514193326395,29.401514193326395
2024-01-29,5.0,6.0,5.0,11.0,2.0,8.0,6.166666666666667,0.0,0.0,27.049393057860286,27.049393057860286
2024-01-30,0.0,21.0,0.0,5.0,10.9,0.0,6.1499999999999995,0.0,0.0,24.885441613231464,24.885441613231464
2024-01-31,3.0,15.0,1.0,22.0,23.5,1.0,10.916666666666666,0.0,0.0,22.894606284172948,22.894606284172948
2024-02-01,1.0,0.0,18.0,34.0,26.5,2.5,13.666666666666666,0.014495001723543555,0.11743635655648714,21.080653234922586,21.198089591479075
2024-02-02,5.0,24.0,10.0,0.5,0.0,7.5,7.833333333333333,0.0,0.0,19.39420097612878,19.39420097612878
2024-02-03,0.0,1.0,8.0,62.0,15.0,10.0,16.0,0.1630239520958083,1.320795908183632,18.040784284266024,19.361580192449658
2024-02-04,14.0,41.0,1.0,29.0,8.0,2.0,15.833333333333334,0.14734033683508418,1.1937295808398025,16.776580978650713,17.970310559490517
2024-02-05,5.0,5.0,8.0,16.0,29.0,6.5,11.583333333333334,0.0,0.0,15.434454500358656,15.434454500358656
2024-02-06,8.0,26.0,6.0,5.4,1.0,2.0,8.066666666666666,0.0,0.0,14.199698140329964,14.199698140329964
2024-02-07,5.0,21.0,74.0,16.0,22.4,7.0,24.233333333333334,1.7727824670516807,14.362820913613152,15.21814542614554,29.580966339758692
2024-02-08,1.0,2.0,1.0,59.0,15.0,2.0,13.333333333333334,0.006254331254331246,0.05067166525499852,14.008294541842147,14.058966207097146
2024-02-09,35.0,47.0,33.0,54.4,6.6,0.0,29.333333333333332,3.4525929007210205,27.972396186397155,17.08349040645435,45.05588659285151
2024-02-10,2.0,3.0,2.0,1.0,0.5,5.0,2.25,0.0,0.0,15.716811173938002,15.716811173938002
2024-02-11,0.0,6.0,17.0,1.0,2.1,0.0,4.3500000000000005,0.0,0.0,14.459466280022962,14.459466280022962
2024-02-12,0.0,7.0,0.0,0.0,2.0,0.0,1.5,0.0,0.0,13.302708977621126,13.302708977621126
2024-02-13,0.0,0.0,0.0,97.0,1.0,0.0,16.333333333333332,0.19664018536908287,1.5931496499809954,12.477464706908586,14.070614356889582
2024-02-14,0.0,4.0,0.0,0.0,0.0,0.0,0.6666666666666666,0.0,0.0,11.4792675303559,11.4792675303559
2024-02-15,0.0,0.0,0.0,0.0,0.5,0.0,0.08333333333333333,0.0,0.0,10.560926127927429,10.560926127927429
2024-02-16,1.0,12.0,28.0,0.0,0.0,0.0,6.833333333333333,0.0,0.0,9.716052037693235,9.716052037693235
2024-02-17,0.0,0.0,1.0,2.0,8.5,0.0,1.9166666666666667,0.0,0.0,8.938767874677776,8.938767874677776
2024-02-18,0.0,0.0,0.0,2.0,0.1,1.5,0.6,0.0,0.0,8.223666444703554,8.223666444703554
2024-02-19,1.0,1.0,5.0,35.0,0.5,0.0,7.083333333333333,0.0,0.0,7.56577312912727,7.56577312912727
2024-02-20,1.0,55.0,0.0,0.0,0.2,51.0,17.866666666666667,0.3887540453074433,3.149627681889008,7.43295543108044,10.582583112969449
2024-02-21,0.0,0.0,0.0,66.0,5.4,2.0,12.233333333333334,0.0,0.0,6.838318996594006,6.838318996594006
2024-02-22,0.0,0.0,0.0,8.4,0.0,0.0,1.4000000000000001,0.0,0.0,6.291253476866485,6.291253476866485
2024-02-23,0.0,10.0,0.0,0.0,0.0,0.0,1.6666666666666667,0.0,0.0,5.787953198717166,5.787953198717166
2024-02-24,43.0,4.0,23.0,40.0,13.4,3.0,21.066666666666666,0.9740414347557202,7.891539401956067,6.508647853113203,14.40018725506927
2024-02-25,15.0,57.0,31.0,4.0,9.5,14.0,21.75,1.1289110957960025,9.146270452050945,7.359896592671788,16.506167044722734
2024-02-26,0.0,2.0,1.0,43.0,28.0,42.5,19.416666666666668,0.6424914945802674,5.205370905164203,7.551910501032675,12.757281406196878
2024-02-27,0.0,6.0,0.0,1.0,0.6,0.0,1.2666666666666666,0.0,0.0,6.947757660950061,6.947757660950061
2024-02-28,2.0,19.0,1.0,20.0,28.9,0.0,11.816666666666668,0.0,0.0,6.391937048074056,6.391937048074056
2024-02-29,42.0,2.0,41.0,39.0,0.9,34.0,26.483333333333334,2.458230896412911,19.91622254038238,8.868015465285488,28.784238005667866
2024-03-01,0.0,8.0,0.0,2.2,2.2,13.0,4.233333333333333,0.0,0.0,8.15857422806265,8.15857422806265
2024-03-02,36.0,1.0,32.0,22.0,1.0,0.0,15.333333333333334,0.10485551075268815,0.8495238139685382,7.633316861912919,8.482840675881457
2024-03-03,2.0,7.0,1.0,5.0,10.4,29.0,9.066666666666666,0.0,0.0,7.022651512959885,7.022651512959885
2024-03-04,4.0,2.0,3.0,23.0,1.2,0.5,5.616666666666667,0.0,0.0,6.460839391923095,6.460839391923095
2024-03-05,4.0,17.0,14.0,13.0,0.0,0.5,8.083333333333334,0.0,0.0,5.943972240569248,5.943972240569248
2024-03-06,1.0,7.0,1.0,39.0,19.5,33.0,16.75,0.2428201332346409,1.9672927461139889,5.763548373240807,7.730841119354796
2024-03-07,11.0,0.0,1.0,12.6,41.0,53.0,19.766666666666666,0.7076680837663356,5.733421974958738,6.1624777996253535,11.895899774584091
2024-03-08,53.0,61.0,73.0,0.0,44.5,4.0,39.25,7.827901166018877,63.4204955580233,15.18255390935882,78.60304946738212
2024-03-09,112.0,40.0,113.0,37.0,22.4,62.0,64.39999999999999,23.20217013888888,187.98054510673862,42.16503136262091,230.14557646935953
2024-03-10,0.0,0.0,0.0,36.0,59.0,86.0,30.166666666666668,3.768025250446,30.527982353150463,43.37102620658381,73.89900855973427
2024-03-11,0.0,0.0,0.0,5.5,1.5,1.0,1.3333333333333333,0.0,0.0,39.9013441100571,39.9013441100571
2024-03-12,0.0,0.0,0.0,0.0,0.5,0.0,0.08333333333333333,0.0,0.0,36.70923658125253,36.70923658125253
2024-03-13,14.0,5.0,15.0,0.0,0.4,0.0,5.733333333333333,0.0,0.0,33.77249765475233,33.77249765475233
2024-03-14,10.0,68.0,10.0,3.4,0.9,3.0,15.883333333333335,0.15196617512288596,1.2312074373381963,31.255378957972873,32.48658639531107
2024-03-15,5.0,18.0,12.0,76.0,51.7,30.5,32.199999999999996,4.581325301204816,37.11721887550198,34.322531472660344,71.43975034816233
2024-03-16,1.0,0.0,1.0,12.0,3.3,10.0,4.55,0.0,0.0,31.576728954847518,31.576728954847518
2024-03-17,0.0,0.0,2.0,2.0,1.5,2.5,1.3333333333333333,0.0,0.0,29.050590638459717,29.050590638459717
2024-03-18,0.0,0.0,0.0,0.0,0.5,0.0,0.08333333333333333,0.0,0.0,26.72654338738294,26.72654338738294
2024-03-19,0.0,0.0,0.0,0.0,0.0,0.0,0.0,0.0,0.0,24.588419916392304,24.588419916392304
2024-03-20,0.0,0.0,0.0,0.0,0.0,0.0,0.0,0.0,0.0,22.62134632308092,22.62134632308092
2024-03-21,1.0,4.0,0.0,0.0,0.0,0.0,0.8333333333333334,0.0,0.0,20.811638617234447,20.811638617234447
2024-03-22,0.0,0.0,0.0,4.0,0.5,8.0,2.0833333333333335,0.0,0.0,19.146707527855693,19.146707527855693
2024-03-23,0.0,0.0,1.0,0.0,0.0,0.0,0.16666666666666666,0.0,0.0,17.614970925627237,17.614970925627237
2024-03-24,0.0,0.0,0.0,0.0,0.0,0.0,0.0,0.0,0.0,16.205773251577057,16.205773251577057
2024-03-25,0.0,2.0,0.0,2.0,1.8,0.0,0.9666666666666667,0.0,0.0,14.909311391450894,14.909311391450894
2024-03-26,0.0,7.0,0.0,0.0,0.0,0.0,1.1666666666666667,0.0,0.0,13.716566480134823,13.716566480134823
2024-03-27,0.0,2.0,0.0,0.0,0.0,0.0,0.3333333333333333,0.0,0.0,12.619241161724037,12.619241161724037
2024-03-28,28.0,20.0,23.0,0.0,0.0,2.0,12.166666666666666,0.0,0.0,11.609701868786114,11.609701868786114
2024-03-29,4.0,23.0,19.0,11.0,44.2,94.0,32.53333333333333,4.720333333333331,38.24344135802467,16.417441922986924,54.66088328101159
2024-03-30,0.0,0.0,0.0,0.0,0.0,0.0,0.0,0.0,0.0,15.104046569147972,15.104046569147972
2024-03-31,0.0,0.0,0.0,0.0,0.0,0.0,0.0,0.0,0.0,13.895722843616134,13.895722843616134
2024-04-01,10.0,1.0,15.0,1.5,0.5,15.0,7.166666666666667,0.0,0.0,12.784065016126844,12.784065016126844
2024-04-02,1.0,18.0,4.0,1.5,1.0,9.0,5.75,0.0,0.0,11.761339814836697,11.761339814836697
2024-04-03,0.0,3.0,0.0,6.0,28.3,3.0,6.716666666666666,0.0,0.0,10.820432629649762,10.820432629649762
2024-04-04,0.0,2.0,0.0,0.0,0.0,0.0,0.3333333333333333,0.0,0.0,9.954798019277781,9.954798019277781
2024-04-05,0.0,0.0,0.0,0.0,0.0,0.0,0.0,0.0,0.0,9.15841417773556,9.15841417773556
2024-04-06,0.0,0.0,1.0,0.0,0.0,0.0,0.16666666666666666,0.0,0.0,8.425741043516716,8.425741043516716
2024-04-07,9.0,8.0,3.0,0.0,0.0,0.0,3.3333333333333335,0.0,0.0,7.751681760035379,7.751681760035379
2024-04-08,0.0,0.0,0.0,22.0,9.5,14.0,7.583333333333333,0.0,0.0,7.131547219232549,7.131547219232549
2024-04-09,26.0,28.0,41.0,0.0,0.0,0.0,15.833333333333334,0.14734033683508418,1.1937295808398025,6.740082878819916,7.933812459659718
2024-04-10,34.0,8.0,64.0,16.0,31.5,20.0,28.916666666666668,3.2989372081678168,26.727500529137405,10.210001327884934,36.93750185702234
2024-04-11,0.0,6.0,0.0,15.0,44.5,12.0,12.916666666666666,0.0007367686807916881,0.005969190700858585,9.39409660025927,9.400065790960127
2024-04-12,19.0,0.0,13.0,8.0,3.5,0.0,7.25,0.0,0.0,8.642568872238527,8.642568872238527
2024-04-13,1.0,31.0,9.0,2.0,0.0,0.0,7.166666666666667,0.0,0.0,7.951163362459446,7.951163362459446
2024-04-14,0.0,13.0,0.0,16.0,3.3,11.5,7.3,0.0,0.0,7.31507029346269,7.31507029346269
2024-04-15,0.0,1.0,1.0,1.0,1.5,3.0,1.25,0.0,0.0,6.729864669985675,6.729864669985675
2024-04-16,14.0,0.0,15.0,0.0,0.3,0.0,4.883333333333334,0.0,0.0,6.191475496386821,6.191475496386821
2024-04-17,6.0,3.0,6.0,1.0,1.0,4.0,3.5,0.0,0.0,5.696157456675875,5.696157456675875
2024-04-18,1.0,8.0,4.0,2.0,1.0,2.0,3.0,0.0,0.0,5.240464860141805,5.240464860141805
2024-04-19,4.0,52.0,13.0,10.0,11.5,11.0,16.916666666666668,0.2625687094921651,2.127292785237449,5.140321589116079,7.267614374353528
2024-04-20,0.0,0.0,0.0,15.8,30.5,25.0,11.883333333333333,0.0,0.0,4.729095861986792,4.729095861986792
2024-04-21,1.0,19.0,0.0,0.0,1.5,0.0,3.5833333333333335,0.0,0.0,4.350768193027849,4.350768193027849
2024-04-22,0.0,0.0,0.0,66.0,30.5,7.0,17.25,0.3042248346803819,2.4647845402345756,4.372424418620808,6.837208958855383
2024-04-23,30.0,59.0,40.0,0.0,0.0,0.0,21.5,1.0710926694329181,8.677834127350032,5.324305584233649,14.00213971158368
2024-04-24,0.0,7.0,0.0,22.0,7.5,32.0,11.416666666666666,0.0,0.0,4.898361137494957,4.898361137494957
2024-04-25,9.0,49.0,1.0,1.0,1.5,13.5,12.5,0.0,0.0,4.506492246495361,4.506492246495361
2024-04-26,46.0,10.0,14.0,26.0,46.0,0.5,23.75,1.6378604963112002,13.269703095113892,6.136428331042815,19.406131426156705
2024-04-27,0.0,3.0,0.0,21.0,21.0,41.0,14.333333333333334,0.04095871716137835,0.33184145848338936,5.695290283331898,6.027131741815288
2024-04-28,0.0,11.0,0.0,0.0,0.0,4.0,2.5,0.0,0.0,5.239667060665346,5.239667060665346
2024-04-29,0.0,0.0,0.0,0.0,0.0,0.0,0.0,0.0,0.0,4.820493695812119,4.820493695812119
2024-04-30,0.0,0.0,0.0,0.0,0.0,0.0,0.0,0.0,0.0,4.43485420014715,4.43485420014715
2024-05-01,0.0,0.0,0.0,0.0,0.0,0.0,0.0,0.0,0.0,4.080065864135379,4.080065864135379
2024-05-02,0.0,5.0,0.0,0.0,0.0,0.0,0.8333333333333334,0.0,0.0,3.92918,3.92918
2024-05-03,0.0,0.0,0.0,0.0,0.0,0.0,0.0,0.0,0.0,3.92918,3.92918
2024-05-04,0.0,0.0,0.0,0.0,0.0,0.0,0.0,0.0,0.0,3.92918,3.92918
2024-05-05,0.0,0.0,0.0,0.0,0.0,0.0,0.0,0.0,0.0,3.92918,3.92918
2024-05-06,0.0,0.0,0.0,0.0,0.0,0.0,0.0,0.0,0.0,3.92918,3.92918
2024-05-07,0.0,0.0,0.0,0.0,0.0,0.0,0.0,0.0,0.0,3.92918,3.92918
2024-05-08,0.0,0.0,0.0,0.0,0.0,0.0,0.0,0.0,0.0,3.92918,3.92918
2024-05-09,0.0,0.0,0.0,0.0,0.0,0.0,0.0,0.0,0.0,3.92918,3.92918
2024-05-10,0.0,0.0,0.0,55.2,2.5,0.0,9.616666666666667,0.0,0.0,3.92918,3.92918
2024-05-11,0.0,0.0,0.0,0.0,0.0,0.0,0.0,0.0,0.0,3.92918,3.92918
2024-05-12,0.0,0.0,0.0,33.0,0.0,0.0,5.5,0.0,0.0,3.92918,3.92918
2024-05-13,0.0,0.0,0.0,0.0,0.0,0.0,0.0,0.0,0.0,3.92918,3.92918
2024-05-14,0.0,0.0,0.0,0.0,0.0,0.0,0.0,0.0,0.0,3.92918,3.92918
2024-05-15,0.0,0.0,0.0,0.0,0.0,0.0,0.0,0.0,0.0,3.92918,3.92918
2024-05-16,0.0,0.0,0.0,0.0,0.0,0.0,0.0,0.0,0.0,3.92918,3.92918
2024-05-17,0.0,0.0,0.0,0.0,0.0,0.0,0.0,0.0,0.0,3.92918,3.92918
2024-05-18,0.0,0.0,0.0,0.0,0.0,0.0,0.0,0.0,0.0,3.92918,3.92918
2024-05-19,0.0,0.0,0.0,0.0,0.0,0.0,0.0,0.0,0.0,3.92918,3.92918
2024-05-20,0.0,0.0,0.0,0.0,0.0,0.0,0.0,0.0,0.0,3.92918,3.92918
2024-05-21,0.0,0.0,0.0,0.0,0.0,0.0,0.0,0.0,0.0,3.92918,3.92918
2024-05-22,0.0,0.0,0.0,0.0,0.0,0.0,0.0,0.0,0.0,3.92918,3.92918
2024-05-23,1.0,3.0,0.0,0.0,0.0,0.0,0.6666666666666666,0.0,0.0,3.92918,3.92918
2024-05-24,1.0,4.0,0.0,11.0,5.5,0.0,3.5833333333333335,0.0,0.0,3.92918,3.92918
2024-05-25,0.0,0.0,0.0,2.0,0.9,2.0,0.8166666666666668,0.0,0.0,3.92918,3.92918
2024-05-26,0.0,0.0,0.0,0.0,0.3,0.0,0.049999999999999996,0.0,0.0,3.92918,3.92918
2024-05-27,0.0,0.0,0.0,0.0,0.0,0.0,0.0,0.0,0.0,3.92918,3.92918
2024-05-28,0.0,0.0,0.0,0.0,0.0,0.0,0.0,0.0,0.0,3.92918,3.92918
2024-05-29,0.0,0.0,0.0,0.0,0.0,0.0,0.0,0.0,0.0,3.92918,3.92918
2024-05-30,0.0,0.0,0.0,1.1,0.0,0.0,0.18333333333333335,0.0,0.0,3.92918,3.92918
2024-05-31,0.0,0.0,0.0,0.0,0.0,0.0,0.0,0.0,0.0,3.92918,3.92918
2024-06-01,1.0,0.0,2.0,0.0,0.0,0.0,0.5,0.0,0.0,3.92918,3.92918
2024-06-02,0.0,0.0,0.0,0.0,0.0,0.0,0.0,0.0,0.0,3.92918,3.92918
2024-06-03,0.0,0.0,0.0,0.0,0.0,0.0,0.0,0.0,0.0,3.92918,3.92918
2024-06-04,0.0,0.0,0.0,0.0,0.0,0.0,0.0,0.0,0.0,3.92918,3.92918
2024-06-05,0.0,0.0,0.0,0.0,0.0,0.0,0.0,0.0,0.0,3.92918,3.92918
2024-06-06,0.0,0.0,0.0,0.0,0.0,0.0,0.0,0.0,0.0,3.92918,3.92918
2024-06-07,0.0,0.0,0.0,0.0,0.0,0.0,0.0,0.0,0.0,3.92918,3.92918
2024-06-08,0.0,0.0,0.0,0.0,0.0,0.0,0.0,0.0,0.0,3.92918,3.92918
2024-06-09,0.0,9.0,0.0,0.0,0.0,0.0,1.5,0.0,0.0,3.92918,3.92918
2024-06-10,0.0,0.0,0.0,3.0,0.0,0.0,0.5,0.0,0.0,3.92918,3.92918
2024-06-11,0.0,2.0,0.0,0.0,0.0,0.0,0.3333333333333333,0.0,0.0,3.92918,3.92918
2024-06-12,1.0,16.0,0.0,0.0,0.0,0.0,2.8333333333333335,0.0,0.0,3.92918,3.92918
2024-06-13,0.0,0.0,0.0,42.0,1.0,0.5,7.25,0.0,0.0,3.92918,3.92918
2024-06-14,0.0,0.0,0.0,0.0,0.0,0.0,0.0,0.0,0.0,3.92918,3.92918
2024-06-15,0.0,0.0,0.0,0.0,0.0,0.0,0.0,0.0,0.0,3.92918,3.92918
2024-06-16,0.0,0.0,0.0,0.0,0.0,0.0,0.0,0.0,0.0,3.92918,3.92918
2024-06-17,0.0,0.0,4.0,0.0,0.0,0.0,0.6666666666666666,0.0,0.0,3.92918,3.92918
2024-06-18,1.0,0.0,0.0,0.0,0.0,0.0,0.16666666666666666,0.0,0.0,3.92918,3.92918
2024-06-19,0.0,0.0,0.0,0.0,0.0,0.0,0.0,0.0,0.0,3.92918,3.92918
2024-06-20,0.0,0.0,0.0,0.0,0.0,0.0,0.0,0.0,0.0,3.92918,3.92918
2024-06-21,0.0,0.0,0.0,0.0,0.0,0.0,0.0,0.0,0.0,3.92918,3.92918
2024-06-22,1.0,0.0,3.0,0.0,0.0,0.0,0.6666666666666666,0.0,0.0,3.92918,3.92918
2024-06-23,3.0,0.0,8.0,0.0,0.0,0.5,1.9166666666666667,0.0,0.0,3.92918,3.92918
2024-06-24,0.0,0.0,0.0,0.0,0.0,1.0,0.16666666666666666,0.0,0.0,3.92918,3.92918
2024-06-25,0.0,9.0,0.0,0.0,0.0,1.0,1.6666666666666667,0.0,0.0,3.92918,3.92918
2024-06-26,0.0,0.0,0.0,1.0,0.0,0.0,0.16666666666666666,0.0,0.0,3.92918,3.92918
2024-06-27,48.0,45.0,26.0,0.0,0.0,0.0,19.833333333333332,0.720402705678779,5.836595995082701,4.490334999262405,10.326930994345105
2024-06-28,0.0,10.0,8.0,87.0,42.5,9.0,26.083333333333332,2.329680612761037,18.87472718672137,6.962317277329618,25.837044464050987
2024-06-29,0.0,2.0,0.0,0.0,0.0,0.0,0.3333333333333333,0.0,0.0,6.405331895143249,6.405331895143249
2024-06-30,0.0,0.0,0.0,0.0,0.0,0.0,0.0,0.0,0.0,5.8929053435317895,5.8929053435317895
2024-07-01,0.0,0.0,1.0,0.0,0.0,0.0,0.16666666666666666,0.0,0.0,5.421472916049247,5.421472916049247
2024-07-02,0.0,0.0,0.0,0.0,0.0,0.0,0.0,0.0,0.0,4.987755082765307,4.987755082765307
2024-07-03,14.0,16.0,19.0,0.0,0.0,2.0,8.5,0.0,0.0,4.5887346761440835,4.5887346761440835
2024-07-04,42.0,4.0,58.0,19.6,24.0,57.0,34.1,5.3941107184923425,43.70228591371111,10.776978789109222,54.47926470282033
2024-07-05,0.0,0.0,0.0,4.5,7.0,53.0,10.75,0.0,0.0,9.914820485980485,9.914820485980485
2024-07-06,0.0,1.0,0.0,0.0,0.0,0.0,0.16666666666666666,0.0,0.0,9.121634847102047,9.121634847102047
2024-07-07,0.0,1.0,0.0,0.0,0.0,0.0,0.16666666666666666,0.0,0.0,8.391904059333884,8.391904059333884
2024-07-08,0.0,0.0,0.0,8.8,41.0,0.0,8.299999999999999,0.0,0.0,7.720551734587174,7.720551734587174
2024-07-09,0.0,0.0,0.0,0.0,0.0,0.0,0.0,0.0,0.0,7.1029075958202,7.1029075958202
2024-07-10,0.0,0.0,0.0,0.0,0.0,0.0,0.0,0.0,0.0,6.534674988154585,6.534674988154585
2024-07-11,0.0,0.0,0.0,0.0,0.0,0.0,0.0,0.0,0.0,6.011900989102219,6.011900989102219
2024-07-12,0.0,0.0,0.0,0.0,0.0,0.0,0.0,0.0,0.0,5.530948909974041,5.530948909974041
2024-07-13,0.0,0.0,0.0,0.0,0.0,0.0,0.0,0.0,0.0,5.088472997176118,5.088472997176118
2024-07-14,0.0,0.0,0.0,0.0,0.0,0.0,0.0,0.0,0.0,4.6813951574020285,4.6813951574020285
2024-07-15,0.0,0.0,0.0,0.0,0.0,0.0,0.0,0.0,0.0,4.306883544809867,4.306883544809867
2024-07-16,0.0,0.0,0.0,0.0,0.0,0.0,0.0,0.0,0.0,3.9623328612250774,3.9623328612250774
2024-07-17,0.0,0.0,0.0,0.0,0.0,0.0,0.0,0.0,0.0,3.92918,3.92918
2024-07-18,0.0,0.0,0.0,0.0,0.0,0.0,0.0,0.0,0.0,3.92918,3.92918
2024-07-19,0.0,0.0,0.0,0.0,0.0,0.0,0.0,0.0,0.0,3.92918,3.92918
2024-07-20,0.0,0.0,0.0,0.0,0.0,0.0,0.0,0.0,0.0,3.92918,3.92918
2024-07-21,0.0,0.0,0.0,0.0,0.0,0.0,0.0,0.0,0.0,3.92918,3.92918
2024-07-22,0.0,0.0,0.0,0.0,0.0,0.0,0.0,0.0,0.0,3.92918,3.92918
2024-07-23,0.0,0.0,0.0,0.0,0.0,0.0,0.0,0.0,0.0,3.92918,3.92918
2024-07-24,0.0,0.0,0.0,0.0,0.0,0.0,0.0,0.0,0.0,3.92918,3.92918
2024-07-25,0.0,0.0,0.0,0.0,0.0,0.0,0.0,0.0,0.0,3.92918,3.92918
2024-07-26,0.0,0.0,0.0,0.0,0.0,0.0,0.0,0.0,0.0,3.92918,3.92918
2024-07-27,0.0,0.0,0.0,0.0,0.0,0.0,0.0,0.0,0.0,3.92918,3.92918
2024-07-28,0.0,0.0,0.0,0.0,0.0,0.0,0.0,0.0,0.0,3.92918,3.92918
2024-07-29,0.0,0.0,0.0,0.0,0.0,0.0,0.0,0.0,0.0,3.92918,3.92918
2024-07-30,0.0,0.0,0.0,0.0,0.0,0.0,0.0,0.0,0.0,3.92918,3.92918
2024-07-31,15.0,0.0,8.0,14.0,2.9,1.0,6.816666666666666,0.0,0.0,3.92918,3.92918
2024-08-01,0.0,1.0,0.0,0.0,0.0,0.0,0.16666666666666666,0.0,0.0,3.92918,3.92918
2024-08-02,0.0,0.0,0.0,0.0,0.0,0.0,0.0,0.0,0.0,3.92918,3.92918
2024-08-03,0.0,0.0,0.0,0.0,0.0,0.0,0.0,0.0,0.0,3.92918,3.92918
2024-08-04,0.0,0.0,0.0,0.0,0.0,0.0,0.0,0.0,0.0,3.92918,3.92918
2024-08-05,0.0,0.0,0.0,0.0,0.0,0.0,0.0,0.0,0.0,3.92918,3.92918
2024-08-06,0.0,0.0,0.0,0.0,0.0,0.0,0.0,0.0,0.0,3.92918,3.92918
2024-08-07,0.0,0.0,0.0,0.0,0.0,0.0,0.0,0.0,0.0,3.92918,3.92918
2024-08-08,0.0,0.0,5.0,0.0,0.0,0.0,0.8333333333333334,0.0,0.0,3.92918,3.92918
2024-08-09,4.0,0.0,0.0,0.0,0.0,6.0,1.6666666666666667,0.0,0.0,3.92918,3.92918
2024-08-10,0.0,0.0,0.0,0.0,0.0,0.0,0.0,0.0,0.0,3.92918,3.92918
2024-08-11,0.0,0.0,0.0,0.0,0.0,0.0,0.0,0.0,0.0,3.92918,3.92918
2024-08-12,0.0,0.0,0.0,0.0,0.0,0.0,0.0,0.0,0.0,3.92918,3.92918
2024-08-13,0.0,0.0,0.0,0.0,0.0,0.0,0.0,0.0,0.0,3.92918,3.92918
2024-08-14,0.0,0.0,0.0,0.0,0.0,0.0,0.0,0.0,0.0,3.92918,3.92918
2024-08-15,0.0,0.0,0.0,0.0,0.0,0.0,0.0,0.0,0.0,3.92918,3.92918
2024-08-16,0.0,0.0,0.0,0.0,0.0,0.0,0.0,0.0,0.0,3.92918,3.92918
2024-08-17,0.0,0.0,0.0,0.0,0.0,0.0,0.0,0.0,0.0,3.92918,3.92918
2024-08-18,0.0,0.0,0.0,0.0,0.0,0.0,0.0,0.0,0.0,3.92918,3.92918
2024-08-19,0.0,0.0,0.0,0.0,0.0,0.0,0.0,0.0,0.0,3.92918,3.92918
2024-08-20,0.0,0.0,0.0,0.0,0.0,0.0,0.0,0.0,0.0,3.92918,3.92918
2024-08-21,0.0,0.0,0.0,0.0,0.0,0.0,0.0,0.0,0.0,3.92918,3.92918
2024-08-22,0.0,0.0,0.0,0.0,0.0,0.0,0.0,0.0,0.0,3.92918,3.92918
2024-08-23,0.0,0.0,0.0,0.0,0.0,0.0,0.0,0.0,0.0,3.92918,3.92918
2024-08-24,0.0,0.0,0.0,0.0,0.0,0.0,0.0,0.0,0.0,3.92918,3.92918
2024-08-25,0.0,0.0,0.0,0.0,0.0,0.0,0.0,0.0,0.0,3.92918,3.92918
2024-08-26,0.0,0.0,0.0,0.0,0.0,0.0,0.0,0.0,0.0,3.92918,3.92918
2024-08-27,0.0,0.0,0.0,0.0,0.0,0.0,0.0,0.0,0.0,3.92918,3.92918
2024-08-28,0.0,0.0,0.0,0.0,0.0,0.0,0.0,0.0,0.0,3.92918,3.92918
2024-08-29,0.0,0.0,0.0,0.0,0.0,0.0,0.0,0.0,0.0,3.92918,3.92918
2024-08-30,0.0,0.0,0.0,0.0,0.0,0.0,0.0,0.0,0.0,3.92918,3.92918
2024-08-31,0.0,0.0,0.0,0.0,0.0,0.0,0.0,0.0,0.0,3.92918,3.92918
2024-09-01,0.0,0.0,0.0,0.0,0.0,0.0,0.0,0.0,0.0,3.92918,3.92918
2024-09-02,0.0,0.0,0.0,0.0,0.0,0.0,0.0,0.0,0.0,3.92918,3.92918
2024-09-03,0.0,0.0,1.0,0.0,0.0,0.0,0.16666666666666666,0.0,0.0,3.92918,3.92918
2024-09-04,0.0,0.0,2.0,0.0,0.0,0.0,0.3333333333333333,0.0,0.0,3.92918,3.92918
2024-09-05,0.0,0.0,0.0,0.0,0.0,0.0,0.0,0.0,0.0,3.92918,3.92918
2024-09-06,0.0,0.0,0.0,0.0,0.0,0.0,0.0,0.0,0.0,3.92918,3.92918
2024-09-07,7.0,0.0,42.0,0.0,0.0,0.0,8.166666666666666,0.0,0.0,3.92918,3.92918
2024-09-08,0.0,1.0,6.0,0.0,0.0,2.0,1.5,0.0,0.0,3.92918,3.92918
2024-09-09,0.0,48.0,0.0,0.0,2.8,0.0,8.466666666666667,0.0,0.0,3.92918,3.92918
2024-09-10,0.0,16.0,0.0,24.5,1.9,0.0,7.066666666666666,0.0,0.0,3.92918,3.92918
2024-09-11,0.0,0.0,0.0,18.5,0.5,0.0,3.1666666666666665,0.0,0.0,3.92918,3.92918
2024-09-12,0.0,0.0,0.0,0.0,0.0,0.0,0.0,0.0,0.0,3.92918,3.92918
2024-09-13,0.0,0.0,0.0,0.0,0.0,0.0,0.0,0.0,0.0,3.92918,3.92918
2024-09-14,0.0,0.0,0.0,0.0,0.0,0.0,0.0,0.0,0.0,3.92918,3.92918
2024-09-15,0.0,0.0,0.0,0.0,0.0,0.0,0.0,0.0,0.0,3.92918,3.92918
2024-09-16,0.0,0.0,0.0,0.0,0.0,0.0,0.0,0.0,0.0,3.92918,3.92918
2024-09-17,0.0,0.0,0.0,0.0,0.0,0.0,0.0,0.0,0.0,3.92918,3.92918
2024-09-18,0.0,0.0,0.0,0.0,0.0,0.0,0.0,0.0,0.0,3.92918,3.92918
2024-09-19,0.0,0.0,0.0,0.0,0.0,0.0,0.0,0.0,0.0,3.92918,3.92918
2024-09-20,0.0,0.0,0.0,0.0,0.0,0.0,0.0,0.0,0.0,3.92918,3.92918
2024-09-21,0.0,0.0,0.0,0.0,0.0,0.0,0.0,0.0,0.0,3.92918,3.92918
2024-09-22,0.0,0.0,0.0,0.0,0.0,0.0,0.0,0.0,0.0,3.92918,3.92918
2024-09-23,1.0,42.0,2.0,0.0,0.0,0.0,7.5,0.0,0.0,3.92918,3.92918
2024-09-24,0.0,21.0,0.0,81.5,80.5,5.0,31.333333333333332,4.227286255411256,34.24884697671157,8.752172646506736,43.001019623218305
2024-09-25,0.0,24.0,0.0,12.5,1.0,0.5,6.333333333333333,0.0,0.0,8.051998834786197,8.051998834786197
2024-09-26,0.0,5.0,0.0,27.0,1.5,0.0,5.583333333333333,0.0,0.0,7.407838928003302,7.407838928003302
2024-09-27,0.0,0.0,0.0,39.0,1.0,0.0,6.666666666666667,0.0,0.0,6.815211813763038,6.815211813763038
2024-09-28,0.0,0.0,0.0,1.0,0.0,0.0,0.16666666666666666,0.0,0.0,6.269994868661995,6.269994868661995
2024-09-29,0.0,0.0,0.0,0.0,0.0,0.0,0.0,0.0,0.0,5.768395279169036,5.768395279169036
2024-09-30,0.0,0.0,6.0,0.0,0.0,1.0,1.1666666666666667,0.0,0.0,5.306923656835513,5.306923656835513
2024-10-01,0.0,0.0,0.0,2.0,0.6,0.0,0.43333333333333335,0.0,0.0,4.882369764288672,4.882369764288672
2024-10-02,0.0,0.0,0.0,0.0,0.5,0.5,0.16666666666666666,0.0,0.0,4.491780183145578,4.491780183145578
2024-10-03,0.0,0.0,0.0,0.0,0.0,0.0,0.0,0.0,0.0,4.132437768493932,4.132437768493932
2024-10-04,0.0,0.0,0.0,0.0,0.0,0.0,0.0,0.0,0.0,3.92918,3.92918
2024-10-05,0.0,0.0,0.0,0.0,0.0,0.0,0.0,0.0,0.0,3.92918,3.92918
2024-10-06,0.0,0.0,0.0,0.0,0.0,0.0,0.0,0.0,0.0,3.92918,3.92918
2024-10-07,12.0,0.0,18.0,0.0,0.0,0.0,5.0,0.0,0.0,3.92918,3.92918
2024-10-08,0.0,0.0,4.0,0.0,0.0,3.0,1.1666666666666667,0.0,0.0,3.92918,3.92918
2024-10-09,0.0,0.0,1.0,0.0,0.0,0.0,0.16666666666666666,0.0,0.0,3.92918,3.92918
2024-10-10,0.0,0.0,0.0,0.0,0.0,0.0,0.0,0.0,0.0,3.92918,3.92918
2024-10-11,0.0,0.0,0.0,0.0,0.0,0.0,0.0,0.0,0.0,3.92918,3.92918
2024-10-12,0.0,0.0,0.0,0.0,0.0,0.0,0.0,0.0,0.0,3.92918,3.92918
2024-10-13,0.0,0.0,0.0,0.0,0.0,0.0,0.0,0.0,0.0,3.92918,3.92918
2024-10-14,0.0,0.0,0.0,0.0,0.0,0.0,0.0,0.0,0.0,3.92918,3.92918
2024-10-15,0.0,0.0,0.0,0.0,0.0,0.0,0.0,0.0,0.0,3.92918,3.92918
2024-10-16,0.0,0.0,0.0,0.0,0.0,0.0,0.0,0.0,0.0,3.92918,3.92918
2024-10-17,0.0,0.0,0.0,0.0,0.0,0.0,0.0,0.0,0.0,3.92918,3.92918
2024-10-18,0.0,0.0,1.0,0.0,0.0,0.0,0.16666666666666666,0.0,0.0,3.92918,3.92918
2024-10-19,83.0,25.0,155.0,0.0,0.0,0.0,43.833333333333336,10.242526711283316,82.9834340034528,16.06236070051792,99.04579470397073
2024-10-20,17.0,7.0,8.0,29.0,45.0,76.0,30.333333333333332,3.8323883867433577,31.0494429481522,19.434788286699316,50.48423123485152
2024-10-21,0.0,0.0,4.0,10.0,15.0,7.0,6.0,0.0,0.0,17.880005223763373,17.880005223763373
2024-10-22,1.0,2.0,3.0,1.5,0.3,0.0,1.3,0.0,0.0,16.449604805862304,16.449604805862304
2024-10-23,11.0,0.0,9.0,0.5,1.6,1.5,3.9333333333333336,0.0,0.0,15.13363642139332,15.13363642139332
2024-10-24,0.0,0.0,3.0,0.0,4.0,0.5,1.25,0.0,0.0,13.922945507681854,13.922945507681854
2024-10-25,1.0,0.0,1.0,0.0,0.0,0.5,0.4166666666666667,0.0,0.0,12.809109867067306,12.809109867067306
2024-10-26,2.0,0.0,8.0,0.0,0.0,4.0,2.3333333333333335,0.0,0.0,11.784381077701923,11.784381077701923
2024-10-27,0.0,0.0,1.0,0.0,0.0,0.5,0.25,0.0,0.0,10.84163059148577,10.84163059148577
2024-10-28,2.0,0.0,0.0,0.0,0.0,0.0,0.3333333333333333,0.0,0.0,9.974300144166907,9.974300144166907
2024-10-29,0.0,0.0,0.0,0.0,0.0,0.0,0.0,0.0,0.0,9.176356132633556,9.176356132633556
2024-10-30,53.0,52.0,70.0,8.5,18.5,18.0,36.666666666666664,6.5670858739837366,53.205556849405276,16.423081169433665,69.62863801883894
2024-10-31,0.0,0.0,0.0,0.0,0.0,0.0,0.0,0.0,0.0,15.109234675878973,15.109234675878973
2024-11-01,8.0,11.0,0.0,0.0,2.6,7.0,4.766666666666667,0.0,0.0,13.900495901808656,13.900495901808656
2024-11-02,2.0,1.0,6.0,26.5,6.5,0.0,7.0,0.0,0.0,12.788456229663964,12.788456229663964
2024-11-03,14.0,36.0,4.0,17.0,18.5,2.0,15.25,0.09844814534443595,0.7976122886701988,11.885021574591377,12.682633863261575
2024-11-04,0.0,3.0,0.0,11.0,15.5,19.0,8.083333333333334,0.0,0.0,10.934219848624068,10.934219848624068
2024-11-05,0.0,8.0,0.0,9.0,2.0,37.0,9.333333333333334,0.0,0.0,10.059482260734143,10.059482260734143
2024-11-06,0.0,0.0,0.0,0.0,1.4,0.0,0.2333333333333333,0.0,0.0,9.254723679875411,9.254723679875411
2024-11-07,1.0,0.0,0.0,0.0,0.4,0.0,0.2333333333333333,0.0,0.0,8.514345785485379,8.514345785485379
2024-11-08,0.0,54.0,23.0,2.0,0.3,0.0,13.216666666666667,0.004169921027510182,0.03378408239880935,7.838265735006369,7.872049817405179
2024-11-09,52.0,30.0,65.0,0.0,4.5,0.0,25.25,2.0710387902695593,16.779249458202447,9.728091894936227,26.507341353138674
2024-11-10,0.0,61.0,0.0,12.0,30.9,22.0,20.983333333333334,0.9558432009906355,7.744100008025982,10.111459544545227,17.855559552571208
2024-11-11,8.0,11.0,5.0,0.5,25.0,3.0,8.75,0.0,0.0,9.302542780981609,9.302542780981609
2024-11-12,3.0,0.0,80.0,10.5,51.8,38.0,30.55,3.9166871542716666,31.732419073960262,13.318202219597119,45.050621293557384
2024-11-13,3.0,0.0,0.0,0.0,2.0,43.0,8.0,0.0,0.0,12.252746042029349,12.252746042029349
2024-11-14,0.0,18.0,0.0,0.0,0.2,28.0,7.7,0.0,0.0,11.272526358667001,11.272526358667001
2024-11-15,0.0,2.0,0.0,2.5,0.0,0.0,0.75,0.0,0.0,10.370724249973641,10.370724249973641
2024-11-16,31.0,6.0,27.0,2.2,8.9,1.0,12.683333333333335,0.0,0.0,9.54106630997575,9.54106630997575
2024-11-17,39.0,66.0,33.0,4.0,19.5,56.0,36.25,6.371079839172888,51.61754499329887,16.52041275417252,68.13795774747139
2024-11-18,0.0,15.0,4.0,64.5,43.0,55.0,30.25,3.8001542257865504,30.788286551511405,19.81702271656543,50.60530926807684
2024-11-19,0.0,10.0,1.0,52.0,18.0,3.0,14.0,0.026080246913580206,0.21129829675354336,18.26335564375323,18.474653940506773
2024-11-20,24.0,11.0,12.0,54.5,19.5,2.0,20.5,0.8532959326788216,6.913277232351564,17.839278777105708,24.752556009457273
2024-11-21,19.0,0.0,0.0,50.0,11.2,19.0,16.533333333333335,0.2182343234323433,1.7681021574379667,16.677351798552948,18.445453955990914
2024-11-22,0.0,22.0,0.0,0.0,0.0,3.5,4.25,0.0,0.0,15.343163654668713,15.343163654668713
2024-11-23,0.0,13.0,0.0,5.0,17.6,2.0,6.266666666666667,0.0,0.0,14.115710562295217,14.115710562295217
2024-11-24,13.0,53.0,34.0,5.0,2.0,4.0,18.5,0.48542568542568526,3.932846988402543,13.576380765571981,17.509227753974525
2024-11-25,37.0,0.0,12.0,68.5,33.0,65.0,35.916666666666664,6.215801781023766,50.359505170331424,20.044196079875938,70.40370125020736
2024-11-26,0.0,1.0,0.0,2.5,3.0,7.5,2.3333333333333335,0.0,0.0,18.440660393485864,18.440660393485864
2024-11-27,85.0,19.0,77.0,0.0,0.0,0.0,30.166666666666668,3.768025250446,30.527982353150463,21.544604914979566,52.07258726813003
2024-11-28,100.0,44.0,74.0,29.5,34.3,41.0,53.800000000000004,16.14923518164436,130.83871096239642,39.44684316614067,170.2855541285371
2024-11-29,13.0,12.0,16.0,42.0,47.6,37.0,27.933333333333334,2.9473468811741457,23.87896778729053,39.87294088094299,63.751908668233526
2024-11-30,2.0,20.0,3.0,1.5,7.5,9.0,7.166666666666667,0.0,0.0,36.68310561046756,36.68310561046756
2024-12-01,12.0,3.0,8.0,56.0,46.0,50.0,29.166666666666668,3.3908017229401146,27.47177321826482,37.86922314436988,65.3409963626347
2024-12-02,21.0,11.0,40.0,2.0,4.5,2.0,13.416666666666666,0.007998096721169613,0.06479939473169825,34.84940520203005,34.91420459676175
2024-12-03,4.0,0.0,5.0,2.0,25.0,46.0,13.666666666666666,0.014495001723543555,0.11743635655648714,32.079068239351116,32.196504595907605
2024-12-04,0.0,6.0,0.0,0.0,1.0,0.5,1.25,0.0,0.0,29.512742780203027,29.512742780203027
2024-12-05,0.0,3.0,3.0,6.0,23.6,24.0,9.933333333333334,0.0,0.0,27.151723357786786,27.151723357786786
2024-12-06,11.0,64.0,10.0,29.0,47.6,7.0,28.099999999999998,3.0058301647655252,24.35279068675773,28.632504092177506,52.985294778935234
2024-12-07,4.0,39.0,6.0,51.5,26.6,6.0,22.183333333333334,1.2322486107939405,9.983495689302758,27.839428118198718,37.822923807501475
2024-12-08,45.0,31.0,35.0,30.5,4.0,10.0,25.916666666666668,2.27695343616482,18.447539413372386,28.37940478074868,46.82694419412107
2024-12-09,9.0,2.0,6.0,29.5,29.0,39.0,19.083333333333332,0.5830709913347639,4.723954790906652,26.817645616924782,31.541600407831435
2024-12-10,108.0,53.0,107.0,6.0,16.0,11.0,50.166666666666664,13.903114339165837,112.64097265527879,41.56837986586262,154.2093525211414
2024-12-11,3.0,0.0,13.0,56.0,55.7,81.0,34.78333333333333,5.698231093800712,46.1662241395891,45.16784309753197,91.33406723712108
2024-12-12,35.0,10.0,32.0,1.0,0.9,0.0,13.15,0.0031665363565285274,0.02565480844409686,41.55826387099603,41.583918679440124
2024-12-13,0.0,17.0,0.0,14.5,21.5,24.0,12.833333333333334,0.0002793783830976059,0.002263482270466714,38.233942283656916,38.23620576592738
2024-12-14,18.0,14.0,34.0,54.0,15.5,26.0,26.916666666666668,2.6006469368789764,21.07005620156578,38.33573533119923,59.40579153276501
2024-12-15,58.0,91.0,52.0,18.0,15.6,25.5,43.35,9.977934147636748,80.83974425168661,47.39483814245629,128.2345823941429
2024-12-16,18.0,5.0,18.0,111.5,81.5,83.0,52.833333333333336,15.54214645652407,125.92016805054223,62.491276298641125,188.41144434918334
2024-12-17,57.0,55.0,57.0,4.5,11.5,37.0,37.0,6.725398633257402,54.4881833712984,65.6652017004446,120.153385071743
2024-12-18,0.0,12.0,0.0,71.0,35.0,47.0,27.5,2.797445721583652,22.66449079986755,63.811659184389164,86.47614998425672
2024-12-19,19.0,0.0,24.0,7.5,5.5,0.0,9.333333333333334,0.0,0.0,58.70672644963803,58.70672644963803
2024-12-20,1.0,0.0,0.0,0.0,0.0,0.5,0.25,0.0,0.0,54.010188333666996,54.010188333666996
2024-12-21,46.0,21.0,44.0,0.0,0.0,1.5,18.75,0.5262760603882097,4.263810674441514,50.328944868139864,54.59275554258138
2024-12-22,0.0,56.0,1.0,7.0,2.4,3.0,11.566666666666668,0.0,0.0,46.30262927868868,46.30262927868868
2024-12-23,36.0,11.0,73.0,5.5,40.5,1.0,27.833333333333332,2.9124770382930616,23.596457486170635,46.13788755931918,69.73434504548982
2024-12-24,74.0,13.0,80.0,7.2,6.0,31.0,35.199999999999996,5.886627906976741,47.692587209302296,49.600744635968994,97.2933318452713
2024-12-25,10.0,14.0,28.0,18.5,60.0,15.5,24.333333333333332,1.8012570245489494,14.59351756000306,47.82171269909194,62.415230259095
2024-12-26,7.0,13.0,4.0,3.5,0.4,5.5,5.566666666666666,0.0,0.0,43.99597568316459,43.99597568316459
2024-12-27,0.0,0.0,0.0,6.0,5.5,5.0,2.75,0.0,0.0,40.476297628511425,40.476297628511425
2024-12-28,38.0,11.0,41.0,2.0,4.0,0.0,16.0,0.1630239520958083,1.320795908183632,37.43631320445806,38.75710911264169
2024-12-29,12.0,7.0,10.0,20.5,10.5,24.0,14.0,0.026080246913580206,0.21129829675354336,34.47310289261445,34.68440118936799
2024-12-30,0.0,0.0,0.0,0.0,0.0,0.0,0.0,0.0,0.0,31.715254661205293,31.715254661205293
2024-12-31,0.0,0.0,0.0,0.0,0.0,0.0,0.0,0.0,0.0,29.178034288308872,29.178034288308872
